accidentDate,accidentTime,accidentDay,settlementType,settlement,district,streetType,streetName,houseNumber,locationComments,accidentType,mainAccidentCause,totalParticipantsAmount,injuryStatusParticipant1,injuryStatusParticipant2,injuryStatusParticipant3,injuryStatusParticipant4,injuryStatusParticipant5,injuryStatusParticipant6,injuryStatusParticipant7,injuryStatusParticipant8,injuryStatusParticipant9,latitude,longitude,injuryStatusParticipant10,injuryStatusParticipant11,injuryStatusParticipant12,injuryStatusParticipant13,injuryStatusParticipant14,injuryStatusParticipant15,injuryStatusParticipant16,injuryStatusParticipant17,injuryStatusParticipant18,injuryStatusParticipant19,injuryStatusParticipant20
2017-09-11,13:30:00,понеділок,місто,Львів,Галицький,проспект,"Свободи, просп.",41,,наїзд на пішохода - пішохід рухався у зустрічному напрямку,,2,без ушкоджень,легко травмований,,,,,,,,49.844203,24.025737,,,,,,,,,,,
2017-09-11,19:30:00,понеділок,місто,Львів,Галицький,вулиця,Городоцька,,,наїзд на пішохода - пішохід рухався у зустрічному напрямку,,2,без ушкоджень,легко травмований,,,,,,,,49.844196,24.024659,,,,,,,,,,,
2017-09-11,18:05:00,понеділок,місто,Львів,Галицький,проспект,"Чорновола В., просп.",4,,наїзд на пішохода - пішохід рухався у зустрічному напрямку,,3,легко травмований,легко травмований,тяжко травмований,,,,,,,49.848233,24.025818,,,,,,,,,,,
2017-09-15,0:03:00,п'ятниця,місто,Львів,Личаківський,вулиця,Пасічна,,Перехрестя вул. Пасічна - вул. Лисинецька,наїзд на пішохода - пішохід рухався у зустрічному напрямку,,2,легко травмований,легко травмований,,,,,,,,49.81652,24.077423,,,,,,,,,,,
2017-08-10,11:01:00,четвер,місто,Львів,Залізничний,вулиця,Городоцька,112,,падіння пасажира,,2,без ушкоджень,тяжко травмований,,,,,,,,49.835979,23.997209,,,,,,,,,,,
2017-08-10,22:27:00,четвер,місто,Львів,Залізничний,вулиця,Сяйво,117,,"наїзд на транспортний засіб, що стоїть - по ходу руху",перевищення безпечної швидкості,3,легко травмований,без ушкоджень,без ушкоджень,,,,,,,49.844424,23.97897,,,,,,,,,,,
2017-08-13,10:01:00,неділя,місто,Львів,Шевченківський,вулиця,Грінченка Б.,,,наїзд на пішохода - пішохід рухався у зустрічному напрямку,,2,без ушкоджень,тяжко травмований,,,,,,,,49.871932,24.052312,,,,,,,,,,,
2017-08-16,17:52:00,середа,місто,Львів,Франківський,вулиця,Княгині Ольги,112,,наїзд на пішохода - пішохід рухався у зустрічному напрямку,,2,без ушкоджень,тяжко травмований,,,,,,,,49.808482,23.996147,,,,,,,,,,,
2017-08-26,18:35:00,субота,місто,Львів,Шевченківський,вулиця,Липинського В.,,"Перехрестя вул. Липинського В., - вул. Промислова",зіткнення з задньою частиною ТЗ,порушення правил маневрування,3,без ушкоджень,без ушкоджень,легко травмований,,,,,,,49.86529,24.045601,,,,,,,,,,,
2017-09-01,9:05:00,п'ятниця,місто,Львів,Франківський,вулиця,Рубчака І.,2,,зіткнення з задньою частиною ТЗ,"перевищення безпечної швидкості, недодержання дистанції",2,легко травмований,без ушкоджень,,,,,,,,49.805617,24.016224,,,,,,,,,,,
2017-09-18,19:57:00,понеділок,місто,Львів,Франківський,вулиця,Княгині Ольги,,Перехрестя вул. Княгині Ольги - вул. Наукова,наїзд на велосипедиста - поза межами велосипедної доріжки,порушення правил маневрування,2,без ушкоджень,легко травмований,,,,,,,,49.804113,23.997287,,,,,,,,,,,
2017-09-01,15:45:00,п'ятниця,місто,Львів,Личаківський,вулиця,Хмельницького Б.,267,,зіткнення з задньою частиною ТЗ,,2,легко травмований,без ушкоджень,,,,,,,,49.871258,24.058363,,,,,,,,,,,
2017-09-15,3:30:00,п'ятниця,місто,Львів,Галицький,проспект,"Чорновола В., просп.",2,,наїзд на пішохода - пішохід рухався у зустрічному напрямку,,3,без ушкоджень,легко травмований,легко травмований,,,,,,,49.84668,24.025608,,,,,,,,,,,
2017-09-15,20:50:00,п'ятниця,місто,Львів,Франківський,вулиця,Наукова,30,,наїзд на велосипедиста - поза межами велосипедної доріжки,порушення правил маневрування,2,без ушкоджень,легко травмований,,,,,,,,49.803808,24.000428,,,,,,,,,,,
2017-08-11,15:30:00,п'ятниця,місто,Львів,Залізничний,вулиця,Виговського І.,49,,наїзд на пішохода - пішохід рухався у зустрічному напрямку,,2,без ушкоджень,легко травмований,,,,,,,,49.815655,23.973396,,,,,,,,,,,
2017-08-30,23:15:00,середа,місто,Львів,Шевченківський,вулиця,Величковського І.,,,зіткнення бокове,перевищення безпечної швидкості,4,без ушкоджень,без ушкоджень,легко травмований,легко травмований,,,,,,49.874276,23.928705,,,,,,,,,,,
2017-09-01,14:51:00,п'ятниця,місто,Львів,Франківський,вулиця,Наукова,64,,наїзд на пішохода - пішохід рухався у зустрічному напрямку,,2,тяжко травмований,без ушкоджень,,,,,,,,49.804549,23.9931,,,,,,,,,,,
2017-09-04,14:03:00,понеділок,місто,Львів,Сихівський,проспект,"Червоної Калини, просп.",35,,зіткнення з задньою частиною ТЗ,"перевищення безпечної швидкості, недодержання дистанції",2,без ушкоджень,легко травмований,,,,,,,,49.799322,24.048255,,,,,,,,,,,
2017-07-21,21:36:00,п'ятниця,місто,Львів,Галицький,вулиця,Городоцька,115,,наїзд на пішохода - на нерегульованому пішохідному переході,,2,без ушкоджень,легко травмований,,,,,,,,49.838052,24.006688,,,,,,,,,,,
2017-09-14,23:55:00,четвер,місто,Львів,Франківський,вулиця,Стрийська,,Перехрестя вул. Стрийська - вул. Наукова,наїзд на пішохода - пішохід рухався у зустрічному напрямку,,2,легко травмований,помер на місці дтп,,,,,,,,49.801849,24.017948,,,,,,,,,,,
2017-09-18,17:09:00,понеділок,місто,Львів,Галицький,вулиця,Бандери С.,,"Перехрестя вул. Бандери С., - вул. Вербицького М.",зіткнення лобове,порушення правил проїзду перехресть,3,легко травмований,легко травмований,легко травмований,,,,,,,49.834699,24.017095,,,,,,,,,,,
2017-08-29,15:53:00,вівторок,місто,Львів,Галицький,проспект,"Чорновола В., просп.",7,,падіння пасажира,,2,без ушкоджень,тяжко травмований,,,,,,,,49.846552,24.025614,,,,,,,,,,,
2017-08-23,11:15:00,середа,місто,Львів,Залізничний,вулиця,Виговського І.,100,,зіткнення бокове,,4,без ушкоджень,без ушкоджень,легко травмований,тяжко травмований,,,,,,49.813145,23.977704,,,,,,,,,,,
2017-09-04,11:15:00,понеділок,місто,Львів,Шевченківський,вулиця,Шевченка Т.,386,,зіткнення з задньою частиною ТЗ,недодержання дистанції,2,легко травмований,без ушкоджень,,,,,,,,49.871063,23.94509,,,,,,,,,,,
2017-08-09,10:02:00,середа,місто,Львів,Сихівський,вулиця,Хоткевича Г.,24,,наїзд на інші види перешкод,перевищення безпечної швидкості,2,легко травмований,легко травмований,,,,,,,,49.794858,24.046803,,,,,,,,,,,
2017-08-10,13:50:00,четвер,місто,Львів,Личаківський,вулиця,Туган-Барановського М.,36,,наїзд на пішохода - пішохід рухався у зустрічному напрямку,,2,без ушкоджень,тяжко травмований,,,,,,,,49.836003,24.041015,,,,,,,,,,,
2017-08-14,17:35:00,понеділок,місто,Львів,Залізничний,вулиця,Широка,17,,зіткнення бокове,,2,без ушкоджень,легко травмований,,,,,,,,49.842546,23.977232,,,,,,,,,,,
2017-08-10,9:01:00,четвер,місто,Львів,Шевченківський,вулиця,Шевченка Т.,20,,наїзд на пішохода - пішохід рухався у зустрічному напрямку,порушення правил проїзду пішохідних переходів,3,без ушкоджень,легко травмований,легко травмований,,,,,,,49.842933,24.015952,,,,,,,,,,,
2017-09-04,8:45:00,понеділок,місто,Львів,Франківський,вулиця,Тролейбусна,6,,наїзд на пішохода - пішохід рухався у зустрічному напрямку,перехід у невстановленому місці,2,без ушкоджень,легко травмований,,,,,,,,49.807132,24.007369,,,,,,,,,,,
2017-08-08,22:30:00,вівторок,місто,Львів,Франківський,вулиця,Володимира Великого,,,зіткнення з задньою частиною ТЗ,"перевищення безпечної швидкості, порушення правил маневрування, недодержання дистанції",3,без ушкоджень,без ушкоджень,легко травмований,,,,,,,49.809029,24.011682,,,,,,,,,,,
2017-09-06,13:58:00,середа,місто,Львів,Сихівський,вулиця,Луганська,,"Перехрестя вул. Луганська - вул. Буйка П., проф.",зіткнення лобове,порушення правил маневрування,2,без ушкоджень,легко травмований,,,,,,,,49.809812,24.031193,,,,,,,,,,,
2017-09-10,0:56:00,неділя,місто,Львів,Галицький,вулиця,Городоцька,,Перехрестя вул. Городоцька - вул. Менцинського М.,зіткнення бокове,,3,без ушкоджень,легко травмований,тяжко травмований,,,,,,,49.843141,24.022062,,,,,,,,,,,
2017-10-10,14:20:00,вівторок,місто,Львів,Залізничний,вулиця,Суботівська,8,,наїзд на пішохода - пішохід рухався у зустрічному напрямку,порушення правил проїзду пішохідних переходів,2,без ушкоджень,легко травмований,,,,,,,,49.846136,23.966546,,,,,,,,,,,
2017-10-12,20:55:00,четвер,місто,Львів,Галицький,вулиця,Бенедиктовича Ю.,,,наїзд на пішохода - пішохід рухався у зустрічному напрямку,"порушення правил маневрування, порушення правил проїзду пішохідних переходів",2,без ушкоджень,легко травмований,,,,,,,,49.842093,24.015625,,,,,,,,,,,
2017-10-04,12:10:00,середа,місто,Львів,Шевченківський,вулиця,Замарстинівська,,"Перехрестя вул. Замарстинівська - вул. Мазепи І., гетьм.",зіткнення з задньою частиною ТЗ,"перевищення безпечної швидкості, недодержання дистанції",4,легко травмований,легко травмований,без ушкоджень,без ушкоджень,,,,,,49.869166,24.023023,,,,,,,,,,,
2017-09-29,14:50:00,п'ятниця,місто,Львів,Шевченківський,вулиця,Шевченка Т.,,"Перехрестя вул. Шевченка Т., - вул. Величковського І.",наїзд на пішохода - стояв на проїздній частині,,2,без ушкоджень,легко травмований,,,,,,,,49.872796,23.928512,,,,,,,,,,,
2017-10-01,7:56:00,неділя,місто,Львів,Галицький,вулиця,Стрийська,30,,зіткнення з задньою частиною ТЗ,недодержання дистанції,2,без ушкоджень,легко травмований,,,,,,,,49.827242,24.028886,,,,,,,,,,,
2017-09-20,20:01:00,середа,місто,Львів,Залізничний,вулиця,Кульпарківська,226,,зіткнення з задньою частиною ТЗ,порушення правил маневрування,3,без ушкоджень,легко травмований,легко травмований,,,,,,,49.804729,23.980982,,,,,,,,,,,
2017-10-04,10:30:00,середа,місто,Львів,Франківський,вулиця,Окружна,,Перехрестя вул. Окружна - вул. Сулими І.,зіткнення бокове,порушення правил проїзду перехресть,5,легко травмований,легко травмований,легко травмований,легко травмований,легко травмований,,,,,49.829727,23.979673,,,,,,,,,,,
2017-10-04,12:53:00,середа,місто,Львів,Шевченківський,вулиця,Липинського В.,,"Перехрестя вул. Липинського В., - вул. Промислова",зіткнення лобове,порушення правил маневрування,2,без ушкоджень,легко травмований,,,,,,,,49.865321,24.045596,,,,,,,,,,,
2017-10-06,15:25:00,п'ятниця,місто,Львів,Личаківський,вулиця,Мечникова І.,12,,зіткнення бокове,порушення правил проїзду перехресть,2,без ушкоджень,легко травмований,,,,,,,,49.834979,24.052806,,,,,,,,,,,
2017-09-22,15:59:00,п'ятниця,місто,Львів,Залізничний,вулиця,Широка,,вул. Повітряна,падіння пасажира,,2,без ушкоджень,легко травмований,,,,,,,,49.841747,23.967619,,,,,,,,,,,
2017-10-03,18:10:00,вівторок,місто,Львів,Франківський,вулиця,Стрийська,,,зіткнення бокове,перевищення безпечної швидкості,3,без ушкоджень,без ушкоджень,легко травмований,,,,,,,49.820722,24.020448,,,,,,,,,,,
2017-10-09,16:49:00,понеділок,місто,Львів,Шевченківський,вулиця,"Мазепи І., гетьм.",23,,наїзд на пішохода - стояв на проїздній частині,порушення правил проїзду пішохідних переходів,2,без ушкоджень,тяжко травмований,,,,,,,,49.871603,24.038365,,,,,,,,,,,
2017-10-08,23:10:00,неділя,місто,Львів,Шевченківський,вулиця,Шевченка Т.,418,,зіткнення бокове,,4,легко травмований,легко травмований,легко травмований,легко травмований,,,,,,49.871496,23.942213,,,,,,,,,,,
2017-09-19,19:45:00,вівторок,місто,Львів,Шевченківський,вулиця,Шевченка Т.,297,,наїзд на пішохода - пішохід рухався у зустрічному напрямку,порушення правил проїзду пішохідних переходів,3,без ушкоджень,легко травмований,легко травмований,,,,,,,49.866358,23.956633,,,,,,,,,,,
2017-10-06,15:45:00,п'ятниця,місто,Львів,Личаківський,вулиця,Мечникова І.,16А,,наїзд на пішохода - стояв на проїздній частині,порушення правил маневрування,2,без ушкоджень,легко травмований,,,,,,,,49.831703,24.049383,,,,,,,,,,,
2017-10-21,18:35:00,субота,місто,Львів,Залізничний,вулиця,Кульпарківська,230,,зіткнення з задньою частиною ТЗ,перевищення безпечної швидкості,3,легко травмований,легко травмований,легко травмований,,,,,,,49.802832,23.980687,,,,,,,,,,,
2017-09-24,22:23:00,неділя,місто,Львів,Сихівський,проспект,"Червоної Калини, просп.",109,,наїзд на пішохода - стояв на проїздній частині,,2,легко травмований,легко травмований,,,,,,,,49.785407,24.059308,,,,,,,,,,,
2017-10-14,13:30:00,субота,місто,Львів,Шевченківський,вулиця,Хмельницького Б.,188Б,,наїзд на пішохода - пішохід рухався у зустрічному напрямку,,3,без ушкоджень,тяжко травмований,легко травмований,,,,,,,49.862852,24.051433,,,,,,,,,,,
2017-09-24,12:54:00,неділя,місто,Львів,Сихівський,вулиця,Полуботка П.,11,,наїзд на пішохода - стояв на проїздній частині,,3,без ушкоджень,помер на місці дтп,помер на місці дтп,,,,,,,49.793535,24.068862,,,,,,,,,,,
2017-09-19,13:10:00,вівторок,місто,Львів,Галицький,вулиця,Зелена,93,,наїзд на пішохода - пішохід рухався у зустрічному напрямку,порушення правил проїзду пішохідних переходів,3,без ушкоджень,легко травмований,легко травмований,,,,,,,49.82591,24.04537,,,,,,,,,,,
2017-09-20,8:44:00,середа,місто,Львів,Шевченківський,вулиця,Шевченка Т.,,,зіткнення лобове,порушення правил проїзду перехресть,5,без ушкоджень,без ушкоджень,легко травмований,легко травмований,легко травмований,,,,,49.861199,23.96764,,,,,,,,,,,
2017-10-17,13:01:00,вівторок,місто,Львів,Шевченківський,вулиця,Тунельна,18,,зіткнення з задньою частиною ТЗ,недодержання дистанції,2,без ушкоджень,легко травмований,,,,,,,,49.862928,24.004505,,,,,,,,,,,
2017-10-17,11:01:00,вівторок,місто,Львів,Галицький,вулиця,Гуцульська,9,,зіткнення з задньою частиною ТЗ,недодержання дистанції,2,легко травмований,без ушкоджень,,,,,,,,49.84375,24.038483,,,,,,,,,,,
2017-10-17,18:01:00,вівторок,місто,Львів,Франківський,вулиця,Федьковича Ю.,26,,наїзд на пішохода - пішохід рухався у зустрічному напрямку,,2,без ушкоджень,легко травмований,,,,,,,,49.834858,24.00208,,,,,,,,,,,
2017-09-24,19:15:00,неділя,місто,Львів,Личаківський,вулиця,Пасічна,58,,наїзд на пішохода - пішохід переходив дорогу поза межами пішохідного переходу,,2,без ушкоджень,легко травмований,,,,,,,,49.82882,24.069382,,,,,,,,,,,
2017-09-21,17:59:00,четвер,місто,Львів,Галицький,вулиця,Бандери С.,,вул. Вербицького М.,зіткнення бокове,,3,без ушкоджень,без ушкоджень,легко травмований,,,,,,,49.834699,24.01709,,,,,,,,,,,
2017-10-27,2:20:00,п'ятниця,місто,Львів,Галицький,проспект,"Чорновола В., просп.",7,,наїзд на пішохода - стояв на проїздній частині,,2,без ушкоджень,легко травмований,,,,,,,,49.846185,24.025351,,,,,,,,,,,
2017-10-28,23:13:00,субота,місто,Львів,Галицький,вулиця,Стрийська,12,Навпроти АЗС ВОГ,наїзд на пішохода - стояв на проїздній частині,,2,без ушкоджень,помер на місці дтп,,,,,,,,49.82846,24.03138,,,,,,,,,,,
2017-09-30,14:51:00,субота,місто,Львів,Франківський,вулиця,Княгині Ольги,24,,зіткнення бокове,порушення правил маневрування,3,без ушкоджень,без ушкоджень,легко травмований,,,,,,,49.825588,24.008807,,,,,,,,,,,
2017-09-05,17:46:00,вівторок,місто,Львів,Галицький,вулиця,Городоцька,87,,зіткнення з задньою частиною ТЗ,,5,легко травмований,легко травмований,без ушкоджень,без ушкоджень,легко травмований,,,,,49.839304,24.009891,,,,,,,,,,,
2017-09-19,8:45:00,вівторок,місто,Львів,Сихівський,вулиця,Хуторівка,20,,наїзд на пішохода - пішохід переходив дорогу поза межами пішохідного переходу,,2,без ушкоджень,легко травмований,,,,,,,,49.800014,24.033,,,,,,,,,,,
2017-10-11,20:16:00,середа,місто,Львів,Франківський,вулиця,Тролейбусна,7,,зіткнення лобове,"порушення правил маневрування, виїзд на смугу зустрічного руху",2,легко травмований,легко травмований,,,,,,,,49.805359,24.006945,,,,,,,,,,,
2017-10-21,19:50:00,субота,місто,Львів,Личаківський,вулиця,Личаківська,3,,наїзд на пішохода - пішохід рухався у зустрічному напрямку,порушення правил проїзду пішохідних переходів,2,без ушкоджень,легко травмований,,,,,,,,49.839782,24.037362,,,,,,,,,,,
2017-09-30,20:03:00,субота,місто,Львів,Личаківський,вулиця,Личаківська,63,,наїзд на пішохода - стояв на проїздній частині,перевищення безпечної швидкості,3,без ушкоджень,без ушкоджень,легко травмований,,,,,,,49.840024,24.049008,,,,,,,,,,,
2017-10-16,8:01:00,понеділок,місто,Львів,Франківський,вулиця,"Сахарова А., акад.",12,,зіткнення лобове,порушення правил маневрування,2,без ушкоджень,легко травмований,,,,,,,,49.831197,24.015958,,,,,,,,,,,
2017-10-17,15:46:00,вівторок,місто,Львів,Залізничний,вулиця,Петлюри С.,,"Перехрестя вул. Петлюри С., - вул. Садова",наїзд на пішохода - пішохід рухався у зустрічному напрямку,недодержання дистанції,2,без ушкоджень,легко травмований,,,,,,,,49.822895,23.978616,,,,,,,,,,,
2017-09-20,17:01:00,середа,місто,Львів,Шевченківський,вулиця,Миколайчука І.,,"Перехрестя вул. Миколайчука І., - вул. Мазепи І., гетьм.",зіткнення бокове,невиконання вимог сигналів регулювання,5,легко травмований,легко травмований,без ушкоджень,без ушкоджень,легко травмований,,,,,49.872198,24.0422,,,,,,,,,,,
2017-10-23,19:50:00,понеділок,місто,Львів,Шевченківський,вулиця,Липинського В.,58,,зіткнення з задньою частиною ТЗ,"перевищення безпечної швидкості, недодержання дистанції",7,без ушкоджень,тяжко травмований,без ушкоджень,без ушкоджень,без ушкоджень,легко травмований,легко травмований,,,49.865241,24.048536,,,,,,,,,,,
2017-10-16,13:13:00,понеділок,місто,Львів,Франківський,вулиця,Володимира Великого,14,,наїзд на велосипедиста - поза межами велосипедної доріжки,,2,без ушкоджень,тяжко травмований,,,,,,,,49.810092,24.004768,,,,,,,,,,,
2017-10-28,1:20:00,субота,місто,Львів,Шевченківський,вулиця,Липинського В.,6,,перекидання ТЗ,,2,помер на місці дтп,тяжко травмований,,,,,,,,49.856274,24.019933,,,,,,,,,,,
2017-10-23,21:24:00,понеділок,місто,Львів,Шевченківський,вулиця,Грінченка Б.,4Б,,зіткнення бокове,,2,легко травмований,без ушкоджень,,,,,,,,49.871821,24.052629,,,,,,,,,,,
2017-10-21,22:20:00,субота,місто,Львів,Шевченківський,вулиця,Розточчя,,Перехрестя вул. Розточчя - вул. Миколайчука І.,"наїзд на транспортний засіб, що стоїть - по ходу руху","керування транспортним засобом у нетверезому стані, перевищення безпечної швидкості, порушення правил маневрування, недодержання дистанції",3,без ушкоджень,без ушкоджень,легко травмований,,,,,,,49.877712,24.042774,,,,,,,,,,,
2017-09-22,21:01:00,п'ятниця,місто,Львів,Галицький,вулиця,Франка І.,73,,наїзд на пішохода - на нерегульованому пішохідному переході,,2,без ушкоджень,легко травмований,,,,,,,,49.830166,24.031724,,,,,,,,,,,
2017-10-05,14:30:00,четвер,місто,Львів,Франківський,вулиця,Володимира Великого,52,,зіткнення з задньою частиною ТЗ,"перевищення безпечної швидкості, недодержання дистанції",4,легко травмований,без ушкоджень,без ушкоджень,без ушкоджень,,,,,,49.811615,23.988017,,,,,,,,,,,
2017-10-06,7:55:00,п'ятниця,місто,Львів,Франківський,вулиця,Кульпарківська,122,,наїзд на пішохода - стояв на проїздній частині,,3,без ушкоджень,без ушкоджень,легко травмований,,,,,,,49.81885,23.987736,,,,,,,,,,,
2017-10-15,16:03:00,неділя,місто,Львів,Галицький,вулиця,Дорошенка П.,,"Перехрестя вул. Дорошенка П., - вул. Словацького Ю.",зіткнення з задньою частиною ТЗ,перевищення безпечної швидкості,2,без ушкоджень,легко травмований,,,,,,,,49.838149,24.023516,,,,,,,,,,,
2017-10-07,12:20:00,субота,місто,Львів,Личаківський,вулиця,Богданівська,131,,зіткнення бокове,перевищення безпечної швидкості,2,без ушкоджень,легко травмований,,,,,,,,49.850644,24.079338,,,,,,,,,,,
2017-09-30,17:15:00,субота,місто,Львів,Шевченківський,проспект,"Чорновола В., просп.",93,,зіткнення з задньою частиною ТЗ,"перевищення безпечної швидкості, недодержання дистанції",3,без ушкоджень,без ушкоджень,легко травмований,,,,,,,49.862631,24.018281,,,,,,,,,,,
2017-10-06,7:01:00,п'ятниця,місто,Львів,Залізничний,вулиця,Городоцька,278,,наїзд на пішохода - стояв на проїздній частині,,2,без ушкоджень,легко травмований,,,,,,,,49.823892,23.931484,,,,,,,,,,,
2017-10-19,16:10:00,четвер,місто,Львів,Залізничний,вулиця,Патона Є.,,"Перехрестя вул. Патона Є., - вул. Ряшівська",зіткнення лобове,порушення правил маневрування,2,легко травмований,без ушкоджень,,,,,,,,49.823546,23.956332,,,,,,,,,,,
2017-09-29,15:20:00,п'ятниця,місто,Львів,Шевченківський,вулиця,Шевченка Т.,,Міст,наїзд на пішохода - пішохід переходив дорогу поза межами пішохідного переходу,,2,без ушкоджень,легко травмований,,,,,,,,49.871932,23.939466,,,,,,,,,,,
2017-09-29,15:15:00,п'ятниця,місто,Львів,Залізничний,вулиця,Петлюри С.,,"Перехрестя вул. Петлюри С., - вул. Садова",наїзд на пішохода - стояв на проїздній частині,,2,без ушкоджень,легко травмований,,,,,,,,49.82248,23.979163,,,,,,,,,,,
2017-09-29,22:20:00,п'ятниця,місто,Львів,Залізничний,вулиця,Повітряна,1Б,,наїзд на інші види перешкод,,1,тяжко травмований,,,,,,,,,49.846299,23.985204,,,,,,,,,,,
2017-09-28,6:40:00,четвер,місто,Львів,Франківський,вулиця,Стрийська,,Перехрестя вул. Стрийська - вул. Наукова,наїзд на пішохода - стояв на проїздній частині,"перевищення безпечної швидкості, порушення правил проїзду пішохідних переходів, порушення правил маневрування",2,без ушкоджень,легко травмований,,,,,,,,49.801863,24.018044,,,,,,,,,,,
2017-09-27,10:20:00,середа,місто,Львів,Личаківський,вулиця,Левицького К.,48,,зіткнення лобове,"перевищення безпечної швидкості, недодержання дистанції",2,без ушкоджень,легко травмований,,,,,,,,49.833831,24.04087,,,,,,,,,,,
2017-09-19,22:40:00,вівторок,місто,Львів,Франківський,вулиця,Героїв Упа,,Перехрестя вул. Героїв УПА - вул. Кульпарківська,наїзд на пішохода - пішохід рухався у зустрічному напрямку,,2,без ушкоджень,легко травмований,,,,,,,,49.828052,23.990139,,,,,,,,,,,
2017-10-06,6:20:00,п'ятниця,місто,Львів,Личаківський,вулиця,Водогінна,,Перехрестя вул. Водогіння - вул. Зелена,зіткнення лобове,порушення правил маневрування,3,без ушкоджень,без ушкоджень,легко травмований,,,,,,,49.828585,24.044867,,,,,,,,,,,
2017-10-10,3:12:00,вівторок,місто,Львів,Сихівський,проспект,"Червоної Калини, просп.",76А,,зіткнення лобове,порушення правил проїзду перехресть,3,без ушкоджень,легко травмований,легко травмований,,,,,,,49.788732,24.058744,,,,,,,,,,,
2017-10-08,23:20:00,неділя,місто,Львів,Галицький,проспект,"Чорновола В., просп.",,"Перехрестя Чорновола В., просп., - вул. Під Дубом",наїзд на пішохода - стояв на проїздній частині,"порушення правил проїзду пішохідних переходів, порушення правил проїзду зупинок громадського транспорту",2,без ушкоджень,легко травмований,,,,,,,,49.850478,24.024466,,,,,,,,,,,
2017-10-11,20:01:00,середа,місто,Львів,Залізничний,вулиця,Садова,,Перехрестя вул. Садова - вул. Кульпарківська,зіткнення бокове,"порушення правил маневрування, виїзд на смугу зустрічного руху",5,без ушкоджень,легко травмований,легко травмований,легко травмований,легко травмований,,,,,49.821407,23.988621,,,,,,,,,,,
2017-09-13,9:23:00,середа,місто,Львів,Сихівський,вулиця,Пимоненка М.,5,,наїзд на пішохода - стояв на проїздній частині,,2,без ушкоджень,легко травмований,,,,,,,,49.809182,24.06671,,,,,,,,,,,
2017-10-23,7:39:00,понеділок,місто,Львів,Личаківський,вулиця,Хмельницького Б.,289,,наїзд на пішохода - пішохід рухався у зустрічному напрямку,,2,без ушкоджень,тяжко травмований,,,,,,,,49.874877,24.061625,,,,,,,,,,,
2017-10-16,11:22:00,понеділок,місто,Львів,Галицький,вулиця,"Данила Галицького, пл.",6,,наїзд на пішохода - пішохід рухався у зустрічному напрямку,невиконання вимог сигналів регулювання,2,без ушкоджень,легко травмований,,,,,,,,49.84441,24.033151,,,,,,,,,,,
2017-09-21,0:40:00,четвер,місто,Львів,Франківський,вулиця,Княгині Ольги,,"Перехрестя вул. Княгині Ольги - вул. Сахарова А., акад.",наїзд на велосипедиста - поза межами велосипедної доріжки,"перевищення безпечної швидкості, порушення правил маневрування",2,без ушкоджень,легко травмований,,,,,,,,49.826135,24.009976,,,,,,,,,,,
2017-10-28,20:01:00,субота,місто,Львів,Сихівський,вулиця,Зелена,,Перехрестя вул. Зелена - вул. Сихівська,зіткнення з задньою частиною ТЗ,порушення правил маневрування,2,легко травмований,без ушкоджень,,,,,,,,49.798511,24.070938,,,,,,,,,,,
2017-09-30,13:25:00,субота,місто,Львів,Сихівський,проспект,"Червоної Калини, просп.",68,,наїзд на пішохода - стояв на проїздній частині,,2,без ушкоджень,легко травмований,,,,,,,,49.790976,24.055713,,,,,,,,,,,
2017-09-24,22:49:00,неділя,місто,Львів,Шевченківський,вулиця,Хмельницького Б.,,вул. Грінченка Б.,зіткнення з задньою частиною ТЗ,,2,без ушкоджень,легко травмований,,,,,,,,49.86994,24.057097,,,,,,,,,,,
2017-10-02,22:25:00,понеділок,місто,Львів,Шевченківський,вулиця,Орлика П.,,"Перехрестя вул. Орлика П., - вул. Мазепи І., гетьм.",зіткнення з задньою частиною ТЗ,порушення правил маневрування,3,без ушкоджень,без ушкоджень,легко травмований,,,,,,,49.870699,24.033313,,,,,,,,,,,
2017-10-16,21:11:00,понеділок,місто,Львів,Личаківський,вулиця,Глинянський Тракт,163,,наїзд на пішохода - пішохід рухався у зустрічному напрямку,"перехід у невстановленому місці, неочікуваний вихід на проїзну частину, пішохід у нетверезому стані",2,без ушкоджень,легко травмований,,,,,,,,49.842155,24.102497,,,,,,,,,,,
2017-09-20,16:01:00,середа,місто,Львів,Шевченківський,вулиця,Шевченка Т.,200,,наїзд на пішохода - пішохід рухався у зустрічному напрямку,,2,без ушкоджень,помер по дорозі в лікарню,,,,,,,,49.858623,23.973895,,,,,,,,,,,
2017-09-19,10:26:00,вівторок,місто,Львів,Сихівський,вулиця,Хуторівка,,,наїзд на пішохода - пішохід рухався у зустрічному напрямку,,2,без ушкоджень,легко травмований,,,,,,,,49.799951,24.033977,,,,,,,,,,,
2017-09-26,19:16:00,вівторок,місто,Львів,Франківський,вулиця,Володимира Великого,1,,наїзд на пішохода - стояв на проїздній частині,,2,легко травмований,без ушкоджень,,,,,,,,49.808202,24.01798,,,,,,,,,,,
2017-09-24,22:20:00,неділя,місто,Львів,Галицький,проспект,"Шевченка Т., просп.",,Біля пам'ятника М. Грушевського,наїзд на пішохода - стояв на проїздній частині,,2,без ушкоджень,легко травмований,,,,,,,,49.836765,24.031552,,,,,,,,,,,
2017-09-20,10:20:00,середа,місто,Львів,Франківський,вулиця,Мельника А.,,"Перехрестя вул. Мельника А., - вул. Єфремова С., акад.",зіткнення бокове,порушення правил проїзду перехресть,2,легко травмований,без ушкоджень,,,,,,,,49.830376,24.004405,,,,,,,,,,,