accidentDate,accidentTime,accidentDay,settlementType,settlement,district,streetType,streetName,houseNumber,locationComments,accidentType,mainAccidentCause,totalParticipantsAmount,injuryStatusParticipant1,injuryStatusParticipant2,injuryStatusParticipant3,injuryStatusParticipant4,injuryStatusParticipant5,injuryStatusParticipant6,injuryStatusParticipant7,injuryStatusParticipant8,injuryStatusParticipant9,latitude,longitude,injuryStatusParticipant10,injuryStatusParticipant11,injuryStatusParticipant12,injuryStatusParticipant13,injuryStatusParticipant14,injuryStatusParticipant15,injuryStatusParticipant16,injuryStatusParticipant17,injuryStatusParticipant18,injuryStatusParticipant19,injuryStatusParticipant20
2017-10-06,19:55:00,п'ятниця,місто,Львів,Галицький,вулиця,Вітовського Д.,17,,наїзд на пішохода - стояв на проїздній частині,перехід у невстановленому місці,3,без ушкоджень,без ушкоджень,легко травмований,,,,,,,49.829702,24.028687,,,,,,,,,,,
2017-10-27,12:56:00,п'ятниця,місто,Львів,Личаківський,вулиця,Руставелі Ш.,2,,падіння пасажира,,2,без ушкоджень,легко травмований,,,,,,,,49.833976,24.035393,,,,,,,,,,,
2017-10-21,18:31:00,субота,місто,Львів,Галицький,вулиця,Дорошенка П.,8,,наїзд на пішохода - пішохід рухався у зустрічному напрямку,,2,без ушкоджень,тяжко травмований,,,,,,,,49.839833,24.026483,,,,,,,,,,,
2017-10-03,21:45:00,вівторок,місто,Львів,Личаківський,вулиця,Пасічна,,Перехрестя вул. Пасічна - вул. Медової Печери,зіткнення бокове,,2,легко травмований,без ушкоджень,,,,,,,,49.826737,24.072171,,,,,,,,,,,
2017-10-29,4:20:00,неділя,місто,Львів,Франківський,вулиця,Коновальця Є.,70,,наїзд на дерево,перевищення встановленої швидкості,4,легко травмований,легко травмований,легко травмований,легко травмований,,,,,,49.829277,24.000986,,,,,,,,,,,
2017-10-09,21:01:00,понеділок,місто,Львів,Залізничний,вулиця,Городоцька,219,,зіткнення з задньою частиною ТЗ,перевищення безпечної швидкості,2,легко травмований,без ушкоджень,,,,,,,,49.832741,23.98022,,,,,,,,,,,
2017-10-10,1:01:00,вівторок,місто,Львів,Франківський,вулиця,Окружна,,,зіткнення бокове,перевищення безпечної швидкості,1,тяжко травмований,,,,,,,,,49.827159,23.982639,,,,,,,,,,,
2017-09-22,7:35:00,п'ятниця,місто,Львів,Личаківський,вулиця,Пасічна,88,,наїзд на дорожне огородження,,1,легко травмований,,,,,,,,,49.818465,24.076597,,,,,,,,,,,
2017-09-25,8:30:00,понеділок,місто,Львів,Галицький,вулиця,Бандери С.,55,,наїзд на пішохода - стояв на проїздній частині,порушення правил проїзду пішохідних переходів,2,без ушкоджень,легко травмований,,,,,,,,49.83473,24.009821,,,,,,,,,,,
2017-10-13,20:04:00,п'ятниця,місто,Львів,Шевченківський,вулиця,Шевченка Т.,30,,наїзд на пішохода - пішохід рухався у зустрічному напрямку,,2,без ушкоджень,тяжко травмований,,,,,,,,49.843231,24.014643,,,,,,,,,,,
2017-09-27,15:01:00,середа,місто,Львів,Личаківський,вулиця,Кривчицька Дорога,2А,,наїзд на пішохода - стояв на проїздній частині,,2,без ушкоджень,легко травмований,,,,,,,,49.840411,24.067188,,,,,,,,,,,
2017-09-18,14:55:00,понеділок,місто,Львів,Сихівський,вулиця,Трильовського К.,109,,наїзд на велосипедиста - на велосипедній доріжці,перевищення безпечної швидкості,2,легко травмований,без ушкоджень,,,,,,,,49.784659,24.064608,,,,,,,,,,,
2017-10-15,19:39:00,неділя,місто,Львів,Галицький,вулиця,Куліша П.,321,,наїзд на пішохода - стояв на проїздній частині,,2,без ушкоджень,легко травмований,,,,,,,,49.8468,24.0239,,,,,,,,,,,
2017-09-23,15:10:00,субота,місто,Львів,Шевченківський,вулиця,Лінкольна А.,,вул. Інструментальна,зіткнення лобове,"порушення правил маневрування, порушення правил проїзду перехресть",2,легко травмований,легко травмований,,,,,,,,49.865169,24.029782,,,,,,,,,,,
2017-10-06,16:01:00,п'ятниця,місто,Львів,Залізничний,вулиця,Ряшівська,,Перехрестя вул. Ряшівська - вул. Городоцька,зіткнення з задньою частиною ТЗ,,3,легко травмований,легко травмований,без ушкоджень,,,,,,,49.827907,23.953607,,,,,,,,,,,
2017-10-09,12:01:00,понеділок,місто,Львів,Франківський,вулиця,"Сахарова А., акад.",8,,наїзд на пішохода - стояв на проїздній частині,порушення правил проїзду пішохідних переходів,2,без ушкоджень,легко травмований,,,,,,,,49.831841,24.017074,,,,,,,,,,,
2017-09-22,7:30:00,п'ятниця,місто,Львів,Шевченківський,вулиця,Тунельна,30,,наїзд на інші види перешкод,перевищення безпечної швидкості,1,тяжко травмований,,,,,,,,,49.863976,24.006414,,,,,,,,,,,
2017-09-22,16:10:00,п'ятниця,місто,Львів,Залізничний,вулиця,Ярослава Мудрого,11,,зіткнення лобове,порушення правил маневрування,2,легко травмований,без ушкоджень,,,,,,,,49.841688,24.010465,,,,,,,,,,,
2017-10-10,11:40:00,вівторок,місто,Львів,Галицький,вулиця,"Тарнавського М., ген.",104,,наїзд на пішохода - пішохід рухався у зустрічному напрямку,,2,без ушкоджень,тяжко травмований,,,,,,,,49.827806,24.040629,,,,,,,,,,,
2017-10-10,21:21:00,вівторок,місто,Львів,Сихівський,вулиця,Стуса В.,,,наїзд на пішохода - пішохід рухався у зустрічному напрямку,перехід у невстановленому місці,2,без ушкоджень,тяжко травмований,,,,,,,,49.818687,24.042463,,,,,,,,,,,
2017-10-01,20:26:00,неділя,місто,Львів,Залізничний,вулиця,Городоцька,,,"наїзд на транспортний засіб, що стоїть - по ходу руху","перевищення безпечної швидкості, недодержання дистанції",4,легко травмований,без ушкоджень,без ушкоджень,легко травмований,,,,,,49.821566,23.918717,,,,,,,,,,,
2017-10-05,9:45:00,четвер,місто,Львів,Шевченківський,вулиця,Хорватська,12,,наїзд на пішохода - стояв на проїздній частині,,2,без ушкоджень,легко травмований,,,,,,,,49.844327,24.015201,,,,,,,,,,,
2017-09-22,12:34:00,п'ятниця,місто,Львів,Залізничний,вулиця,Чернівецька,,Перехрестя вул. Чернівецька - вул. Городоцька,зіткнення бокове,невиконання вимог сигналів регулювання,4,без ушкоджень,без ушкоджень,легко травмований,легко травмований,,,,,,49.837007,24.001715,,,,,,,,,,,
2017-10-23,19:30:00,понеділок,місто,Львів,Франківський,вулиця,Пулюя І.,3,,наїзд на пішохода - пішохід рухався у зустрічному напрямку,,2,без ушкоджень,тяжко травмований,,,,,,,,49.803743,23.98832,,,,,,,,,,,
2017-10-05,14:25:00,четвер,місто,Львів,Сихівський,проспект,"Червоної Калини, просп.",36,,наїзд на пішохода - стояв на проїздній частині,невиконання вимог сигналів регулювання,2,без ушкоджень,легко травмований,,,,,,,,49.799203,24.047817,,,,,,,,,,,
2017-10-10,16:50:00,вівторок,місто,Львів,Сихівський,вулиця,Угорська,,"Перехрестя вул. Угорська - Червоної Калини, просп.",зіткнення з задньою частиною ТЗ,"перевищення безпечної швидкості, недодержання дистанції",2,легко травмований,без ушкоджень,,,,,,,,49.810248,24.046251,,,,,,,,,,,
2017-09-19,17:02:00,вівторок,місто,Львів,Сихівський,.,Стрийська,,Перехрестя вул. Стрийська - вул. Луганська,зіткнення бокове,порушення правил маневрування,2,без ушкоджень,легко травмований,,,,,,,,49.812304,24.019648,,,,,,,,,,,
2017-09-20,20:43:00,середа,місто,Львів,Франківський,вулиця,Стрийська,,Перехрестя вул. Стрийська - вул. Наукова,зіткнення з задньою частиною ТЗ,перевищення безпечної швидкості,4,легко травмований,легко травмований,без ушкоджень,легко травмований,,,,,,49.801894,24.017991,,,,,,,,,,,
2017-10-14,12:57:00,субота,місто,Львів,Личаківський,вулиця,Хмельницького Б.,269,,наїзд на пішохода - пішохід рухався у зустрічному напрямку,неочікуваний вихід на проїзну частину,2,без ушкоджень,легко травмований,,,,,,,,49.872361,24.059308,,,,,,,,,,,
2017-09-22,13:35:00,п'ятниця,місто,Львів,Галицький,вулиця,Костюшка Т.,1,,"наїзд на пішохода - пішохідний перехід, ТЗ здійснював поворот вліво (вправо)",,2,без ушкоджень,легко травмований,,,,,,,,49.839308,24.025088,,,,,,,,,,,
2017-10-19,14:58:00,четвер,місто,Львів,Франківський,вулиця,Городоцька,207,,падіння пасажира,,2,без ушкоджень,легко травмований,,,,,,,,49.833713,23.985804,,,,,,,,,,,
2017-10-13,3:10:00,п'ятниця,місто,Львів,Шевченківський,вулиця,Липинського В.,26,,наїзд на дерево,перевищення безпечної швидкості,2,без ушкоджень,легко травмований,,,,,,,,49.861393,24.02835,,,,,,,,,,,
2017-10-05,18:40:00,четвер,місто,Львів,Галицький,вулиця,Снопківська,43,,наїзд на пішохода - стояв на проїздній частині,порушення правил проїзду пішохідних переходів,2,без ушкоджень,легко травмований,,,,,,,,49.825605,24.036976,,,,,,,,,,,
2017-09-15,13:15:00,п'ятниця,місто,Львів,Залізничний,вулиця,Виговського І.,29,,падіння пасажира,порушення правил перевезення пасажирів,2,легко травмований,без ушкоджень,,,,,,,,49.823359,23.967544,,,,,,,,,,,
2017-11-17,22:40:00,п'ятниця,місто,Львів,Сихівський,вулиця,Лісна (Сихів),,,наїзд на пішохода - стояв на проїздній частині,порушення правил маневрування,2,без ушкоджень,легко травмований,,,,,,,,49.789078,24.053664,,,,,,,,,,,
2017-10-01,13:01:00,неділя,місто,Львів,Личаківський,вулиця,Хмельницького Б.,188А,,наїзд на пішохода - стояв на проїздній частині,,2,без ушкоджень,легко травмований,,,,,,,,49.863803,24.053578,,,,,,,,,,,
2017-11-15,21:40:00,середа,місто,Львів,Шевченківський,вулиця,Липинського В.,13А,,наїзд на пішохода - стояв на проїздній частині,,2,без ушкоджень,тяжко травмований,,,,,,,,49.858218,24.024224,,,,,,,,,,,
2017-12-02,16:30:00,субота,місто,Львів,Галицький,вулиця,Замкова,29,,наїзд на пішохода - стояв на проїздній частині,перевищення безпечної швидкості,3,без ушкоджень,тяжко травмований,без ушкоджень,,,,,,,49.851117,24.041074,,,,,,,,,,,
2017-11-10,17:42:00,п'ятниця,місто,Львів,Галицький,вулиця,Під Дубом,,"Чорновола В., просп.",наїзд на пішохода - стояв на проїздній частині,,2,без ушкоджень,легко травмований,,,,,,,,49.850464,24.02416,,,,,,,,,,,
2017-11-13,19:15:00,понеділок,місто,Львів,Шевченківський,проспект,"Чорновола В., просп.",105,,наїзд на пішохода - пішохід рухався у зустрічному напрямку,,2,без ушкоджень,легко травмований,,,,,,,,49.866853,24.014965,,,,,,,,,,,
2017-11-16,9:43:00,четвер,місто,Львів,Франківський,вулиця,Княгині Ольги,5Б,,зіткнення з задньою частиною ТЗ,недодержання дистанції,3,без ушкоджень,легко травмований,без ушкоджень,,,,,,,49.822314,24.006581,,,,,,,,,,,
2017-11-29,20:50:00,середа,місто,Львів,Франківський,вулиця,Кульпарківська,34,,зіткнення лобове,"перевищення безпечної швидкості, порушення правил маневрування",4,без ушкоджень,легко травмований,легко травмований,без ушкоджень,,,,,,49.830459,23.990542,,,,,,,,,,,
2017-11-06,8:45:00,понеділок,місто,Львів,Галицький,вулиця,Опришківська,,Крутий поворот на Високий Замок,зіткнення лобове,перевищення безпечної швидкості,2,легко травмований,легко травмований,,,,,,,,49.84861,24.045038,,,,,,,,,,,
2017-10-31,15:15:00,вівторок,місто,Львів,Личаківський,вулиця,Богданівська,44,,зіткнення бокове,порушення правил маневрування,2,без ушкоджень,тяжко травмований,,,,,,,,49.854932,24.076034,,,,,,,,,,,
2017-11-07,15:15:00,вівторок,місто,Львів,Шевченківський,вулиця,Шевченка Т.,48,,наїзд на пішохода - стояв на проїздній частині,порушення правил маневрування,3,без ушкоджень,легко травмований,легко травмований,,,,,,,49.844189,24.011779,,,,,,,,,,,
2017-11-02,21:54:00,четвер,місто,Львів,Франківський,вулиця,Городоцька,,Перехрестя вул. Городоцька - вул. Залізнична,зіткнення бокове,порушення правил маневрування,2,легко травмований,без ушкоджень,,,,,,,,49.836785,24.002584,,,,,,,,,,,
2017-10-31,10:59:00,вівторок,місто,Львів,Личаківський,вулиця,Личаківська,167,,наїзд на пішохода - стояв на проїздній частині,,2,без ушкоджень,легко травмований,,,,,,,,49.836938,24.062183,,,,,,,,,,,
2017-11-30,23:20:00,четвер,місто,Львів,Галицький,вулиця,Городоцька,47,,наїзд на пішохода - стояв на проїздній частині,,2,без ушкоджень,легко травмований,,,,,,,,49.842791,24.019026,,,,,,,,,,,
2017-11-22,20:05:00,середа,місто,Львів,Сихівський,проспект,"Червоної Калини, просп.",7А,,наїзд на пішохода - пішохід переходив дорогу поза межами пішохідного переходу,,2,без ушкоджень,легко травмований,,,,,,,,49.812906,24.04565,,,,,,,,,,,
2017-11-17,13:15:00,п'ятниця,місто,Львів,Галицький,вулиця,Гавришкевича С.,3,,наїзд на пішохода - стояв на проїздній частині,,2,без ушкоджень,легко травмований,,,,,,,,49.844313,24.030125,,,,,,,,,,,
2017-11-24,10:20:00,п'ятниця,місто,Львів,Шевченківський,вулиця,Липинського В.,54,,зіткнення з задньою частиною ТЗ,порушення правил маневрування,2,без ушкоджень,легко травмований,,,,,,,,49.864889,24.041246,,,,,,,,,,,
2017-10-24,8:02:00,вівторок,місто,Львів,Личаківський,вулиця,Пасічна,42,,наїзд на пішохода - стояв на проїздній частині,,3,без ушкоджень,тяжко травмований,тяжко травмований,,,,,,,49.830062,24.069259,,,,,,,,,,,
2017-11-25,12:01:00,субота,місто,Львів,Личаківський,вулиця,Глинянський Тракт,23,,зіткнення бокове,порушення правил проїзду перехресть,4,без ушкоджень,без ушкоджень,легко травмований,тяжко травмований,,,,,,49.836924,24.073899,,,,,,,,,,,
2017-12-01,13:01:00,п'ятниця,місто,Львів,Шевченківський,вулиця,Орлика П.,4,,наїзд на пішохода - стояв на проїздній частині,,2,без ушкоджень,легко травмований,,,,,,,,49.874324,24.033333,,,,,,,,,,,
2017-11-03,20:44:00,п'ятниця,місто,Львів,Шевченківський,вулиця,Панча П.,,Біля амбулаторії,наїзд на пішохода - стояв на проїздній частині,,2,без ушкоджень,легко травмований,,,,,,,,49.861344,24.015437,,,,,,,,,,,
2017-11-01,20:05:00,середа,місто,Львів,Залізничний,вулиця,Городоцька,276,,наїзд на пішохода - стояв на проїздній частині,"перевищення безпечної швидкості, недодержання дистанції",2,легко травмований,без ушкоджень,,,,,,,,49.823979,23.932171,,,,,,,,,,,
2017-11-24,15:50:00,п'ятниця,місто,Львів,Галицький,вулиця,Франка І.,42,"Перехрестя вул. Франка І., - вул. Скельна",зіткнення бокове,перевищення безпечної швидкості,2,без ушкоджень,легко травмований,,,,,,,,49.832654,24.033837,,,,,,,,,,,
2017-12-01,16:08:00,п'ятниця,місто,Львів,Залізничний,вулиця,Кульпарківська,226А,Парковка,зіткнення бокове,порушення правил маневрування,4,без ушкоджень,без ушкоджень,легко травмований,легко травмований,,,,,,49.80655,23.980176,,,,,,,,,,,
2017-12-02,11:01:00,субота,місто,Львів,Залізничний,вулиця,Петлюри С.,2А,,наїзд на пішохода - стояв на проїздній частині,порушення правил маневрування,2,без ушкоджень,легко травмований,,,,,,,,49.821951,23.979405,,,,,,,,,,,
2017-11-09,17:47:00,четвер,місто,Львів,Залізничний,вулиця,Городоцька,,Перехрестя вул. Городоцька - вул. Чернівецька,наїзд на пішохода - стояв на проїздній частині,порушення правил проїзду пішохідних переходів,2,без ушкоджень,тяжко травмований,,,,,,,,49.836875,24.001651,,,,,,,,,,,
2017-11-24,13:01:00,п'ятниця,місто,Львів,Личаківський,вулиця,Вашингтона Дж.,1,,падіння пасажира,,2,без ушкоджень,легко травмований,,,,,,,,49.815942,24.062172,,,,,,,,,,,
2017-11-09,14:55:00,четвер,місто,Львів,Залізничний,вулиця,Бортнянського Д.,43,,зіткнення бокове,порушення правил проїзду перехресть,3,легко травмований,легко травмований,без ушкоджень,,,,,,,49.845448,23.999929,,,,,,,,,,,
2017-11-06,22:58:00,понеділок,місто,Львів,Франківський,вулиця,Городоцька,160,,наїзд на пішохода - стояв на проїздній частині,порушення правил проїзду пішохідних переходів,2,без ушкоджень,легко травмований,,,,,,,,49.831934,23.975408,,,,,,,,,,,
2017-11-25,12:01:00,субота,місто,Львів,Франківський,вулиця,Федьковича Ю.,26,,наїзд на пішохода - стояв на проїздній частині,,2,без ушкоджень,легко травмований,,,,,,,,49.834855,24.00208,,,,,,,,,,,
2017-10-08,13:01:00,неділя,місто,Львів,Галицький,вулиця,Личаківська,11,,"наїзд на пішохода - пішохідний перехід, ТЗ здійснював поворот вліво (вправо)",,2,без ушкоджень,легко травмований,,,,,,,,49.83982,24.038955,,,,,,,,,,,
2017-10-24,19:01:00,вівторок,місто,Львів,Франківський,вулиця,"Чупринки Т., ген.",,"Перехрестя вул. Чупринки Т., ген., - вул. Київська",наїзд на пішохода - стояв на проїздній частині,,2,без ушкоджень,легко травмований,,,,,,,,49.832357,24.012047,,,,,,,,,,,
2017-11-06,13:40:00,понеділок,місто,Львів,Личаківський,вулиця,Личаківська,,Перехрестя вул. Личаківська - вул. Рєпіна І.,наїзд на пішохода - на нерегульованому пішохідному переході,порушення правил проїзду пішохідних переходів,2,без ушкоджень,легко травмований,,,,,,,,49.838674,24.054158,,,,,,,,,,,
2017-11-07,18:28:00,вівторок,місто,Львів,Шевченківський,вулиця,Хмельницького Б.,58,,падіння пасажира,,2,без ушкоджень,тяжко травмований,,,,,,,,49.852342,24.033338,,,,,,,,,,,
2017-11-19,19:05:00,неділя,місто,Львів,Личаківський,вулиця,Вашингтона Дж.,21,,наїзд на пішохода - стояв на проїздній частині,,2,без ушкоджень,тяжко травмований,,,,,,,,49.814436,24.075599,,,,,,,,,,,
2017-11-17,19:20:00,п'ятниця,місто,Львів,Сихівський,вулиця,Сихівська,,Перехрестя вул. Сихівська - вул. Зелена,зіткнення з задньою частиною ТЗ,"порушення правил маневрування, перевищення безпечної швидкості",2,без ушкоджень,легко травмований,,,,,,,,49.798497,24.070959,,,,,,,,,,,
2017-10-14,22:40:00,субота,місто,Львів,Личаківський,вулиця,Солодова,5,,наїзд на пішохода - на регульованому пішохідному переході,,2,без ушкоджень,легко травмований,,,,,,,,49.841383,24.048745,,,,,,,,,,,
2017-11-07,19:40:00,вівторок,місто,Львів,Личаківський,вулиця,Хмельницького Б.,255,,зіткнення лобове,,2,помер на місці дтп,без ушкоджень,,,,,,,,49.86956,24.057022,,,,,,,,,,,
2017-11-08,14:10:00,середа,місто,Львів,Залізничний,вулиця,Любінська,,Перехрестя вул. Любінська - вул. Петлюри С.,зіткнення лобове,порушення правил проїзду перехресть,3,без ушкоджень,легко травмований,без ушкоджень,,,,,,,49.824058,23.977339,,,,,,,,,,,
2017-10-24,8:20:00,вівторок,місто,Львів,Шевченківський,вулиця,Тунельна,,Перехрестя вул. Тунельна - вул. Загула Д.,зіткнення з задньою частиною ТЗ,"перевищення безпечної швидкості, недодержання дистанції",2,легко травмований,без ушкоджень,,,,,,,,49.863067,24.005279,,,,,,,,,,,
2017-11-04,15:30:00,субота,місто,Львів,Франківський,вулиця,Коновальця Є.,,"Перехрестя вул. Коновальця Є., - вул. Рудницького С., акад.",наїзд на пішохода - стояв на проїздній частині,,2,без ушкоджень,помер у лікарні протягом 30 діб,,,,,,,,49.82446,23.993336,,,,,,,,,,,
2017-11-27,1:01:00,понеділок,місто,Львів,Галицький,вулиця,Зернова,,"Перехрестя вул. Зернова - Чорновола В., просп.",зіткнення бокове,"керування транспортним засобом у нетверезому стані, порушення правил маневрування",3,легко травмований,без ушкоджень,без ушкоджень,,,,,,,49.846441,24.025343,,,,,,,,,,,
2017-11-10,22:50:00,п'ятниця,місто,Львів,Личаківський,вулиця,Глинянський Тракт,,,наїзд на інші види перешкод,перевищення безпечної швидкості,3,легко травмований,легко травмований,легко травмований,,,,,,,49.836599,24.070702,,,,,,,,,,,
2017-11-10,12:50:00,п'ятниця,місто,Львів,Сихівський,вулиця,Хуторівка,5,,наїзд на пішохода - стояв на проїздній частині,,2,без ушкоджень,легко травмований,,,,,,,,49.801921,24.020979,,,,,,,,,,,
2017-11-18,6:54:00,субота,місто,Львів,Сихівський,проспект,"Червоної Калини, просп.",77,,наїзд на пішохода - пішохід переходив дорогу поза межами пішохідного переходу,,2,без ушкоджень,легко травмований,,,,,,,,49.795654,24.055236,,,,,,,,,,,
2017-11-20,10:40:00,понеділок,місто,Львів,Шевченківський,проспект,"Чорновола В., просп.",101,,наїзд на пішохода - стояв на проїздній частині,,2,без ушкоджень,легко травмований,,,,,,,,49.86567,24.016671,,,,,,,,,,,
2017-10-12,9:50:00,четвер,місто,Львів,Сихівський,вулиця,Вашингтона Дж.,,,падіння пасажира,,2,без ушкоджень,легко травмований,,,,,,,,49.814395,24.075959,,,,,,,,,,,
2017-11-21,9:50:00,вівторок,місто,Львів,Личаківський,вулиця,Богданівська,19,,зіткнення з задньою частиною ТЗ,"порушення правил маневрування, порушення правил проїзду перехресть",3,без ушкоджень,легко травмований,без ушкоджень,,,,,,,49.856831,24.074264,,,,,,,,,,,
2017-11-10,19:40:00,п'ятниця,місто,Львів,Шевченківський,вулиця,Шевченка Т.,317,,наїзд на пішохода - стояв на проїздній частині,перевищення безпечної швидкості,2,без ушкоджень,тяжко травмований,,,,,,,,49.871953,23.939407,,,,,,,,,,,
2017-11-11,10:15:00,субота,місто,Львів,Залізничний,вулиця,Шевченка Т.,109,,наїзд на пішохода - стояв на проїздній частині,,2,без ушкоджень,тяжко травмований,,,,,,,,49.85064,23.992692,,,,,,,,,,,
2017-11-29,7:55:00,середа,місто,Львів,Сихівський,вулиця,Зелена,,Перехрестя вул. Зелена - вул. Вулецька,наїзд на пішохода - стояв на проїздній частині,порушення правил маневрування,2,без ушкоджень,легко травмований,,,,,,,,49.795976,24.073234,,,,,,,,,,,
2017-11-22,20:15:00,середа,місто,Львів,Шевченківський,вулиця,Шевченка Т.,134,,зіткнення з задньою частиною ТЗ,"перевищення безпечної швидкості, недодержання дистанції",3,без ушкоджень,легко травмований,без ушкоджень,,,,,,,49.851325,23.991185,,,,,,,,,,,
2017-11-12,23:28:00,неділя,місто,Львів,Франківський,вулиця,Володимира Великого,,Перехрестя вул. Володимира Великого - вул. Княгині Ольги,наїзд на пішохода - стояв на проїздній частині,порушення правил проїзду пішохідних переходів,2,без ушкоджень,легко травмований,,,,,,,,49.810033,23.99987,,,,,,,,,,,
2017-10-29,20:10:00,неділя,місто,Львів,Шевченківський,вулиця,Липинського В.,,Біля АС-2,наїзд на пішохода - стояв на проїздній частині,,2,без ушкоджень,легко травмований,,,,,,,,49.864961,24.051797,,,,,,,,,,,
2017-11-13,0:42:00,понеділок,місто,Винники,Личаківський,вулиця,Миколайчука І.,2Б,,наїзд на пішохода - пішохід рухався у зустрічному напрямку,неочікуваний вихід на проїзну частину,2,без ушкоджень,легко травмований,,,,,,,,49.818791,24.136024,,,,,,,,,,,
2017-11-02,14:06:00,четвер,місто,Львів,Шевченківський,вулиця,Липинського В.,,"Перехрестя вул. Липинського В., - вул. Бетховена Л.",зіткнення бокове,перевищення безпечної швидкості,2,легко травмований,без ушкоджень,,,,,,,,49.863481,24.033301,,,,,,,,,,,
2017-11-05,15:20:00,неділя,місто,Львів,Сихівський,проспект,"Червоної Калини, просп.",49,,наїзд на інші види перешкод,недодержання дистанції,2,без ушкоджень,легко травмований,,,,,,,,49.798843,24.04904,,,,,,,,,,,
2017-11-02,17:55:00,четвер,місто,Львів,Залізничний,вулиця,Петлюри С.,25,,наїзд на пішохода - стояв на проїздній частині,,2,без ушкоджень,легко травмований,,,,,,,,49.82094,23.980054,,,,,,,,,,,
2017-11-24,19:01:00,п'ятниця,місто,Львів,Франківський,вулиця,Стрийська,45,,падіння пасажира,,2,без ушкоджень,легко травмований,,,,,,,,49.806924,24.019042,,,,,,,,,,,
2017-10-30,16:50:00,понеділок,місто,Львів,Галицький,вулиця,Франка І.,6,,наїзд на пішохода - стояв на проїздній частині,,3,легко травмований,легко травмований,легко травмований,,,,,,,49.837429,24.034942,,,,,,,,,,,
2017-11-14,23:18:00,вівторок,місто,Львів,Шевченківський,вулиця,Грінченка Б.,,"Перехрестя вул. Грінченка Б., - вул. Хмельницького Б.",зіткнення з задньою частиною ТЗ,"керування транспортним засобом у нетверезому стані, виїзд на смугу зустрічного руху",2,легко травмований,без ушкоджень,,,,,,,,49.869968,24.057097,,,,,,,,,,,
2017-11-01,8:01:00,середа,місто,Львів,Франківський,вулиця,Стрийська,,Перехрестя вул. Стрийська - вул. Володимира Великого,наїзд на пішохода - стояв на проїздній частині,,2,без ушкоджень,легко травмований,,,,,,,,49.808136,24.019139,,,,,,,,,,,
2017-11-26,22:50:00,неділя,місто,Львів,Личаківський,вулиця,Зелена,131,,зіткнення з задньою частиною ТЗ,,3,без ушкоджень,легко травмований,без ушкоджень,,,,,,,49.8176,24.059812,,,,,,,,,,,
2017-11-16,6:20:00,четвер,місто,Львів,Франківський,вулиця,Наукова,,Перехрестя вул. Наукова - вул. Тролейбусна,зіткнення з задньою частиною ТЗ,порушення правил проїзду перехресть,2,без ушкоджень,легко травмований,,,,,,,,49.803069,24.006371,,,,,,,,,,,
2017-12-01,19:15:00,п'ятниця,місто,Львів,Галицький,вулиця,Свєнціцького І.,18,,наїзд на пішохода - стояв на проїздній частині,,2,без ушкоджень,тяжко травмований,,,,,,,,49.824985,24.036577,,,,,,,,,,,
2017-10-24,19:20:00,вівторок,місто,Львів,Франківський,вулиця,Кульпарківська,,Біля ТЦ Ашан,наїзд на пішохода - на регульованому пішохідному переході,,2,без ушкоджень,легко травмований,,,,,,,,49.813034,23.984624,,,,,,,,,,,
2017-11-22,18:10:00,середа,місто,Львів,Галицький,проспект,"Чорновола В., просп.",,"Перехрестя вул. Під Дубом - Чорновола В., просп.",наїзд на пішохода - пішохід переходив дорогу поза межами пішохідного переходу,,2,без ушкоджень,легко травмований,,,,,,,,49.850519,24.024428,,,,,,,,,,,
2017-12-06,19:21:00,середа,місто,Львів,Галицький,проспект,"Чорновола В., просп.",11,,наїзд на пішохода - стояв на проїздній частині,,2,без ушкоджень,помер у лікарні протягом 30 діб,,,,,,,,49.846749,24.025437,,,,,,,,,,,
2017-11-20,8:40:00,понеділок,місто,Львів,Залізничний,вулиця,Любінська,,Перехрестя вул. Любінська - вул. Виговського І.,падіння пасажира,,2,легко травмований,без ушкоджень,,,,,,,,49.82068,23.968896,,,,,,,,,,,
2017-11-06,12:20:00,понеділок,місто,Львів,Галицький,вулиця,Городоцька,35,,зіткнення з задньою частиною ТЗ,"перевищення безпечної швидкості, недодержання дистанції",2,легко травмований,без ушкоджень,,,,,,,,49.843016,24.020995,,,,,,,,,,,
2017-10-31,13:20:00,вівторок,місто,Львів,Сихівський,проспект,"Червоної Калини, просп.",76А,"вул. Скрипника М., 1",наїзд на пішохода - стояв на проїздній частині,,3,легко травмований,без ушкоджень,тяжко травмований,,,,,,,49.789213,24.058739,,,,,,,,,,,
2017-12-01,0:01:00,п'ятниця,місто,Львів,Шевченківський,вулиця,Лінкольна А.,49,,наїзд на пішохода - стояв на проїздній частині,,2,без ушкоджень,легко травмований,,,,,,,,49.866618,24.041734,,,,,,,,,,,
2017-10-31,17:10:00,вівторок,місто,Львів,Шевченківський,вулиця,Миколайчука І.,9,,наїзд на пішохода - стояв на проїздній частині,порушення правил проїзду пішохідних переходів,2,без ушкоджень,легко травмований,,,,,,,,49.874366,24.039862,,,,,,,,,,,
2017-12-01,9:04:00,п'ятниця,місто,Львів,Сихівський,вулиця,Тернопільська,,Перехрестя вул. Тернопільська - вул. Стуса В.,зіткнення лобове,порушення правил проїзду перехресть,2,без ушкоджень,легко травмований,,,,,,,,49.81625,24.044566,,,,,,,,,,,
2017-11-01,18:10:00,середа,місто,Львів,Франківський,вулиця,Володимира Великого,1,,наїзд на пішохода - стояв на проїздній частині,,2,без ушкоджень,легко травмований,,,,,,,,49.808202,24.017921,,,,,,,,,,,