accidentDate,accidentTime,accidentDay,settlementType,settlement,district,streetType,streetName,houseNumber,locationComments,accidentType,mainAccidentCause,totalParticipantsAmount,injuryStatusParticipant1,injuryStatusParticipant2,injuryStatusParticipant3,injuryStatusParticipant4,injuryStatusParticipant5,injuryStatusParticipant6,injuryStatusParticipant7,injuryStatusParticipant8,injuryStatusParticipant9,latitude,longitude,injuryStatusParticipant10,injuryStatusParticipant11,injuryStatusParticipant12,injuryStatusParticipant13,injuryStatusParticipant14,injuryStatusParticipant15,injuryStatusParticipant16,injuryStatusParticipant17,injuryStatusParticipant18,injuryStatusParticipant19,injuryStatusParticipant20
2018-09-20,17:15:00,четвер,місто,Львів,Залізничний,вулиця,Щирецька,7,,наїзд на пішохода - пішохід рухався у попутному напрямку,"порушення правил маневрування , порушення правил проїзду пішохідних переходів",2,без ушкоджень,легко травмований,,,,,,,,49.809611,23.977935,,,,,,,,,,,
2018-09-20,22:10:00,четвер,місто,Львів,Шевченківський,вулиця,Липинського В.,44,,зіткнення бокове,"перевищення безпечної швидкості , недодержання дистанції",3,без ушкоджень,без ушкоджень,легко травмований,,,,,,,49.86345,24.034138,,,,,,,,,,,
2018-10-09,16:49:00,вівторок,місто,Львів,Личаківський,вулиця,Личаківська,151,,зіткнення лобове,порушення правил маневрування,2,легко травмований,без ушкоджень,,,,,,,,49.83729,24.060531,,,,,,,,,,,
2018-09-14,17:15:00,п'ятниця,місто,Львів,Залізничний,вулиця,Городоцька,,перехрестя вул. Городоцька - вул. Авіаційна,зіткнення з задньою частиною тз,"перевищення безпечної швидкості , недодержання дистанції",2,без ушкоджень,легко травмований,,,,,,,,49.82618391811943,23.943680615640584,,,,,,,,,,,
2018-09-03,11:20:00,понеділок,місто,Львів,Залізничний,вулиця,Виговського І.,41,,падіння пасажира,порушення техніки безпеки пасажиром,2,без ушкоджень,легко травмований,,,,,,,,49.81958,23.969915,,,,,,,,,,,
2018-09-04,18:34:00,вівторок,місто,Львів,Франківський,вулиця,Кондукторська,,перехрестя вул. Кондукторська - вул. Городоцька,наїзд на пішохода - пішохід рухався у попутному напрямку,порушення правил маневрування,2,без ушкоджень,легко травмований,,,,,,,,49.83264,23.979893,,,,,,,,,,,
2018-09-23,17:20:00,неділя,місто,Львів,Франківський,вулиця,Горбачевського І.,17Б,,зіткнення бокове,порушення правил маневрування,2,без ушкоджень,тяжко травмований,,,,,,,,49.828451,24.009748,,,,,,,,,,,
2018-09-12,12:45:00,середа,місто,Львів,Галицький,вулиця,Січових Стрільців,18,,наїзд на пішохода - пішохід рухався у попутному напрямку,перевищення безпечної швидкості,2,без ушкоджень,легко травмований,,,,,,,,49.839477,24.022958,,,,,,,,,,,
2018-09-18,17:46:00,вівторок,місто,Львів,Франківський,вулиця,Княгині Ольги,7,,наїзд на пішохода - пішохід рухався у попутному напрямку,"неочікуваний вихід на проїзну частину , перехід у невстановленому місці",2,без ушкоджень,тяжко травмований,,,,,,,,49.818625,24.004092,,,,,,,,,,,
2018-10-08,15:18:00,понеділок,місто,Львів,Франківський,вулиця,Наукова,96Б,,наїзд на велосипедиста - велосипедист рухався у попутному напрямку,порушення правил маневрування,2,без ушкоджень,легко травмований,,,,,,,,49.805076,23.987784,,,,,,,,,,,
2018-09-08,21:01:00,субота,місто,Львів,Личаківський,вулиця,Пасічна,90А,,зіткнення бокове,перевищення безпечної швидкості,4,легко травмований,тяжко травмований,легко травмований,легко травмований,,,,,,49.819739,24.076136,,,,,,,,,,,
2018-10-08,9:03:00,понеділок,місто,Львів,Залізничний,вулиця,Городоцька,116А,,наїзд на пішохода - пішохід рухався у попутному напрямку,порушення правил маневрування,2,без ушкоджень,помер у лікарні протягом 30 діб,,,,,,,,49.836211,23.998001,,,,,,,,,,,
2018-09-28,16:01:00,п'ятниця,місто,Львів,Личаківський,вулиця,Хмельницького Б.,271,,наїзд на пішохода - на регульованому пішохідному переході,порушення правил маневрування,2,без ушкоджень,легко травмований,,,,,,,,49.874656,24.060037,,,,,,,,,,,
2018-09-16,21:05:00,неділя,місто,Львів,Франківський,вулиця,Володимира Великого,58,,наїзд на пішохода - пішохід рухався у попутному напрямку,порушення правил маневрування,2,без ушкоджень,легко травмований,,,,,,,,49.812467,23.984946,,,,,,,,,,,
2018-10-03,9:31:00,середа,місто,Львів,Франківський,вулиця,Княгині Ольги,5А,,наїзд на велосипедиста - велосипедист рухався у попутному напрямку,порушення правил маневрування,2,без ушкоджень,легко травмований,,,,,,,,49.822639,24.006833,,,,,,,,,,,
2018-09-16,23:26:00,неділя,місто,Львів,Галицький,вулиця,Шевченка Т.,22,,наїзд на пішохода - пішохід рухався у попутному напрямку,порушення правил проїзду пішохідних переходів,2,без ушкоджень,легко травмований,,,,,,,,49.842978,24.015453,,,,,,,,,,,
2018-09-26,11:50:00,середа,селище,Рудне,Залізничний,вулиця,"Мазепи І., гетьм.",27,,наїзд на пішохода - пішохід рухався у попутному напрямку,порушення правил маневрування,2,без ушкоджень,помер у лікарні протягом 30 діб,,,,,,,,49.835945,23.890581,,,,,,,,,,,
2018-10-04,15:50:00,четвер,місто,Львів,Личаківський,вулиця,Зелена,105,,зіткнення лобове,"перевищення безпечної швидкості , недодержання дистанції",3,без ушкоджень,без ушкоджень,легко травмований,,,,,,,49.821117,24.055542,,,,,,,,,,,
2018-09-08,21:40:00,субота,місто,Львів,Сихівський,вулиця,Зелена,,,наїзд на пішохода - пішохід рухався у зустрічному напрямку,порушення правил маневрування,2,без ушкоджень,тяжко травмований,,,,,,,,49.7903,24.0743,,,,,,,,,,,
2018-09-10,17:30:00,понеділок,місто,Львів,Шевченківський,вулиця,Шевченка Т.,,перехрестя вул. Шевченка Т. - вул. Величковського І.,зіткнення бокове,порушення правил проїзду перехресть,2,без ушкоджень,легко травмований,,,,,,,,49.872845,23.92903,,,,,,,,,,,
2018-09-04,18:10:00,вівторок,місто,Львів,Галицький,вулиця,Стуса В.,49,,зіткнення бокове,порушення правил маневрування,2,легко травмований,без ушкоджень,,,,,,,,49.817939,24.044191,,,,,,,,,,,
2018-09-23,16:35:00,неділя,місто,Львів,Залізничний,вулиця,Городоцька,274,,зіткнення бокове,"перевищення безпечної швидкості , недодержання дистанції",3,легко травмований,легко травмований,легко травмований,,,,,,,49.824186,23.932879,,,,,,,,,,,
2018-09-14,21:20:00,п'ятниця,місто,Львів,Франківський,вулиця,Володимира Великого,111,,зіткнення лобове,"перевищення безпечної швидкості , недодержання дистанції",3,без ушкоджень,без ушкоджень,легко травмований,,,,,,,49.811137,23.990176,,,,,,,,,,,
2018-09-23,22:20:00,неділя,місто,Львів,Личаківський,вулиця,Хмельницького Б.,,"перехрестя вул. Хмельницького Б., - вул. Волинська",зіткнення бокове,"перевищення безпечної швидкості , порушення правил проїзду перехресть",4,без ушкоджень,легко травмований,тяжко травмований,легко травмований,,,,,,49.853978,24.043515,,,,,,,,,,,
2018-09-24,18:02:00,понеділок,місто,Львів,Личаківський,вулиця,Богданівська,96,,наїзд на пішохода - пішохід рухався у зустрічному напрямку,"перевищення безпечної швидкості , порушення правил проїзду пішохідних переходів",2,без ушкоджень,легко травмований,,,,,,,,49.850633,24.079451,,,,,,,,,,,
2018-09-24,18:25:00,понеділок,місто,Львів,Личаківський,вулиця,Глинянський Тракт,145,,падіння пасажира,порушення правил перевезення пасажирів,2,без ушкоджень,легко травмований,,,,,,,,49.841899,24.097829,,,,,,,,,,,
2018-09-17,16:31:00,понеділок,місто,Львів,Франківський,вулиця,Наукова,12,,зіткнення лобове,порушення правил маневрування,3,без ушкоджень,без ушкоджень,легко травмований,,,,,,,49.803376,24.004451,,,,,,,,,,,
2018-09-24,18:30:00,понеділок,місто,Львів,Сихівський,проспект,"Червоної Калини, просп.",36,,наїзд на пішохода - на регульованому пішохідному переході,порушення правил проїзду пішохідних переходів,2,без ушкоджень,легко травмований,,,,,,,,49.800855,24.046513,,,,,,,,,,,
2018-09-18,9:47:00,вівторок,місто,Львів,Франківський,вулиця,Княгині Ольги,100Ї,,наїзд на пішохода - пішохід рухався у попутному напрямку,порушення правил маневрування,2,без ушкоджень,легко травмований,,,,,,,,49.816333,24.002257,,,,,,,,,,,
2018-10-09,14:24:00,вівторок,місто,Львів,Сихівський,вулиця,Стрийська,,перехрестя вул. Стрийська - вул. Луганська,"наїзд на пішохода - пішоходний перехід, тз здійснював поворот вліво (вправо)",порушення правил маневрування,2,без ушкоджень,легко травмований,,,,,,,,49.811979,24.019876,,,,,,,,,,,
2018-09-07,20:15:00,п'ятниця,місто,Львів,Личаківський,вулиця,Пасічна,84Д,,наїзд на пішохода - пішохід рухався у попутному напрямку,"перевищення безпечної швидкості , недодержання дистанції",4,без ушкоджень,без ушкоджень,без ушкоджень,легко травмований,,,,,,49.820916,24.075707,,,,,,,,,,,
2018-09-28,9:53:00,п'ятниця,місто,Львів,Личаківський,вулиця,Пасічна,92,,зіткнення бокове,порушення правил маневрування,4,без ушкоджень,без ушкоджень,без ушкоджень,легко травмований,,,,,,49.817133,24.077091,,,,,,,,,,,
2018-09-16,17:30:00,неділя,місто,Львів,Шевченківський,проспект,"Чорновола В., просп.",,,наїзд на велосипедиста - поза межами велосипедної доріжки,порушення правил маневрування,2,без ушкоджень,легко травмований,,,,,,,,49.856164,24.022003,,,,,,,,,,,
2018-10-11,15:52:00,четвер,місто,Львів,Залізничний,вулиця,Любінська,94,,зіткнення лобове,порушення правил проїзду перехресть,4,без ушкоджень,без ушкоджень,легко травмований,легко травмований,,,,,,49.824069,23.977152,,,,,,,,,,,
2018-09-28,19:01:00,п'ятниця,місто,Львів,Сихівський,проспект,"Червоної Калини, просп.",7,,наїзд на пішохода - пішохід рухався у попутному напрямку,перевищення безпечної швидкості,3,без ушкоджень,тяжко травмований,легко травмований,,,,,,,49.813145,24.045564,,,,,,,,,,,
2018-10-06,16:05:00,субота,місто,Львів,Галицький,вулиця,Куліша П.,6А,,наїзд на пішохода - пішохід рухався у попутному напрямку,неочікуваний вихід на проїзну частину,2,без ушкоджень,легко травмований,,,,,,,,49.845581,24.024429,,,,,,,,,,,
2018-09-05,20:45:00,середа,місто,Львів,Франківський,вулиця,Наукова,7,,наїзд на пішохода - пішохід переходив дорогу поза межами пішохідного переходу,перевищення безпечної швидкості,2,без ушкоджень,тяжко травмований,,,,,,,,49.803074,24.005637,,,,,,,,,,,
2018-09-28,23:01:00,п'ятниця,місто,Львів,Галицький,проспект,"Чорновола В., просп.",1,,наїзд на пішохода - пішохід рухався у попутному напрямку,порушення правил маневрування,2,без ушкоджень,тяжко травмований,,,,,,,,49.845043,24.025286,,,,,,,,,,,
2018-09-05,19:10:00,середа,місто,Львів,Франківський,вулиця,Антоновича В.,,"перехрестя вул. Антоновича В., - вул. Залізняка М.",зіткнення бокове,невиконання вимог сигналів регулювання,2,легко травмований,без ушкоджень,,,,,,,,49.829561,23.997509,,,,,,,,,,,
2018-09-22,14:40:00,субота,місто,Львів,Сихівський,вулиця,Стрийська,,перехрестя вул. Стрийська - вул. Чмоли І.,зіткнення з задньою частиною тз,"перевищення безпечної швидкості , недодержання дистанції",2,без ушкоджень,легко травмований,,,,,,,,49.814665,24.019842,,,,,,,,,,,
2018-09-21,17:49:00,п'ятниця,місто,Львів,Сихівський,вулиця,Кавалерідзе І.,7,,наїзд на пішохода - на регульованому пішохідному переході,"порушення правил маневрування , недодержання дистанції",2,без ушкоджень,легко травмований,,,,,,,,49.793247,24.066169,,,,,,,,,,,
2018-09-23,22:20:00,неділя,місто,Львів,Галицький,проспект,"Свободи, просп.",12,,наїзд на пішохода - пішохід рухався у попутному напрямку,перевищення безпечної швидкості,2,без ушкоджень,легко травмований,,,,,,,,49.840079,24.029154,,,,,,,,,,,
2018-09-28,8:27:00,п'ятниця,місто,Львів,Сихівський,вулиця,Луганська,20,,наїзд на пішохода - на регульованому пішохідному переході,порушення правил надання безперешкодного проїзду,2,без ушкоджень,легко травмований,,,,,,,,49.808022,24.043128,,,,,,,,,,,
2018-09-12,14:24:00,середа,місто,Львів,Франківський,вулиця,Пулюя І.,36,,наїзд на пішохода - пішохід рухався у попутному напрямку,порушення правил маневрування,2,без ушкоджень,легко травмований,,,,,,,,49.800976,23.990616,,,,,,,,,,,
2018-09-07,8:31:00,п'ятниця,місто,Львів,Сихівський,вулиця,Стрийська,,вул. Максимовича М.,наїзд на велосипедиста - поза межами велосипедної доріжки,недодержання дистанції,1,легко травмований,,,,,,,,,49.794205,24.016399,,,,,,,,,,,
2018-09-13,21:05:00,четвер,місто,Львів,Сихівський,проспект,"Червоної Калини, просп.",33,,зіткнення бокове,порушення правил маневрування,2,без ушкоджень,легко травмований,,,,,,,,49.804148,24.045451,,,,,,,,,,,
2018-10-11,12:50:00,четвер,місто,Львів,Галицький,вулиця,Дорошенка П.,,"перехрестя вул. Дорошенка П., - Свободи, просп.",наїзд на пішохода - пішохід рухався у попутному напрямку,порушення правил проїзду пішохідних переходів,2,без ушкоджень,легко травмований,,,,,,,,49.840529,24.027872,,,,,,,,,,,
2018-10-11,16:01:00,четвер,місто,Львів,Галицький,вулиця,"Гнатюка В., акад.",4,,наїзд на пішохода - пішохід рухався у попутному напрямку,"порушення правил маневрування , перехід у невстановленому місці",2,без ушкоджень,легко травмований,,,,,,,,49.841788,24.022706,,,,,,,,,,,
2018-09-11,19:31:00,вівторок,місто,Львів,Франківський,вулиця,Мельника А.,,"вул. Єфремова С., акад.",наїзд на пішохода - на регульованому пішохідному переході,порушення правил маневрування,2,без ушкоджень,легко травмований,,,,,,,,49.830495,24.004419,,,,,,,,,,,
2018-09-27,11:40:00,четвер,місто,Львів,Галицький,вулиця,Зернова,1,,наїзд на пішохода - пішохід переходив дорогу поза межами пішохідного переходу,перехід у невстановленому місці,2,без ушкоджень,легко травмований,,,,,,,,49.846538,24.024219,,,,,,,,,,,
2018-09-17,6:28:00,понеділок,місто,Львів,Галицький,вулиця,Городоцька,,"перехрестя вул. Городоцька - Кропивницького М., пл.",наїзд на пішохода - пішохід переходив дорогу поза межами пішохідного переходу,перехід у невстановленому місці,2,без ушкоджень,помер на місці дтп,,,,,,,,49.837249,24.004333,,,,,,,,,,,
2018-10-01,7:30:00,понеділок,місто,Львів,Сихівський,вулиця,Луганська,,перехрестя вул. Луганська - вул. Стрийська,наїзд на велосипедиста - велосипедист рухався у попутному напрямку,порушення правил маневрування,2,легко травмований,без ушкоджень,,,,,,,,49.811778,24.019568,,,,,,,,,,,
2018-09-30,2:53:00,неділя,місто,Львів,Галицький,проспект,"Чорновола В., просп.",2,,наїзд на пішохода - пішохід рухався у попутному напрямку,перевищення безпечної швидкості,2,без ушкоджень,легко травмований,,,,,,,,49.848447,24.025807,,,,,,,,,,,
2018-10-02,8:49:00,вівторок,місто,Львів,Залізничний,вулиця,Петлюри С.,2,,наїзд на пішохода - пішохід рухався у попутному напрямку,порушення правил маневрування,2,без ушкоджень,легко травмований,,,,,,,,49.822982,23.978439,,,,,,,,,,,
2018-10-04,11:48:00,четвер,місто,Львів,Сихівський,вулиця,Навроцького В.,23,,наїзд на пішохода - пішохід рухався у попутному напрямку,порушення правил маневрування,2,без ушкоджень,легко травмований,,,,,,,,49.811027,24.052774,,,,,,,,,,,
2018-09-05,0:28:00,середа,місто,Львів,Галицький,проспект,"Чорновола В., просп.",39,,"наїзд на опори ( леп, телефонних та телеграфних ліній, рекламоносіїв, щогли антен моб. зв'язку, тощо )",перевищення безпечної швидкості,1,легко травмований,,,,,,,,,49.849122,24.025399,,,,,,,,,,,
2018-09-06,14:15:00,четвер,місто,Львів,Залізничний,вулиця,Виговського І.,79,,зіткнення бокове,недодержання дистанції,3,легко травмований,без ушкоджень,без ушкоджень,,,,,,,49.812616,23.979512,,,,,,,,,,,
2018-09-09,3:46:00,неділя,село,Сокільники,,вулиця,Кульпарківська,,На А/Д Львів - Пустомити - Меденичі,наїзд на інші види перешкод,перевищення безпечної швидкості,1,помер на місці дтп,,,,,,,,,49.788912,23.978562,,,,,,,,,,,
2018-10-02,8:01:00,вівторок,місто,Львів,Залізничний,вулиця,Виговського І.,77,,зіткнення лобове,порушення правил маневрування,2,без ушкоджень,легко травмований,,,,,,,,49.812847,23.978595,,,,,,,,,,,
2018-09-19,22:35:00,середа,місто,Львів,Галицький,проспект,"Свободи, просп.",33,,наїзд на пішохода - пішохід рухався у попутному напрямку,порушення правил проїзду пішохідних переходів,2,без ушкоджень,легко травмований,,,,,,,,49.842971,24.026344,,,,,,,,,,,
2018-10-01,10:43:00,понеділок,місто,Львів,Личаківський,вулиця,Пасічна,49,,зіткнення лобове,"порушення правил маневрування , перевищення безпечної швидкості , недодержання дистанції",4,без ушкоджень,без ушкоджень,легко травмований,легко травмований,,,,,,49.828394,24.070718,,,,,,,,,,,
2018-09-19,11:45:00,середа,місто,Львів,Галицький,проспект,"Чорновола В., просп.",7,,наїзд на пішохода - пішохід рухався у попутному напрямку,"невиконання вимог сигналів регулювання , порушення правил проїзду пішохідних переходів",2,без ушкоджень,легко травмований,,,,,,,,49.84623,24.025388,,,,,,,,,,,
2018-09-20,14:55:00,четвер,місто,Львів,Сихівський,вулиця,Стрийська,,перехрестя вул. Стрийська - вул. Мікльоша К.,зіткнення лобове,порушення правил маневрування,4,легко травмований,без ушкоджень,легко травмований,легко травмований,,,,,,49.783744,24.014204,,,,,,,,,,,
2018-09-08,22:20:00,субота,місто,Львів,Галицький,вулиця,Театральна,,,наїзд на пішохода - пішохід рухався у зустрічному напрямку,перевищення безпечної швидкості,2,без ушкоджень,легко травмований,,,,,,,,49.844767,24.028559,,,,,,,,,,,
2018-09-11,20:33:00,вівторок,місто,Львів,Залізничний,вулиця,Левандівська,15,,наїзд на пішохода - пішохід рухався у попутному напрямку,порушення правил маневрування,2,без ушкоджень,легко травмований,,,,,,,,49.844462,23.983809,,,,,,,,,,,
2018-09-21,14:26:00,п'ятниця,місто,Львів,Галицький,вулиця,Богуна І.,9,,наїзд на пішохода - пішохід рухався у зустрічному напрямку,порушення правил маневрування,2,без ушкоджень,легко травмований,,,,,,,,49.845546,24.025822,,,,,,,,,,,
2018-10-09,12:58:00,вівторок,місто,Львів,Галицький,вулиця,Університетська,1,,падіння пасажира,порушення правил маневрування,2,без ушкоджень,легко травмований,,,,,,,,49.840224,24.022173,,,,,,,,,,,
2018-09-08,9:44:00,субота,місто,Львів,Франківський,вулиця,Кульпарківська,,перехрестя вул. Кульпарківська - вул. Щирецька,наїзд на пішохода - пішохід рухався у зустрічному напрямку,порушення правил проїзду пішохідних переходів,2,без ушкоджень,тяжко травмований,,,,,,,,49.809085,23.982419,,,,,,,,,,,
2018-09-11,8:41:00,вівторок,місто,Львів,Шевченківський,вулиця,Хімічна,50,,наїзд на пішохода - пішохід рухався у попутному напрямку,порушення правил маневрування,2,без ушкоджень,легко травмований,,,,,,,,49.852857,24.021226,,,,,,,,,,,
2018-10-02,20:33:00,вівторок,місто,Львів,Франківський,вулиця,Володимира Великого,52,,наїзд на пішохода - пішохід рухався у попутному напрямку,порушення правил маневрування,2,без ушкоджень,легко травмований,,,,,,,,49.811536,23.989002,,,,,,,,,,,
2018-09-04,21:13:00,вівторок,місто,Львів,Сихівський,вулиця,Угорська,,"перехрестя вул. Угорська - Червоної Калини, просп.",зіткнення бокове,недодержання дистанції,3,без ушкоджень,без ушкоджень,легко травмований,,,,,,,49.810255,24.04624,,,,,,,,,,,
2018-09-22,16:01:00,субота,місто,Львів,Залізничний,вулиця,Кульпарківська,147,,зіткнення з задньою частиною тз,"перевищення безпечної швидкості , недодержання дистанції",3,без ушкоджень,легко травмований,легко травмований,,,,,,,49.802298,23.980562,,,,,,,,,,,
2018-09-11,12:29:00,вівторок,місто,Львів,Сихівський,вулиця,Хуторівка,4Б,,наїзд на пішохода - пішохід рухався у попутному напрямку,перевищення безпечної швидкості,2,без ушкоджень,тяжко травмований,,,,,,,,49.799751,24.026515,,,,,,,,,,,
2018-09-14,17:38:00,п'ятниця,місто,Львів,Шевченківський,вулиця,Замарстинівська,240,,наїзд на інші види перешкод,"перевищення безпечної швидкості , порушення правил маневрування",1,легко травмований,,,,,,,,,49.874621,24.012265,,,,,,,,,,,
2018-09-22,19:42:00,субота,місто,Львів,Сихівський,вулиця,Стрийська,,перехрестя вул. Стрийська - вул. Мікльоша К.,зіткнення з задньою частиною тз,"перевищення безпечної швидкості , недодержання дистанції",3,без ушкоджень,без ушкоджень,легко травмований,,,,,,,49.783703,24.014257,,,,,,,,,,,
2018-10-01,21:45:00,понеділок,місто,Львів,Шевченківський,вулиця,Орлика П.,11,,наїзд на пішохода - пішохід рухався у попутному напрямку,"перевищення безпечної швидкості , неочікуваний вихід на проїзну частину , перехід у невстановленому місці",2,без ушкоджень,тяжко травмований,,,,,,,,49.874507,24.033542,,,,,,,,,,,
2018-10-11,20:01:00,четвер,місто,Львів,Шевченківський,вулиця,Винниця,42,,наїзд на інші види перешкод,перевищення безпечної швидкості,2,без ушкоджень,легко травмований,,,,,,,,49.865362,23.978605,,,,,,,,,,,
2018-10-09,20:32:00,вівторок,місто,Львів,Залізничний,вулиця,Кульпарківська,11,,наїзд на пішохода - пішохід рухався у попутному напрямку,порушення правил проїзду пішохідних переходів,2,без ушкоджень,легко травмований,,,,,,,,49.816392,23.98214,,,,,,,,,,,
2018-09-24,0:30:00,понеділок,місто,Львів,Галицький,проспект,"Свободи, просп.",18,,наїзд на пішохода - пішохід рухався у попутному напрямку,порушення правил маневрування,2,без ушкоджень,легко травмований,,,,,,,,49.842487,24.027593,,,,,,,,,,,
2018-09-24,3:07:00,понеділок,місто,Львів,Сихівський,вулиця,Стрийська,133,,зіткнення з задньою частиною тз,"перевищення безпечної швидкості , недодержання дистанції",4,легко травмований,легко травмований,помер на місці дтп,тяжко травмований,,,,,,49.78276,24.014118,,,,,,,,,,,
2018-09-18,19:01:00,вівторок,місто,Львів,Франківський,вулиця,Володимира Великого,51,,зіткнення бокове,порушення правил маневрування,3,без ушкоджень,без ушкоджень,легко травмований,,,,,,,49.810127,24.003196,,,,,,,,,,,
2018-09-21,20:01:00,п'ятниця,місто,Львів,Залізничний,вулиця,Кульпарківська,164,,зіткнення бокове,порушення правил маневрування,2,без ушкоджень,тяжко травмований,,,,,,,,49.813972,23.983583,,,,,,,,,,,
2018-09-08,18:12:00,субота,місто,Львів,Личаківський,вулиця,Зелена,86,,наїзд на велосипедиста - велосипедист рухався у попутному напрямку,порушення правил проїзду перехресть,2,без ушкоджень,легко травмований,,,,,,,,49.821573,24.055107,,,,,,,,,,,
2018-10-03,20:37:00,середа,місто,Львів,Сихівський,вулиця,Драгана М.,1,,наїзд на пішохода - пішохід рухався у попутному напрямку,порушення правил маневрування,2,без ушкоджень,легко травмований,,,,,,,,49.784665,24.058404,,,,,,,,,,,
2018-09-04,16:25:00,вівторок,місто,Львів,Галицький,вулиця,Городоцька,87,,наїзд на пішохода - пішохід рухався у попутному напрямку,перехід у невстановленому місці,2,без ушкоджень,легко травмований,,,,,,,,49.839125,24.009901,,,,,,,,,,,
2018-09-25,19:55:00,вівторок,місто,Львів,Залізничний,вулиця,Виговського І.,55,,наїзд на пішохода - пішохід рухався у попутному напрямку,неочікуваний вихід на проїзну частину,2,без ушкоджень,легко травмований,,,,,,,,49.815139,23.974206,,,,,,,,,,,
2018-09-26,15:01:00,середа,місто,Львів,Галицький,вулиця,Франка І.,,,наїзд на пішохода - на регульованому пішохідному переході,порушення правил маневрування,2,без ушкоджень,легко травмований,,,,,,,,49.830135,24.031391,,,,,,,,,,,
2018-10-05,22:47:00,п'ятниця,місто,Львів,Шевченківський,вулиця,Шевченка Т.,,,падіння пасажира,порушення правил маневрування,2,без ушкоджень,легко травмований,,,,,,,,49.867088,23.955372,,,,,,,,,,,
2018-10-20,18:19:00,субота,місто,Львів,Галицький,проспект,"Чорновола В., просп.",14,,наїзд на пішохода - пішохід рухався у попутному напрямку,недодержання дистанції,2,без ушкоджень,тяжко травмований,,,,,,,,49.846911,24.02548,,,,,,,,,,,
2018-10-21,0:03:00,неділя,місто,Львів,Франківський,вулиця,Кульпарківська,95,,наїзд на пішохода - пішохід рухався у попутному напрямку,перехід у невстановленому місці,2,без ушкоджень,тяжко травмований,,,,,,,,49.819964,23.988149,,,,,,,,,,,
2018-10-22,15:40:00,понеділок,місто,Львів,Залізничний,вулиця,Білогорща,27,,наїзд на пішохода - пішохід рухався у попутному напрямку,порушення правил маневрування,2,без ушкоджень,легко травмований,,,,,,,,49.844179,23.949235,,,,,,,,,,,
2018-10-20,19:31:00,субота,місто,Львів,Галицький,вулиця,Франка І.,55,,перекидання тз,порушення правил маневрування,1,легко травмований,,,,,,,,,49.834353,24.03432,,,,,,,,,,,
2018-10-24,17:07:00,середа,місто,Львів,Франківський,вулиця,Стрийська,86Б,,зіткнення лобове,перевищення безпечної швидкості,3,без ушкоджень,легко травмований,легко травмований,,,,,,,49.818451,24.020163,,,,,,,,,,,
2018-10-23,20:09:00,вівторок,місто,Львів,Залізничний,вулиця,Виговського І.,29,,наїзд на пішохода - пішохід рухався у попутному напрямку,порушення правил проїзду перехресть,2,без ушкоджень,легко травмований,,,,,,,,49.823335,23.967496,,,,,,,,,,,
2018-11-19,21:30:00,понеділок,село,Пасіки-Зубрицькі,,вулиця,Зелена,477,Тублікарня,наїзд на інші види перешкод,перевищення безпечної швидкості,2,без ушкоджень,легко травмований,,,,,,,,49.782958,24.097154,,,,,,,,,,,
2018-10-29,20:01:00,понеділок,місто,Львів,Личаківський,вулиця,Хмельницького Б.,,Галицьке перехрестя,падіння пасажира,порушення правил маневрування,2,без ушкоджень,легко травмований,,,,,,,,49.875991,24.062644,,,,,,,,,,,
2018-10-16,17:40:00,вівторок,місто,Львів,Сихівський,вулиця,Зелена,150,,наїзд на пішохода - пішохід рухався у попутному напрямку,порушення правил маневрування,2,без ушкоджень,легко травмований,,,,,,,,49.81787,24.059286,,,,,,,,,,,
2018-11-19,14:05:00,понеділок,місто,Львів,Сихівський,вулиця,Кавалерідзе І.,,"перехрестя вул. Кавалерідзе І., - вул. Сихівська",наїзд на пішохода - пішохід рухався у попутному напрямку,порушення правил маневрування,2,без ушкоджень,помер у лікарні протягом 30 діб,,,,,,,,49.794508,24.064136,,,,,,,,,,,
2018-10-15,18:09:00,понеділок,місто,Львів,Личаківський,вулиця,Смольського Г.,,"перехрестя вул. Смольського Г., - вул. Личаківська",зіткнення лобове,порушення правил маневрування,2,без ушкоджень,легко травмований,,,,,,,,49.839858,24.039947,,,,,,,,,,,
2018-11-10,16:01:00,субота,місто,Львів,Сихівський,вулиця,Стрийська,,перехрестя вул. Стрийська - вул. Мікльоша К.,зіткнення бокове,порушення правил маневрування,3,без ушкоджень,без ушкоджень,легко травмований,,,,,,,49.783788,24.01434,,,,,,,,,,,
2018-10-31,9:06:00,середа,місто,Львів,Галицький,площа,"Соборна, пл.",7,,наїзд на пішохода - пішохід рухався у попутному напрямку,порушення правил маневрування,2,без ушкоджень,помер на місці дтп,,,,,,,,49.838384,24.035237,,,,,,,,,,,