accidentDate,accidentTime,accidentDay,settlementType,settlement,district,streetType,streetName,houseNumber,locationComments,accidentType,mainAccidentCause,totalParticipantsAmount,injuryStatusParticipant1,injuryStatusParticipant2,injuryStatusParticipant3,injuryStatusParticipant4,injuryStatusParticipant5,injuryStatusParticipant6,injuryStatusParticipant7,injuryStatusParticipant8,injuryStatusParticipant9,latitude,longitude,injuryStatusParticipant10,injuryStatusParticipant11,injuryStatusParticipant12,injuryStatusParticipant13,injuryStatusParticipant14,injuryStatusParticipant15,injuryStatusParticipant16,injuryStatusParticipant17,injuryStatusParticipant18,injuryStatusParticipant19,injuryStatusParticipant20
2018-11-18,13:01:00,неділя,місто,Львів,Сихівський,вулиця,Демнянська,,перехрестя вул. Демнянська - вул. Хуторівка,наїзд на пішохода - пішохід рухався у попутному напрямку,порушення правил проїзду пішохідних переходів,2,без ушкоджень,легко травмований,,,,,,,,49.80037,24.03022,,,,,,,,,,,
2018-11-17,17:46:00,субота,місто,Львів,Шевченківський,вулиця,Хмельницького Б.,225,,наїзд на пішохода - пішохід рухався у попутному напрямку,порушення правил маневрування,2,без ушкоджень,тяжко травмований,,,,,,,,49.864209,24.051902,,,,,,,,,,,
2018-11-08,4:24:00,четвер,місто,Львів,Франківський,вулиця,Кульпарківська,21,,зіткнення з задньою частиною тз,порушення правил маневрування,3,легко травмований,легко травмований,легко травмований,,,,,,,49.832986,23.990766,,,,,,,,,,,
2018-11-13,12:29:00,вівторок,місто,Львів,Шевченківський,проспект,"Чорновола В., просп.",59,,наїзд на інші види перешкод,порушення правил маневрування,2,без ушкоджень,легко травмований,,,,,,,,49.857336,24.021118,,,,,,,,,,,
2018-10-20,16:55:00,субота,місто,Львів,Франківський,вулиця,Любінська,1,,падіння пасажира,порушення правил маневрування,2,без ушкоджень,легко травмований,,,,,,,,49.833702,23.990636,,,,,,,,,,,
2018-10-10,14:10:00,середа,місто,Львів,Шевченківський,проспект,"Чорновола В., просп.",,Макдональз,падіння пасажира,порушення правил маневрування,2,без ушкоджень,легко травмований,,,,,,,,49.857104,24.021177,,,,,,,,,,,
2018-11-09,17:50:00,п'ятниця,місто,Львів,Личаківський,вулиця,Хмельницького Б.,230,,наїзд на пішохода - пішохід рухався у зустрічному напрямку,перевищення безпечної швидкості,2,без ушкоджень,легко травмований,,,,,,,,49.872188,24.059715,,,,,,,,,,,
2018-10-23,7:20:00,вівторок,місто,Львів,Личаківський,вулиця,Хмельницького Б.,145,,наїзд на пішохода - пішохід рухався у попутному напрямку,порушення правил проїзду пішохідних переходів,2,без ушкоджень,легко травмований,,,,,,,,49.853746,24.041712,,,,,,,,,,,
2018-10-23,18:26:00,вівторок,місто,Львів,Залізничний,вулиця,Петлюри С.,2,,наїзд на пішохода - пішохід рухався у попутному напрямку,порушення правил маневрування,2,без ушкоджень,легко травмований,,,,,,,,49.82311,23.978316,,,,,,,,,,,
2018-11-15,16:15:00,четвер,місто,Львів,Залізничний,вулиця,Любінська,87,,наїзд на пішохода - пішохід рухався у попутному напрямку,неочікуваний вихід на проїзну частину,2,без ушкоджень,легко травмований,,,,,,,,49.824667,23.978391,,,,,,,,,,,
2018-11-15,13:50:00,четвер,місто,Львів,Шевченківський,вулиця,Липинського В.,54,,зіткнення бокове,"перевищення безпечної швидкості , недодержання дистанції",4,легко травмований,без ушкоджень,без ушкоджень,без ушкоджень,,,,,,49.864902,24.041208,,,,,,,,,,,
2018-10-24,8:03:00,середа,місто,Львів,Личаківський,вулиця,Личаківська,199,,наїзд на пішохода - пішохід рухався у попутному напрямку,порушення правил маневрування,2,без ушкоджень,легко травмований,,,,,,,,49.835963,24.071081,,,,,,,,,,,
2018-10-24,8:15:00,середа,місто,Львів,Личаківський,вулиця,Ковельська,67,,наїзд на пішохода - пішохід рухався у попутному напрямку,порушення правил маневрування,2,без ушкоджень,легко травмований,,,,,,,,49.861272,24.06104,,,,,,,,,,,
2018-10-25,20:40:00,четвер,місто,Львів,Франківський,вулиця,Стрийська,74,,наїзд на пішохода - пішохід рухався у попутному напрямку,неочікуваний вихід на проїзну частину,2,без ушкоджень,легко травмований,,,,,,,,49.82055,24.020138,,,,,,,,,,,
2018-10-25,12:20:00,четвер,місто,Львів,Шевченківський,вулиця,Шевченка Т.,24,,наїзд на пішохода - пішохід рухався у попутному напрямку,порушення правил маневрування,2,без ушкоджень,легко травмований,,,,,,,,49.84304,24.015212,,,,,,,,,,,
2018-10-20,19:45:00,субота,місто,Львів,Залізничний,вулиця,Любінська,98,,наїзд на пішохода - пішохід рухався у попутному напрямку,неочікуваний вихід на проїзну частину,2,без ушкоджень,помер у лікарні протягом 30 діб,,,,,,,,49.8226,23.974191,,,,,,,,,,,
2018-10-26,17:06:00,п'ятниця,місто,Львів,Сихівський,вулиця,Навроцького В.,4,,зіткнення лобове,порушення правил обгону,2,без ушкоджень,легко травмований,,,,,,,,49.810587,24.056706,,,,,,,,,,,
2018-10-26,11:30:00,п'ятниця,місто,Львів,Залізничний,вулиця,Городоцька,162,,наїзд на пішохода - пішохід рухався у зустрічному напрямку,недодержання дистанції,3,без ушкоджень,без ушкоджень,легко травмований,,,,,,,49.831858,23.975129,,,,,,,,,,,
2018-11-13,18:30:00,вівторок,місто,Львів,Франківський,вулиця,Кульпарківська,52,,наїзд на пішохода - пішохід рухався у попутному напрямку,порушення правил проїзду пішохідних переходів,2,без ушкоджень,легко травмований,,,,,,,,49.82917,23.990251,,,,,,,,,,,
2018-11-14,14:39:00,середа,місто,Львів,Залізничний,вулиця,Садова,,перехрестя вул. Садова - вул. Петлюри С.,наїзд на пішохода - пішохід рухався у попутному напрямку,неочікуваний вихід на проїзну частину,2,без ушкоджень,легко травмований,,,,,,,,49.822591,23.979206,,,,,,,,,,,
2018-11-08,22:10:00,четвер,місто,Львів,Сихівський,вулиця,Хоткевича Г.,24,,зіткнення бокове,виїзд на смугу зустрічного руху,2,без ушкоджень,легко травмований,,,,,,,,49.795194,24.04668,,,,,,,,,,,
2018-11-14,20:20:00,середа,місто,Львів,Личаківський,вулиця,Хмельницького Б.,269,,зіткнення лобове,порушення правил маневрування,2,без ушкоджень,тяжко травмований,,,,,,,,49.872272,24.059167,,,,,,,,,,,
2018-10-29,6:44:00,понеділок,місто,Львів,Сихівський,вулиця,Вашингтона Дж.,7А,,наїзд на пішохода - пішохід рухався у попутному напрямку,"перевищення безпечної швидкості , порушення правил проїзду пішохідних переходів",2,без ушкоджень,легко травмований,,,,,,,,49.815928,24.069843,,,,,,,,,,,
2018-11-16,9:03:00,п'ятниця,місто,Львів,Шевченківський,вулиця,Жовківська,17,,наїзд на пішохода - пішохід рухався у зустрічному напрямку,неочікуваний вихід на проїзну частину,2,без ушкоджень,легко травмований,,,,,,,,49.854134,24.033827,,,,,,,,,,,
2018-11-09,0:02:00,п'ятниця,місто,Львів,Сихівський,вулиця,Стрийська,,перехрестя вул. Стрийська - вул. Максимовича М.,зіткнення лобове,порушення правил маневрування,4,без ушкоджень,без ушкоджень,легко травмований,легко травмований,,,,,,49.794162,24.016392,,,,,,,,,,,
2018-10-18,9:05:00,четвер,місто,Львів,Личаківський,вулиця,Личаківська,74,,зіткнення лобове,порушення правил проїзду перехресть,3,без ушкоджень,без ушкоджень,легко травмований,,,,,,,49.839159,24.052559,,,,,,,,,,,
2018-10-17,13:33:00,середа,місто,Львів,Галицький,вулиця,"Тарнавського М., ген.",109,,наїзд на пішохода - пішохід рухався у попутному напрямку,порушення правил маневрування,2,без ушкоджень,тяжко травмований,,,,,,,,49.826851,24.042571,,,,,,,,,,,
2018-10-16,14:57:00,вівторок,місто,Львів,Галицький,вулиця,Коперника М.,40,,наїзд на пішохода - пішохід рухався у попутному напрямку,порушення правил маневрування,2,без ушкоджень,легко травмований,,,,,,,,49.83591,24.022352,,,,,,,,,,,
2018-11-10,14:50:00,субота,місто,Львів,Галицький,проспект,"Чорновола В., просп.",2,,наїзд на пішохода - стояв на проїздній частині,порушення правил маневрування,2,без ушкоджень,легко травмований,,,,,,,,49.84749921027356,24.026270950235297,,,,,,,,,,,
2018-11-14,9:01:00,середа,місто,Львів,Галицький,проспект,"Чорновола В., просп.",15,,наїзд на велосипедиста - велосипедист рухався у попутному напрямку,невиконання вимог сигналів регулювання,2,без ушкоджень,легко травмований,,,,,,,,49.847008,24.025501,,,,,,,,,,,
2018-10-13,13:54:00,субота,місто,Львів,Шевченківський,вулиця,Шевченка Т.,376,,зіткнення бокове,"перевищення безпечної швидкості , недодержання дистанції",2,без ушкоджень,легко травмований,,,,,,,,49.869799,23.947374,,,,,,,,,,,
2018-11-12,20:01:00,понеділок,місто,Львів,Шевченківський,вулиця,Єрошенка В.,1,,наїзд на пішохода - пішохід рухався у попутному напрямку,неочікуваний вихід на проїзну частину,2,без ушкоджень,легко травмований,,,,,,,,49.84797,24.00054,,,,,,,,,,,
2018-10-17,11:01:00,середа,місто,Львів,Залізничний,вулиця,Любінська,96,,падіння пасажира,порушення правил маневрування,2,без ушкоджень,легко травмований,,,,,,,,49.823598,23.976261,,,,,,,,,,,
2018-10-21,13:34:00,неділя,місто,Львів,Галицький,проспект,"Свободи, просп.",22,,наїзд на пішохода - пішохід рухався у попутному напрямку,порушення правил проїзду пішохідних переходів,2,без ушкоджень,легко травмований,,,,,,,,49.843283,24.027062,,,,,,,,,,,
2018-10-18,16:50:00,четвер,місто,Львів,Сихівський,вулиця,Зубрівська,10,,падіння пасажира,порушення техніки безпеки пасажиром,2,без ушкоджень,легко травмований,,,,,,,,49.799491,24.064119,,,,,,,,,,,
2018-10-25,0:47:00,четвер,місто,Львів,Шевченківський,вулиця,"Мазепи І., гетьм.",24,,наїзд на пішохода - пішохід рухався у попутному напрямку,порушення правил маневрування,2,без ушкоджень,легко травмований,,,,,,,,49.871849,24.039958,,,,,,,,,,,
2018-10-31,2:33:00,середа,місто,Львів,Залізничний,вулиця,Городоцька,245,,падіння пасажира,порушення правил маневрування,2,легко травмований,легко травмований,,,,,,,,49.831187,23.971363,,,,,,,,,,,
2018-10-23,18:29:00,вівторок,місто,Львів,Франківський,вулиця,Городоцька,205,,зіткнення лобове,"перевищення безпечної швидкості , недодержання дистанції",4,без ушкоджень,без ушкоджень,без ушкоджень,легко травмований,,,,,,49.833962,23.987129,,,,,,,,,,,
2018-10-23,0:02:00,вівторок,місто,Львів,Сихівський,вулиця,Зелена,,перехрестя вул. Зелена - вул. Сихівська,зіткнення лобове,порушення правил проїзду перехресть,4,легко травмований,без ушкоджень,легко травмований,легко травмований,,,,,,49.798469,24.07083,,,,,,,,,,,
2018-10-23,18:30:00,вівторок,місто,Львів,Залізничний,вулиця,Морозенка Н.,22,,зіткнення бокове,"виїзд на смугу зустрічного руху , керування транспортним засобом у нетверезому стані",2,легко травмований,без ушкоджень,,,,,,,,49.841207,24.007353,,,,,,,,,,,
2018-11-08,17:30:00,четвер,місто,Львів,Залізничний,вулиця,Городоцька,291,,зіткнення лобове,"порушення правил надання безперешкодного проїзду , перевищення безпечної швидкості",2,без ушкоджень,тяжко травмований,,,,,,,,49.829097,23.960007,,,,,,,,,,,
2018-10-23,18:39:00,вівторок,місто,Львів,Залізничний,вулиця,Квітки-Основ'яненка Г.,5,,зіткнення бокове,"керування транспортним засобом у нетверезому стані , порушення правил маневрування , недодержання дистанції",2,легко травмований,без ушкоджень,,,,,,,,49.843061,24.004714,,,,,,,,,,,
2018-10-31,20:08:00,середа,місто,Львів,Сихівський,проспект,"Червоної Калини, просп.",76А,,падіння пасажира,порушення правил маневрування,2,без ушкоджень,легко травмований,,,,,,,,49.788212,24.058803,,,,,,,,,,,
2018-11-06,9:15:00,вівторок,місто,Львів,Залізничний,вулиця,Виговського І.,7,,зіткнення бокове,порушення правил надання безперешкодного проїзду,3,без ушкоджень,легко травмований,без ушкоджень,,,,,,,49.828817,23.968848,,,,,,,,,,,
2018-10-25,15:40:00,четвер,місто,Львів,Франківський,вулиця,Стрийська,46Б,,зіткнення бокове,порушення правил маневрування,3,без ушкоджень,без ушкоджень,легко травмований,,,,,,,49.797559,24.01687,,,,,,,,,,,
2018-11-03,11:13:00,субота,місто,Львів,Личаківський,вулиця,Пасічна,2,,наїзд на пішохода - пішохід рухався у попутному напрямку,порушення правил маневрування,2,без ушкоджень,легко травмований,,,,,,,,49.835567,24.068266,,,,,,,,,,,
2018-10-18,9:01:00,четвер,місто,Львів,Франківський,вулиця,Городоцька,,Приміський Вокзал,наїзд на пішохода - пішохід рухався у попутному напрямку,порушення правил маневрування,2,без ушкоджень,легко травмований,,,,,,,,49.833166,23.982468,,,,,,,,,,,
2018-10-25,16:12:00,четвер,місто,Львів,Личаківський,вулиця,Студентська,2,,наїзд на пішохода - пішохід рухався у попутному напрямку,порушення правил маневрування,2,без ушкоджень,легко травмований,,,,,,,,49.82936,24.0458,,,,,,,,,,,
2018-10-25,20:26:00,четвер,місто,Львів,Шевченківський,проспект,"Чорновола В., просп.",,"перехрестя Чорновола В., просп. - вул. Торф'яна",наїзд на пішохода - пішохід рухався у попутному напрямку,невиконання вимог сигналів регулювання,2,без ушкоджень,легко травмований,,,,,,,,49.858114,24.020641,,,,,,,,,,,
2018-11-07,10:59:00,середа,місто,Львів,Франківський,вулиця,Стрийська,45,,наїзд на пішохода - пішохід рухався у попутному напрямку,"порушення правил проїзду пішохідних переходів , порушення правил маневрування",2,без ушкоджень,легко травмований,,,,,,,,49.806779,24.019021,,,,,,,,,,,
2018-11-04,20:59:00,неділя,місто,Львів,Сихівський,вулиця,Стрийська,,перехрестя вул. Стрийська - вул. Мікльоша К.,зіткнення лобове,перевищення безпечної швидкості,4,легко травмований,легко травмований,без ушкоджень,легко травмований,,,,,,49.802527,24.01813,,,,,,,,,,,
2018-11-09,20:20:00,п'ятниця,місто,Львів,Франківський,вулиця,Бойчука М.,5,,зіткнення бокове,порушення правил маневрування,3,без ушкоджень,легко травмований,легко травмований,,,,,,,49.813311,23.995176,,,,,,,,,,,
2018-10-27,20:30:00,субота,місто,Львів,Шевченківський,проспект,"Чорновола В., просп.",45,,наїзд на пішохода - пішохід рухався у попутному напрямку,порушення правил маневрування,2,без ушкоджень,легко травмований,,,,,,,,49.852792,24.023463,,,,,,,,,,,
2018-10-27,8:06:00,субота,місто,Львів,Шевченківський,вулиця,Винниця,60,,зіткнення лобове,порушення правил проїзду перехресть,2,без ушкоджень,легко травмований,,,,,,,,49.862098,23.991732,,,,,,,,,,,
2018-11-06,10:40:00,вівторок,місто,Львів,Сихівський,вулиця,Зелена,383,,наїзд на пішохода - пішохід рухався у попутному напрямку,перевищення безпечної швидкості,2,без ушкоджень,помер у лікарні протягом 30 діб,,,,,,,,49.790886,24.074188,,,,,,,,,,,
2018-11-14,14:30:00,середа,місто,Львів,Шевченківський,проспект,"Чорновола В., просп.",45,,падіння пасажира,порушення правил маневрування,2,без ушкоджень,легко травмований,,,,,,,,49.852549,24.023575,,,,,,,,,,,
2018-10-19,22:19:00,п'ятниця,місто,Львів,Франківський,вулиця,Наукова,7,,зіткнення лобове,недодержання дистанції,3,без ушкоджень,легко травмований,легко травмований,,,,,,,49.803216,24.004172,,,,,,,,,,,
2018-10-29,3:48:00,понеділок,місто,Львів,Франківський,вулиця,Героїв Майдану,1,,зіткнення бокове,порушення правил маневрування,3,без ушкоджень,без ушкоджень,легко травмований,,,,,,,49.831273,24.018447,,,,,,,,,,,
2018-10-21,18:01:00,неділя,місто,Львів,Сихівський,проспект,"Червоної Калини, просп.",,Бар Недобора,наїзд на пішохода - пішохід рухався у попутному напрямку,порушення правил маневрування,2,без ушкоджень,легко травмований,,,,,,,,49.798636,24.048879,,,,,,,,,,,
2018-10-25,12:41:00,четвер,місто,Львів,Франківський,вулиця,Наукова,,перехрестя вул. Стрийська - вул. Наукова,зіткнення бокове,порушення правил маневрування,3,без ушкоджень,без ушкоджень,легко травмований,,,,,,,49.80189,24.017894,,,,,,,,,,,
2018-10-19,17:17:00,п'ятниця,місто,Львів,Галицький,вулиця,Городоцька,93,,наїзд на пішохода - пішохід рухався у попутному напрямку,недодержання дистанції,3,без ушкоджень,легко травмований,легко травмований,,,,,,,49.83882963653838,24.009117101673947,,,,,,,,,,,
2018-10-28,17:51:00,неділя,село,Сокільники,,вулиця,Стрийська,,Ашан,наїзд на пішохода - пішохід рухався у попутному напрямку,перевищення безпечної швидкості,2,без ушкоджень,легко травмований,,,,,,,,49.770068,24.014204,,,,,,,,,,,
2018-10-24,2:57:00,середа,місто,Львів,Галицький,проспект,"Чорновола В., просп.",1,,наїзд на пішохода - пішохід рухався у попутному напрямку,порушення правил маневрування,2,без ушкоджень,легко травмований,,,,,,,,49.845009,24.025319,,,,,,,,,,,
2018-11-09,23:01:00,п'ятниця,місто,Львів,Залізничний,вулиця,Любінська,98,,зіткнення бокове,"перевищення безпечної швидкості , недодержання дистанції",3,без ушкоджень,без ушкоджень,легко травмований,,,,,,,49.822958,23.974861,,,,,,,,,,,
2018-11-14,14:45:00,середа,місто,Львів,Сихівський,проспект,"Червоної Калини, просп.",60,,наїзд на пішохода - пішохід рухався у попутному напрямку,порушення правил проїзду пішохідних переходів,3,без ушкоджень,легко травмований,легко травмований,,,,,,,49.796724,24.053112,,,,,,,,,,,
2018-11-15,3:50:00,четвер,місто,Львів,Сихівський,вулиця,Стрийська,45,,наїзд на інші види перешкод,порушення правил маневрування,3,легко травмований,легко травмований,легко травмований,,,,,,,49.80825,24.019331,,,,,,,,,,,
2018-10-30,9:22:00,вівторок,місто,Львів,Залізничний,вулиця,Головацького Я.,9,,наїзд на пішохода - пішохід рухався у попутному напрямку,порушення правил маневрування,2,легко травмований,без ушкоджень,,,,,,,,49.838609,24.005878,,,,,,,,,,,
2018-10-22,16:37:00,понеділок,місто,Львів,Франківський,вулиця,Княгині Ольги,55А,,падіння пасажира,порушення правил маневрування,2,без ушкоджень,легко травмований,,,,,,,,49.812969,24.000653,,,,,,,,,,,
2018-10-30,10:30:00,вівторок,місто,Львів,Личаківський,вулиця,Кукурудзяна,4,,зіткнення лобове,"перевищення безпечної швидкості , недодержання дистанції",3,без ушкоджень,без ушкоджень,легко травмований,,,,,,,49.862589,24.058803,,,,,,,,,,,
2018-10-28,20:06:00,неділя,місто,Львів,Галицький,вулиця,"Ринок, пл.",15,,наїзд на пішохода - пішохід рухався у попутному напрямку,порушення правил маневрування,2,без ушкоджень,легко травмований,,,,,,,,49.841425,24.032106,,,,,,,,,,,
2018-11-15,5:46:00,четвер,місто,Львів,Галицький,проспект,"Чорновола В., просп.",,"Перехрестя Чорновола В., просп., - вул. Зернова",зіткнення лобове,порушення правил маневрування,3,без ушкоджень,легко травмований,легко травмований,,,,,,,49.846135,24.025207,,,,,,,,,,,
2018-10-15,0:38:00,понеділок,місто,Львів,Залізничний,вулиця,Білогорща,56,,наїзд на інші види перешкод,порушення правил маневрування,2,без ушкоджень,легко травмований,,,,,,,,49.844788,23.94462,,,,,,,,,,,
2018-10-20,10:56:00,субота,місто,Львів,Галицький,вулиця,"Тарнавського М., ген.",98,,наїзд на пішохода - пішохід рухався у попутному напрямку,порушення правил маневрування,2,без ушкоджень,легко травмований,,,,,,,,49.828021,24.040108,,,,,,,,,,,
2018-10-27,23:18:00,субота,місто,Львів,Шевченківський,вулиця,Шевченка Т.,166А,,зіткнення лобове,перевищення безпечної швидкості,3,легко травмований,без ушкоджень,без ушкоджень,,,,,,,49.859795,23.96815,,,,,,,,,,,
2018-10-25,20:43:00,четвер,місто,Львів,Личаківський,вулиця,Зелена,,перехрестя вул. Зелена - вул. Руставелі Ш.,наїзд на пішохода - пішохід рухався у попутному напрямку,порушення правил маневрування,2,без ушкоджень,легко травмований,,,,,,,,49.834301,24.035511,,,,,,,,,,,
2018-10-29,10:08:00,понеділок,місто,Львів,Личаківський,вулиця,Личаківська,1,,падіння пасажира,порушення правил маневрування,2,без ушкоджень,легко травмований,,,,,,,,49.839726,24.036632,,,,,,,,,,,
2018-11-01,12:42:00,четвер,місто,Львів,Личаківський,вулиця,Зелена,64,,наїзд на пішохода - пішохід рухався у попутному напрямку,порушення правил проїзду пішохідних переходів,2,без ушкоджень,тяжко травмований,,,,,,,,49.829594,24.04457,,,,,,,,,,,
2018-10-12,14:10:00,п'ятниця,місто,Львів,Шевченківський,вулиця,Хмельницького Б.,46,,наїзд на пішохода - пішохід рухався у попутному напрямку,порушення правил маневрування,2,без ушкоджень,легко травмований,,,,,,,,49.851183,24.029776,,,,,,,,,,,
2018-11-01,19:38:00,четвер,місто,Львів,Шевченківський,вулиця,Шевченка Т.,,перехрестя вул. Шевченка Т. - вул. Миколайчука І.,зіткнення лобове,порушення правил проїзду перехресть,3,без ушкоджень,без ушкоджень,легко травмований,,,,,,,49.853369,23.986588,,,,,,,,,,,
2018-10-13,18:15:00,субота,місто,Львів,Франківський,вулиця,Наукова,35А,,наїзд на пішохода - пішохід рухався у попутному напрямку,порушення правил маневрування,2,без ушкоджень,легко травмований,,,,,,,,49.80395,23.997032,,,,,,,,,,,
2018-11-09,22:30:00,п'ятниця,місто,Львів,Личаківський,вулиця,Пекарська,68,,наїзд на пішохода - пішохід рухався у попутному напрямку,порушення правил маневрування,2,без ушкоджень,легко травмований,,,,,,,,49.835955,24.047753,,,,,,,,,,,
2018-10-14,12:50:00,неділя,місто,Львів,Личаківський,вулиця,Богданівська,,перехрестя вул. Богданівська - вул. Тракт Глинянський,наїзд на велосипедиста - велосипедист рухався у попутному напрямку,недодержання дистанції,2,без ушкоджень,легко травмований,,,,,,,,49.840086,24.08452,,,,,,,,,,,
2018-11-06,20:45:00,вівторок,місто,Львів,Залізничний,вулиця,Патона Є.,,Реліквія,наїзд на пішохода - пішохід рухався у попутному напрямку,порушення правил маневрування,2,без ушкоджень,легко травмований,,,,,,,,49.823505,23.95684,,,,,,,,,,,
2018-11-13,13:35:00,вівторок,місто,Львів,Франківський,вулиця,Княгині Ольги,,перехрестя вул. Княгині Ольги - вул. Бойчука М.,падіння пасажира,порушення правил маневрування,2,без ушкоджень,легко травмований,,,,,,,,49.812609,24.00016,,,,,,,,,,,
2018-10-20,5:45:00,субота,місто,Львів,Франківський,вулиця,Любінська,6А,,наїзд на інші види перешкод,перевищення безпечної швидкості,2,легко травмований,без ушкоджень,,,,,,,,49.832592,23.99031,,,,,,,,,,,
2018-11-16,20:01:00,п'ятниця,місто,Львів,Галицький,вулиця,Торгова,11,,наїзд на пішохода - пішохід рухався у попутному напрямку,порушення правил маневрування,2,без ушкоджень,легко травмований,,,,,,,,49.84495,24.025936,,,,,,,,,,,
2018-10-22,10:43:00,понеділок,селище,Рудне,Залізничний,вулиця,"Мазепи І., гетьм.",24,,падіння пасажира,порушення правил маневрування,2,без ушкоджень,тяжко травмований,,,,,,,,49.83554,23.890581,,,,,,,,,,,
2018-11-14,13:48:00,середа,місто,Львів,Шевченківський,вулиця,Шевченка Т.,300,,наїзд на інші види перешкод,перевищення безпечної швидкості,2,легко травмований,легко травмований,,,,,,,,49.863419,23.962228,,,,,,,,,,,
2018-11-08,8:10:00,четвер,місто,Львів,Личаківський,вулиця,Пасічна,88,,зіткнення бокове,"перевищення безпечної швидкості , недодержання дистанції",2,легко травмований,без ушкоджень,,,,,,,,49.82063,24.07626,,,,,,,,,,,
2018-11-13,17:09:00,вівторок,місто,Львів,Франківський,вулиця,Володимира Великого,1,,наїзд на пішохода - пішохід рухався у попутному напрямку,порушення правил маневрування,2,без ушкоджень,легко травмований,,,,,,,,49.808198,24.017884,,,,,,,,,,,
2018-11-09,17:30:00,п'ятниця,місто,Львів,Сихівський,вулиця,Орлина,8,,наїзд на пішохода - пішохід рухався у попутному напрямку,порушення правил маневрування,2,без ушкоджень,легко травмований,,,,,,,,49.815544,24.055794,,,,,,,,,,,
2018-11-07,20:01:00,середа,місто,Львів,Залізничний,вулиця,Городоцька,291,,зіткнення лобове,порушення правил проїзду перехресть,5,легко травмований,без ушкоджень,легко травмований,легко травмований,легко травмований,,,,,49.829104,23.960103,,,,,,,,,,,
2018-12-23,14:40:00,неділя,місто,Львів,Шевченківський,вулиця,Брюховицька,55,,наїзд на інші види перешкод,перевищення безпечної швидкості,2,без ушкоджень,легко травмований,,,,,,,,49.868696,23.966514,,,,,,,,,,,
2018-12-06,12:20:00,четвер,місто,Львів,Залізничний,вулиця,Широка,1,,падіння пасажира,порушення правил маневрування,2,без ушкоджень,легко травмований,,,,,,,,49.842518,23.979716,,,,,,,,,,,
2018-12-26,16:50:00,середа,місто,Львів,Личаківський,вулиця,Богданівська,135,,зіткнення лобове,недодержання дистанції,2,легко травмований,без ушкоджень,,,,,,,,49.850623,24.07959,,,,,,,,,,,
2018-12-07,20:06:00,п'ятниця,місто,Львів,Галицький,вулиця,Кривоноса М.,5,,зіткнення лобове,порушення правил маневрування,2,без ушкоджень,легко травмований,,,,,,,,49.844798,24.038542,,,,,,,,,,,
2018-12-24,12:30:00,понеділок,місто,Львів,Галицький,вулиця,Краківська,34,,наїзд на пішохода - пішохід рухався у попутному напрямку,порушення правил маневрування,2,без ушкоджень,легко травмований,,,,,,,,49.844182,24.029562,,,,,,,,,,,
2018-11-18,17:35:00,неділя,місто,Львів,Галицький,проспект,"Свободи, просп.",28,,наїзд на пішохода - стояв на проїздній частині,порушення правил маневрування,2,без ушкоджень,легко травмований,,,,,,,,49.844144,24.026547,,,,,,,,,,,
2018-11-07,16:06:00,середа,місто,Львів,Шевченківський,вулиця,Шевченка Т.,,Приватбанк,наїзд на пішохода - пішохід рухався у попутному напрямку,порушення правил маневрування,2,без ушкоджень,легко травмований,,,,,,,,49.860424,23.969464,,,,,,,,,,,
2018-12-07,8:02:00,п'ятниця,місто,Львів,Личаківський,вулиця,Богданівська,1,,зіткнення лобове,перевищення безпечної швидкості,5,легко травмований,без ушкоджень,без ушкоджень,легко травмований,легко травмований,,,,,49.845559,24.08481,,,,,,,,,,,
2018-11-21,19:40:00,середа,місто,Львів,Шевченківський,вулиця,Грінченка Б.,6,,наїзд на пішохода - пішохід рухався у попутному напрямку,порушення правил проїзду пішохідних переходів,2,без ушкоджень,легко травмований,,,,,,,,49.87282,24.0522,,,,,,,,,,,
2018-11-25,17:30:00,неділя,місто,Львів,Сихівський,вулиця,Мирного Панаса,,Біля школи №69,наїзд на пішохода - пішохід рухався у попутному напрямку,порушення правил маневрування,3,без ушкоджень,легко травмований,легко травмований,,,,,,,49.815322,24.031069,,,,,,,,,,,
2018-12-13,22:01:00,четвер,місто,Львів,Шевченківський,вулиця,Винниця,60Г,,зіткнення бокове,порушення правил маневрування,2,легко травмований,без ушкоджень,,,,,,,,49.86193,23.992002,,,,,,,,,,,
2018-12-16,1:08:00,неділя,місто,Львів,Галицький,вулиця,Стуса В.,14,,зіткнення лобове,порушення правил маневрування,3,легко травмований,без ушкоджень,легко травмований,,,,,,,49.821895,24.039132,,,,,,,,,,,
2018-12-16,21:20:00,неділя,місто,Львів,Залізничний,вулиця,Любінська,92,,наїзд на пішохода - пішохід рухався у попутному напрямку,перехід у невстановленому місці,2,без ушкоджень,помер на місці дтп,,,,,,,,49.824498,23.978096,,,,,,,,,,,