accidentDate,accidentTime,accidentDay,settlementType,settlement,district,streetType,streetName,houseNumber,locationComments,accidentType,mainAccidentCause,totalParticipantsAmount,injuryStatusParticipant1,injuryStatusParticipant2,injuryStatusParticipant3,injuryStatusParticipant4,injuryStatusParticipant5,injuryStatusParticipant6,injuryStatusParticipant7,injuryStatusParticipant8,injuryStatusParticipant9,latitude,longitude,injuryStatusParticipant10,injuryStatusParticipant11,injuryStatusParticipant12,injuryStatusParticipant13,injuryStatusParticipant14,injuryStatusParticipant15,injuryStatusParticipant16,injuryStatusParticipant17,injuryStatusParticipant18,injuryStatusParticipant19,injuryStatusParticipant20
2018-12-29,4:37:00,субота,місто,Львів,Залізничний,вулиця,Виговського І.,,"перехрестя вул. Виговського І., - вул. Кульпарківська",наїзд на інші види перешкод,порушення правил маневрування,2,легко травмований,легко травмований,,,,,,,,49.812124,23.983455,,,,,,,,,,,
2018-12-22,18:05:00,субота,місто,Львів,Галицький,вулиця,"Чупринки Т., ген.",11,,наїзд на пішохода - пішохід рухався у попутному напрямку,порушення правил маневрування,2,без ушкоджень,легко травмований,,,,,,,,49.834415,24.016167,,,,,,,,,,,
2018-12-28,19:20:00,п'ятниця,місто,Львів,Личаківський,вулиця,Вашингтона Дж.,2,,наїзд на пішохода - пішохід рухався у попутному напрямку,"порушення правил маневрування , порушення правил проїзду пішохідних переходів",2,без ушкоджень,легко травмований,,,,,,,,49.815976,24.06251,,,,,,,,,,,
2018-12-13,19:52:00,четвер,місто,Львів,Франківський,вулиця,Наукова,62,,наїзд на пішохода - пішохід рухався у попутному напрямку,перехід у невстановленому місці,2,без ушкоджень,легко травмований,,,,,,,,49.804369,23.994752,,,,,,,,,,,
2018-11-23,19:15:00,п'ятниця,місто,Львів,Галицький,вулиця,Скельна,,"перехрестя вул. Франка І., - вул. Скельна",наїзд на пішохода - пішохід рухався у попутному напрямку,порушення правил маневрування,2,без ушкоджень,легко травмований,,,,,,,,49.832658,24.033827,,,,,,,,,,,
2018-11-30,18:22:00,п'ятниця,місто,Львів,Галицький,вулиця,Дорошенка П.,13,,наїзд на пішохода - пішохід рухався у попутному напрямку,порушення правил маневрування,2,без ушкоджень,легко травмований,,,,,,,,49.839934,24.026708,,,,,,,,,,,
2018-12-06,8:01:00,четвер,місто,Львів,Франківський,вулиця,Бойчука М.,,"перехрестя вул. Бойчука М., - вул. Айвазовського І.",наїзд на пішохода - пішохід рухався у попутному напрямку,неочікуваний вихід на проїзну частину,2,без ушкоджень,легко травмований,,,,,,,,49.81292,23.998078,,,,,,,,,,,
2018-12-21,10:06:00,п'ятниця,місто,Львів,Залізничний,вулиця,Любінська,164,,зіткнення лобове,порушення правил проїзду перехресть,2,легко травмований,без ушкоджень,,,,,,,,49.818614,23.961444,,,,,,,,,,,
2018-11-29,13:27:00,четвер,місто,Львів,Личаківський,вулиця,Зелена,60,,наїзд на пішохода - пішохід рухався у попутному напрямку,перевищення безпечної швидкості,2,без ушкоджень,легко травмований,,,,,,,,49.830239,24.043896,,,,,,,,,,,
2018-11-30,8:15:00,п'ятниця,місто,Львів,Личаківський,вулиця,Тершаковців,1,,наїзд на пішохода - пішохід рухався у попутному напрямку,порушення правил маневрування,2,без ушкоджень,легко травмований,,,,,,,,49.836239,24.041455,,,,,,,,,,,
2018-11-21,13:48:00,середа,місто,Львів,Залізничний,вулиця,Виговського І.,5,,наїзд на пішохода - пішохід рухався у попутному напрямку,порушення правил маневрування,2,без ушкоджень,тяжко травмований,,,,,,,,49.829239,23.968112,,,,,,,,,,,
2018-12-01,15:49:00,субота,місто,Львів,Франківський,вулиця,Наукова,35,,наїзд на пішохода - пішохід рухався у попутному напрямку,порушення правил маневрування,2,без ушкоджень,легко травмований,,,,,,,,49.803926,23.997252,,,,,,,,,,,
2018-12-11,11:49:00,вівторок,місто,Львів,Галицький,вулиця,Городоцька,91,,наїзд на пішохода - пішохід рухався у попутному напрямку,порушення правил маневрування,3,без ушкоджень,без ушкоджень,легко травмований,,,,,,,49.839051,24.00921,,,,,,,,,,,
2018-12-02,18:17:00,неділя,село,Сокільники,,вулиця,Стрийська,30,,зіткнення лобове,порушення правил маневрування,4,легко травмований,легко травмований,легко травмований,легко травмований,,,,,,49.775056,24.014053,,,,,,,,,,,
2018-12-11,11:35:00,вівторок,місто,Львів,Залізничний,вулиця,Любінська,,перехрестя вул. Любінська - вул. Виговського І.,наїзд на пішохода - пішохід рухався у зустрічному напрямку,"порушення правил маневрування , перевищення безпечної швидкості , недодержання дистанції",2,без ушкоджень,легко травмований,,,,,,,,49.820666,23.969161,,,,,,,,,,,
2018-12-03,8:02:00,понеділок,місто,Львів,Залізничний,вулиця,Городоцька,,Скнилівський міст,зіткнення лобове,порушення правил маневрування,4,легко травмований,без ушкоджень,помер на місці дтп,легко травмований,,,,,,49.832225,23.977232,,,,,,,,,,,
2018-12-02,19:56:00,неділя,місто,Львів,Залізничний,вулиця,Городоцька,288,,зіткнення бокове,недодержання дистанції,3,без ушкоджень,легко травмований,без ушкоджень,,,,,,,49.822439,23.920171,,,,,,,,,,,
2018-11-21,22:43:00,середа,місто,Львів,Галицький,вулиця,Коперника М.,30,,наїзд на пішохода - лежав на дорозі,порушення правил маневрування,2,без ушкоджень,легко травмований,,,,,,,,49.837484,24.025013,,,,,,,,,,,
2018-12-22,18:08:00,субота,місто,Львів,Галицький,вулиця,Галицька,,Зупинка,падіння пасажира,"порушення правил маневрування , порушення правил перевезення пасажирів",2,без ушкоджень,легко травмований,,,,,,,,49.839311,24.032314,,,,,,,,,,,
2018-12-04,15:55:00,вівторок,місто,Львів,Галицький,площа,"Міцкевича А., пл.",1,,наїзд на пішохода - пішохід рухався у попутному напрямку,порушення правил маневрування,2,без ушкоджень,легко травмований,,,,,,,,49.839103,24.030318,,,,,,,,,,,
2018-12-04,20:10:00,вівторок,місто,Львів,Франківський,вулиця,Героїв УПА,14,,наїзд на пішохода - пішохід рухався у попутному напрямку,порушення правил маневрування,2,без ушкоджень,легко травмований,,,,,,,,49.834526,24.003657,,,,,,,,,,,
2018-11-21,14:50:00,середа,місто,Львів,Личаківський,вулиця,"Філатова В., акад.",11,,зіткнення лобове,"перевищення безпечної швидкості , недодержання дистанції",3,без ушкоджень,без ушкоджень,легко травмований,,,,,,,49.838975,24.039347,,,,,,,,,,,
2018-12-22,5:15:00,субота,село,Пасіки-Зубрицькі,,вулиця,Зелена,300,,наїзд на пішохода - пішохід рухався у попутному напрямку,перехід у невстановленому місці,2,без ушкоджень,легко травмований,,,,,,,,49.770677,24.103661,,,,,,,,,,,
2018-12-27,15:25:00,четвер,місто,Львів,Залізничний,вулиця,Ряшівська,,перехрестя вул. Ряшівська - вул. Городоцька,зіткнення лобове,"перевищення безпечної швидкості , недодержання дистанції",2,легко травмований,легко травмований,,,,,,,,49.82800601593354,23.95373715326456,,,,,,,,,,,
2018-11-30,13:30:00,п'ятниця,місто,Львів,Франківський,вулиця,Кульпарківська,35,,наїзд на пішохода - пішохід рухався у попутному напрямку,порушення правил маневрування,2,без ушкоджень,легко травмований,,,,,,,,49.831055,23.990648,,,,,,,,,,,
2018-12-26,22:07:00,середа,місто,Львів,Залізничний,вулиця,Петлюри С.,25,,зіткнення лобове,порушення правил маневрування,3,без ушкоджень,без ушкоджень,легко травмований,,,,,,,49.82093,23.980097,,,,,,,,,,,
2018-12-27,19:01:00,четвер,місто,Львів,Шевченківський,вулиця,Липинського В.,60,,наїзд на пішохода - пішохід рухався у попутному напрямку,порушення правил проїзду пішохідних переходів,2,без ушкоджень,легко травмований,,,,,,,,49.865124,24.050016,,,,,,,,,,,
2018-12-28,21:37:00,п'ятниця,місто,Львів,Шевченківський,вулиця,Замарстинівська,270,,наїзд на пішохода - пішохід рухався у попутному напрямку,перехід у невстановленому місці,2,без ушкоджень,легко травмований,,,,,,,,49.876406,24.007984,,,,,,,,,,,
2018-11-30,9:50:00,п'ятниця,місто,Львів,Шевченківський,вулиця,О. Омеляна Ковча,1,,"наїзд на дорожний знак, бордюрний камінь",порушення правил маневрування,1,легко травмований,,,,,,,,,49.860798,23.988883,,,,,,,,,,,
2018-12-18,12:45:00,вівторок,місто,Львів,Шевченківський,вулиця,Липинського В.,54,,наїзд на пішохода - пішохід рухався у попутному напрямку,порушення правил маневрування,2,без ушкоджень,легко травмований,,,,,,,,49.864394,24.041279,,,,,,,,,,,
2018-12-08,11:57:00,субота,місто,Львів,Сихівський,проспект,"Червоної Калини, просп.",107,,наїзд на пішохода - пішохід рухався у попутному напрямку,порушення правил проїзду пішохідних переходів,2,без ушкоджень,легко травмований,,,,,,,,49.785909,24.061373,,,,,,,,,,,
2018-11-30,18:51:00,п'ятниця,місто,Львів,Залізничний,вулиця,Любінська,102,,наїзд на пішохода - пішохід рухався у попутному напрямку,порушення правил маневрування,2,без ушкоджень,легко травмований,,,,,,,,49.82184,23.972195,,,,,,,,,,,
2018-12-01,8:50:00,субота,місто,Львів,Личаківський,вулиця,Кукурудзяна,,Торпедо,наїзд на пішохода - на регульованому пішохідному переході,порушення правил маневрування,2,без ушкоджень,тяжко травмований,,,,,,,,49.864615,24.055274,,,,,,,,,,,
2018-12-21,17:01:00,п'ятниця,місто,Львів,Сихівський,вулиця,Стуса В.,22А,,наїзд на пішохода - пішохід рухався у попутному напрямку,порушення правил проїзду пішохідних переходів,2,без ушкоджень,легко травмований,,,,,,,,49.818306,24.043563,,,,,,,,,,,
2018-12-20,23:15:00,четвер,місто,Львів,Личаківський,вулиця,Кривчицька Дорога,38,,наїзд на інші види перешкод,"перевищення безпечної швидкості , керування транспортним засобом у нетверезому стані",1,легко травмований,,,,,,,,,49.843646,24.072515,,,,,,,,,,,
2018-12-24,7:30:00,понеділок,місто,Львів,Франківський,вулиця,Кондукторська,,перехрестя вул. Кондукторська - вул. Городоцька,наїзд на пішохода - пішохід рухався у попутному напрямку,порушення правил маневрування,2,без ушкоджень,легко травмований,,,,,,,,49.832654,23.979914,,,,,,,,,,,
2018-12-14,14:01:00,п'ятниця,місто,Львів,Шевченківський,вулиця,Хмельницького Б.,87,,наїзд на пішохода - пішохід рухався у попутному напрямку,порушення правил проїзду пішохідних переходів,2,без ушкоджень,легко травмований,,,,,,,,49.85229,24.033108,,,,,,,,,,,
2018-12-17,3:30:00,понеділок,місто,Львів,Франківський,вулиця,Городоцька,191,,зіткнення лобове,порушення правил маневрування,3,без ушкоджень,без ушкоджень,легко травмований,,,,,,,49.834446,23.989844,,,,,,,,,,,
2018-12-16,15:38:00,неділя,місто,Львів,Сихівський,вулиця,Луганська,10,,зіткнення лобове,порушення правил маневрування,3,без ушкоджень,без ушкоджень,легко травмований,,,,,,,49.80797,24.050966,,,,,,,,,,,
2018-12-16,16:54:00,неділя,місто,Львів,Сихівський,проспект,"Червоної Калини, просп.",,"перехрестя Червоної Калини, просп., - вул. Угорська",наїзд на пішохода - пішохід рухався у попутному напрямку,порушення правил маневрування,2,без ушкоджень,легко травмований,,,,,,,,49.810199,24.046497,,,,,,,,,,,
2018-11-23,15:26:00,п'ятниця,місто,Львів,Франківський,вулиця,Володимира Великого,24,,наїзд на пішохода - пішохід переходив дорогу поза межами пішохідного переходу,неочікуваний вихід на проїзну частину,2,без ушкоджень,легко травмований,,,,,,,,49.810632,23.998089,,,,,,,,,,,
2018-12-15,22:28:00,субота,місто,Львів,Залізничний,вулиця,Повітряна,59,,наїзд на пішохода - пішохід рухався у попутному напрямку,порушення правил маневрування,2,без ушкоджень,тяжко травмований,,,,,,,,49.844475,23.973335,,,,,,,,,,,
2018-12-27,17:54:00,четвер,місто,Львів,Сихівський,проспект,"Червоної Калини, просп.",7,,наїзд на пішохода - пішохід рухався у попутному напрямку,порушення правил маневрування,2,без ушкоджень,легко травмований,,,,,,,,49.813052,24.04624,,,,,,,,,,,
2018-12-04,8:50:00,вівторок,місто,Львів,Личаківський,вулиця,Мечникова І.,,"перехрестя вул. Мечникова І., - вул. Пекарська",наїзд на пішохода - пішохід рухався у попутному напрямку,порушення правил маневрування,3,легко травмований,без ушкоджень,легко травмований,,,,,,,49.833471,24.05154,,,,,,,,,,,
2018-12-17,8:52:00,понеділок,місто,Львів,Шевченківський,вулиця,Тунельна,1,,наїзд на пішохода - пішохід рухався у попутному напрямку,перевищення безпечної швидкості,2,без ушкоджень,легко травмований,,,,,,,,49.862008,24.002767,,,,,,,,,,,
2018-12-27,21:01:00,четвер,місто,Львів,Личаківський,вулиця,Пасічна,98,,наїзд на пішохода - пішохід рухався у попутному напрямку,перехід у невстановленому місці,2,без ушкоджень,легко травмований,,,,,,,,49.816385,24.076506,,,,,,,,,,,
2018-12-06,18:08:00,четвер,місто,Львів,Шевченківський,вулиця,Під Голоском,1,,падіння пасажира,порушення правил маневрування,2,без ушкоджень,легко травмований,,,,,,,,49.867249301567206,24.01431110255429,,,,,,,,,,,
2018-12-20,23:15:00,четвер,місто,Львів,Личаківський,вулиця,Кривчицька Дорога,32,,зіткнення лобове,перевищення безпечної швидкості,2,легко травмований,без ушкоджень,,,,,,,,49.843241,24.071538,,,,,,,,,,,
2018-12-29,8:01:00,субота,місто,Львів,Сихівський,проспект,"Червоної Калини, просп.",35,,наїзд на дорожне огородження,перевищення безпечної швидкості,2,без ушкоджень,легко травмований,,,,,,,,49.799564,24.047989,,,,,,,,,,,
2018-12-24,16:16:00,понеділок,місто,Львів,Франківський,вулиця,Любінська,6,,наїзд на пішохода - пішохід рухався у попутному напрямку,порушення правил маневрування,2,без ушкоджень,легко травмований,,,,,,,,49.832813,23.99009,,,,,,,,,,,
2018-12-26,11:55:00,середа,місто,Львів,Шевченківський,вулиця,Шевченка Т.,319,,зіткнення бокове,"перевищення безпечної швидкості , недодержання дистанції",2,без ушкоджень,легко травмований,,,,,,,,49.869653,23.935513,,,,,,,,,,,
2018-12-18,21:09:00,вівторок,місто,Львів,Франківський,вулиця,Городоцька,179,,наїзд на пішохода - пішохід рухався у попутному напрямку,"перевищення безпечної швидкості , порушення правил проїзду пішохідних переходів",2,без ушкоджень,легко травмований,,,,,,,,49.835377,23.995047,,,,,,,,,,,
2018-12-24,17:29:00,понеділок,місто,Львів,Личаківський,вулиця,Хмельницького Б.,212,,наїзд на пішохода - пішохід рухався у попутному напрямку,"порушення правил маневрування , порушення правил проїзду пішохідних переходів",2,без ушкоджень,легко травмований,,,,,,,,49.86858,24.057543,,,,,,,,,,,
2018-12-29,8:56:00,субота,місто,Львів,Личаківський,вулиця,Івасюка В., 4А,,наїзд на пішохода - пішохід рухався у попутному напрямку,порушення правил маневрування,2,без ушкоджень,легко травмований,,,,,,,,49.830709,24.046487,,,,,,,,,,,
2018-12-30,6:55:00,неділя,місто,Львів,Галицький,вулиця,Франка І.,68,,наїзд на пішохода - пішохід на зупинці громадського транспорту,перевищення безпечної швидкості,2,без ушкоджень,помер на місці дтп,,,,,,,,49.830118,24.031359,,,,,,,,,,,
2018-12-10,8:02:00,понеділок,місто,Львів,Шевченківський,вулиця,Замарстинівська,266,,наїзд на пішохода - пішохід переходив дорогу поза межами пішохідного переходу,порушення правил маневрування,2,без ушкоджень,помер у лікарні протягом 30 діб,,,,,,,,49.875935,24.008356,,,,,,,,,,,
2018-12-30,14:19:00,неділя,місто,Львів,Сихівський,вулиця,Хуторівка,4Б,,наїзд на пішохода - на регульованому пішохідному переході,порушення правил маневрування,2,без ушкоджень,легко травмований,,,,,,,,49.799705,24.026868,,,,,,,,,,,
2018-12-08,23:02:00,субота,місто,Львів,Залізничний,вулиця,Городоцька,210,,наїзд на пішохода - пішохід рухався у попутному напрямку,порушення правил маневрування,2,без ушкоджень,легко травмований,,,,,,,,49.829592,23.962174,,,,,,,,,,,
2018-12-29,19:33:00,субота,місто,Львів,Залізничний,вулиця,Повітряна,66,,наїзд на пішохода - пішохід рухався у попутному напрямку,перевищення безпечної швидкості,2,без ушкоджень,легко травмований,,,,,,,,49.844469,23.971363,,,,,,,,,,,
2018-12-26,19:30:00,середа,місто,Львів,Галицький,проспект,"Свободи, просп.",,"перехрестя Свободи, просп., - вул. Гнатюка В., акад.",наїзд на пішохода - пішохід рухався у попутному напрямку,порушення правил маневрування,3,легко травмований,без ушкоджень,легко травмований,,,,,,,49.841264,24.027353,,,,,,,,,,,
2018-12-30,5:07:00,неділя,місто,Львів,Залізничний,вулиця,Городоцька,126,,зіткнення бокове,перевищення безпечної швидкості,3,без ушкоджень,легко травмований,легко травмований,,,,,,,49.834727,23.991137,,,,,,,,,,,
2018-12-09,0:35:00,неділя,місто,Львів,Залізничний,вулиця,Городоцька,190,,наїзд на пішохода - пішохід рухався у попутному напрямку,порушення правил маневрування,2,без ушкоджень,легко травмований,,,,,,,,49.829831,23.963521,,,,,,,,,,,
2018-12-11,12:26:00,вівторок,місто,Львів,Залізничний,вулиця,Шевченка Т.,58,,зіткнення лобове,порушення правил маневрування,2,без ушкоджень,легко травмований,,,,,,,,49.844837,24.00996,,,,,,,,,,,
2018-12-21,21:10:00,п'ятниця,місто,Львів,Личаківський,вулиця,Вашингтона Дж.,3,,наїзд на пішохода - пішохід рухався у попутному напрямку,порушення правил маневрування,2,без ушкоджень,легко травмований,,,,,,,,49.815949,24.062344,,,,,,,,,,,
2018-12-27,18:40:00,четвер,місто,Львів,Личаківський,вулиця,Богданівська,11,,наїзд на пішохода - пішохід рухався у попутному напрямку,порушення правил проїзду пішохідних переходів,2,без ушкоджень,легко травмований,,,,,,,,49.857665,24.072676,,,,,,,,,,,
2018-12-10,17:01:00,понеділок,місто,Львів,Сихівський,вулиця,Зелена,,перехрестя вул. Зелена - вул. Пасічна,наїзд на пішохода - пішохід рухався у попутному напрямку,порушення правил маневрування,2,без ушкоджень,легко травмований,,,,,,,,49.806862,24.062269,,,,,,,,,,,
2018-11-26,13:01:00,понеділок,місто,Львів,Сихівський,проспект,"Червоної Калини, просп.",50,,падіння пасажира,порушення правил маневрування,2,без ушкоджень,легко травмований,,,,,,,,49.797763,24.050381,,,,,,,,,,,
2018-12-13,12:18:00,четвер,місто,Львів,Франківський,вулиця,Наукова,35А,,зіткнення лобове,порушення правил маневрування,2,без ушкоджень,легко травмований,,,,,,,,49.803746,23.996903,,,,,,,,,,,
2018-11-13,17:01:00,вівторок,місто,Львів,Галицький,вулиця,Університетська,1,,падіння пасажира,порушення правил маневрування,2,без ушкоджень,легко травмований,,,,,,,,49.840221,24.021757,,,,,,,,,,,
2018-11-24,9:50:00,субота,місто,Львів,Шевченківський,вулиця,Липинського В.,,перехрестя вул. Липинського В. - вул. Замарстинівська,зіткнення бокове,порушення правил проїзду перехресть,2,легко травмований,без ушкоджень,,,,,,,,49.86012,24.026928,,,,,,,,,,,
2018-12-12,7:50:00,середа,місто,Львів,Личаківський,вулиця,Некрасова М.,45,,зіткнення бокове,"перевищення безпечної швидкості , недодержання дистанції , керування транспортним засобом у нетверезому стані",2,легко травмований,без ушкоджень,,,,,,,,49.836889,24.055313,,,,,,,,,,,
2018-12-21,22:19:00,п'ятниця,місто,Львів,Залізничний,вулиця,Городоцька,168,,наїзд на пішохода - пішохід рухався у попутному напрямку,порушення правил маневрування,2,без ушкоджень,помер у лікарні протягом 30 діб,,,,,,,,49.833637,23.969995,,,,,,,,,,,
2018-12-15,12:47:00,субота,місто,Львів,Личаківський,вулиця,Глинянський Тракт,108,,падіння пасажира,порушення правил маневрування,2,без ушкоджень,легко травмований,,,,,,,,49.840653,24.092218,,,,,,,,,,,
2018-12-28,6:27:00,п'ятниця,місто,Львів,Галицький,проспект,"Свободи, просп.",18,,наїзд на пішохода - пішохід рухався у попутному напрямку,порушення правил маневрування,2,без ушкоджень,легко травмований,,,,,,,,49.842535,24.028226,,,,,,,,,,,
2018-12-24,8:17:00,понеділок,місто,Львів,Личаківський,вулиця,Студентська,2,,наїзд на пішохода - пішохід рухався у попутному напрямку,порушення правил проїзду пішохідних переходів,2,без ушкоджень,легко травмований,,,,,,,,49.829308,24.045687,,,,,,,,,,,
2018-11-22,13:47:00,четвер,місто,Львів,Шевченківський,вулиця,Яцкова М.,18,,наїзд на пішохода - пішохід рухався у попутному напрямку,порушення правил маневрування,2,без ушкоджень,легко травмований,,,,,,,,49.84826,24.005363,,,,,,,,,,,
2018-12-10,15:33:00,понеділок,село,Лисиничі,Личаківський,вулиця,Шевченка Т.,313,,наїзд на пішохода - пішохід рухався у попутному напрямку,порушення правил проїзду пішохідних переходів,2,без ушкоджень,легко травмований,,,,,,,,49.835581,24.121331,,,,,,,,,,,
2018-11-24,9:20:00,субота,місто,Львів,Залізничний,площа,"Двірцева, пл.",1,,наїзд на пішохода - пішохід рухався у попутному напрямку,порушення правил маневрування,2,без ушкоджень,тяжко травмований,,,,,,,,49.839602,23.994752,,,,,,,,,,,
2018-12-12,18:30:00,середа,місто,Львів,Галицький,вулиця,Дорошенка П.,22,,наїзд на пішохода - на регульованому пішохідному переході,порушення правил маневрування,2,без ушкоджень,легко травмований,,,,,,,,49.838968,24.024981,,,,,,,,,,,
2018-12-05,21:45:00,середа,місто,Львів,Залізничний,вулиця,Виговського І.,83,,наїзд на пішохода - пішохід рухався у попутному напрямку,порушення правил маневрування,2,без ушкоджень,легко травмований,,,,,,,,49.812332,23.981035,,,,,,,,,,,
2018-12-25,10:21:00,вівторок,місто,Львів,Сихівський,вулиця,Стрийська,100,,зіткнення лобове,порушення правил маневрування,3,без ушкоджень,легко травмований,легко травмований,,,,,,,49.787478,24.014906,,,,,,,,,,,
2018-12-09,9:50:00,неділя,місто,Львів,Сихівський,проспект,"Червоної Калини, просп.",35,,наїзд на інші види перешкод,"перевищення безпечної швидкості , недодержання дистанції",1,легко травмований,,,,,,,,,49.799854,24.048729,,,,,,,,,,,
2018-12-08,15:01:00,субота,місто,Львів,Шевченківський,проспект,"Чорновола В., просп.",43,,наїзд на пішохода - пішохід рухався у попутному напрямку,порушення правил маневрування,2,без ушкоджень,легко травмований,,,,,,,,49.854082,24.02291,,,,,,,,,,,
2018-12-01,19:45:00,субота,місто,Львів,Франківський,вулиця,Городоцька,227,,наїзд на пішохода - пішохід рухався у попутному напрямку,порушення правил маневрування,2,без ушкоджень,легко травмований,,,,,,,,49.832301,23.977763,,,,,,,,,,,
2018-12-12,20:01:00,середа,місто,Львів,Франківський,вулиця,Городоцька,,,наїзд на пішохода - на нерегульованому пішохідному переході,порушення правил маневрування,2,без ушкоджень,легко травмований,,,,,,,,49.835377,23.995879,,,,,,,,,,,
2018-12-13,17:25:00,четвер,місто,Львів,Личаківський,вулиця,Личаківська,28,,зіткнення бокове,недодержання дистанції,3,легко травмований,без ушкоджень,без ушкоджень,,,,,,,49.840176,24.042984,,,,,,,,,,,
2018-11-23,10:30:00,п'ятниця,місто,Львів,Шевченківський,вулиця,Шевченка Т.,35,,наїзд на пішохода - пішохід переходив дорогу поза межами пішохідного переходу,неочікуваний вихід на проїзну частину,2,без ушкоджень,легко травмований,,,,,,,,49.843587,24.013608,,,,,,,,,,,
2018-12-01,12:37:00,субота,місто,Львів,Личаківський,вулиця,Мечникова І.,103,,зіткнення лобове,порушення правил маневрування,4,тяжко травмований,без ушкоджень,легко травмований,легко травмований,,,,,,49.830914,24.048905,,,,,,,,,,,
2018-12-19,9:50:00,середа,місто,Львів,Сихівський,вулиця,Гориня М.,1,,наїзд на пішохода - пішохід рухався у попутному напрямку,недодержання дистанції,2,без ушкоджень,легко травмований,,,,,,,,49.789196,24.057516,,,,,,,,,,,
2018-11-26,12:55:00,понеділок,місто,Львів,Франківський,вулиця,Городоцька,179,,наїзд на пішохода - пішохід рухався у попутному напрямку,порушення правил проїзду пішохідних переходів,2,без ушкоджень,легко травмований,,,,,,,,49.835419,23.995133,,,,,,,,,,,
2018-11-22,16:18:00,четвер,місто,Львів,Личаківський,вулиця,Чехова А.,14,,наїзд на пішохода - пішохід рухався у попутному напрямку,неочікуваний вихід на проїзну частину,2,без ушкоджень,легко травмований,,,,,,,,49.839045,24.042163,,,,,,,,,,,
2018-11-28,1:01:00,середа,місто,Львів,Личаківський,вулиця,Пасічна,148,,зіткнення лобове,перевищення безпечної швидкості,3,легко травмований,без ушкоджень,легко травмований,,,,,,,49.811722,24.079215,,,,,,,,,,,
2018-12-07,15:49:00,п'ятниця,місто,Львів,Личаківський,вулиця,Зелена,53,,наїзд на пішохода - пішохід рухався у попутному напрямку,порушення правил маневрування,2,без ушкоджень,легко травмований,,,,,,,,49.831817,24.042023,,,,,,,,,,,
2018-12-26,17:20:00,середа,місто,Львів,Франківський,вулиця,Кондукторська,,вул. Городоцька,"наїзд на пішохода - пішоходний перехід, тз здійснював поворот вліво (вправо)",порушення правил маневрування,2,без ушкоджень,легко травмований,,,,,,,,49.832668,23.979914,,,,,,,,,,,
2018-12-30,17:01:00,неділя,місто,Львів,Франківський,вулиця,Стрийська,,,зіткнення бокове,порушення правил маневрування,2,без ушкоджень,легко травмований,,,,,,,,49.789175,24.015062,,,,,,,,,,,
2018-12-30,3:29:00,неділя,місто,Львів,Галицький,вулиця,Бандери С.,1,,наїзд на пішохода - пішохід рухався у попутному напрямку,порушення правил маневрування,2,легко травмований,без ушкоджень,,,,,,,,49.834623,24.019568,,,,,,,,,,,
2018-12-31,17:20:00,понеділок,місто,Львів,Сихівський,вулиця,Угорська,12,,наїзд на пішохода - пішохід рухався у попутному напрямку,порушення правил маневрування,2,без ушкоджень,легко травмований,,,,,,,,49.810577,24.045027,,,,,,,,,,,
2018-12-31,20:10:00,понеділок,місто,Львів,Франківський,вулиця,Горбачевського І.,4,,наїзд на пішохода - пішохід рухався у попутному напрямку,порушення правил маневрування,2,без ушкоджень,легко травмований,,,,,,,,49.829585,24.008061,,,,,,,,,,,
2019-01-16,10:20:00,середа,місто,Львів,Франківський,вулиця,Кульпарківська,52,,зіткнення бокове,перевищення безпечної швидкості,3,без ушкоджень,легко травмований,без ушкоджень,,,,,,,49.829059,23.990197,,,,,,,,,,,
2019-01-22,14:04:00,вівторок,місто,Львів,Личаківський,вулиця,Мечникова І.,11,,"наїзд на транспортний засіб, що стоїть - по ходу руху",порушення правил маневрування,2,легко травмований,без ушкоджень,,,,,,,,49.837498,24.054598,,,,,,,,,,,
2019-01-22,20:50:00,вівторок,місто,Львів,Шевченківський,проспект,"Чорновола В., просп.",45,,наїзд на пішохода - пішохід рухався у попутному напрямку,порушення правил маневрування,2,без ушкоджень,легко травмований,,,,,,,,49.852639,24.023564,,,,,,,,,,,
2019-02-01,12:56:00,п'ятниця,місто,Львів,Шевченківський,вулиця,Шевченка Т.,418,,зіткнення з задньою частиною тз,порушення правил проїзду перехресть,3,без ушкоджень,легко травмований,легко травмований,,,,,,,49.871503,23.941998,,,,,,,,,,,
2019-01-10,10:37:00,четвер,місто,Львів,Личаківський,вулиця,Зелена,135,,наїзд на пішохода - пішохід рухався у попутному напрямку,порушення правил маневрування,2,без ушкоджень,тяжко травмований,,,,,,,,49.817333,24.060273,,,,,,,,,,,
2019-02-12,23:19:00,вівторок,місто,Львів,Франківський,вулиця,"Чупринки Т., ген.",42,,наїзд на пішохода - пішохід рухався у попутному напрямку,перехід у невстановленому місці,2,без ушкоджень,помер у лікарні протягом 30 діб,,,,,,,,49.83208,24.011495,,,,,,,,,,,