accidentDate,accidentTime,accidentDay,settlementType,settlement,district,streetType,streetName,houseNumber,locationComments,accidentType,mainAccidentCause,totalParticipantsAmount,injuryStatusParticipant1,injuryStatusParticipant2,injuryStatusParticipant3,injuryStatusParticipant4,injuryStatusParticipant5,injuryStatusParticipant6,injuryStatusParticipant7,injuryStatusParticipant8,injuryStatusParticipant9,latitude,longitude,injuryStatusParticipant10,injuryStatusParticipant11,injuryStatusParticipant12,injuryStatusParticipant13,injuryStatusParticipant14,injuryStatusParticipant15,injuryStatusParticipant16,injuryStatusParticipant17,injuryStatusParticipant18,injuryStatusParticipant19,injuryStatusParticipant20
2019-03-01,22:51:00,п'ятниця,місто,Львів,Франківський,вулиця,Городоцька,174,,наїзд на пішохода - пішохід рухався у попутному напрямку,перехід у невстановленому місці,2,без ушкоджень,тяжко травмований,,,,,,,,49.835581,23.996077,,,,,,,,,,,
2019-03-18,5:45:00,понеділок,місто,Львів,Залізничний,вулиця,Городоцька,,Перехрестя вул. Городоцька - вул. Ряшівська,"наїзд на транспортний засіб, що стоїть - по ходу руху","недодержання дистанції, керування транспортним засобом у нетверезому стані",3,без ушкоджень,легко травмований,легко травмований,,,,,,,49.828133,23.954608,,,,,,,,,,,
2019-02-22,12:31:00,п'ятниця,місто,Львів,Франківський,вулиця,Княгині Ольги,59,,наїзд на пішохода - на регульованому пішохідному переході,порушення правил маневрування,2,без ушкоджень,тяжко травмований,,,,,,,,49.811463,24.000294,,,,,,,,,,,
2019-02-26,11:31:00,вівторок,місто,Львів,Шевченківський,вулиця,Шевченка Т.,10,,наїзд на пішохода - на регульованому пішохідному переході,порушення правил маневрування,2,без ушкоджень,легко травмований,,,,,,,,49.842733,24.017766,,,,,,,,,,,
2019-03-29,18:59:00,п'ятниця,місто,Львів,Шевченківський,вулиця,Липинського В.,,Перехрестя вул. Липинського В. - вул. Замарстинівська,наїзд на пішохода - пішохід рухався у попутному напрямку,порушення правил маневрування,2,без ушкоджень,легко травмований,,,,,,,,49.860077,24.027198,,,,,,,,,,,
2019-03-19,9:30:00,вівторок,місто,Львів,Шевченківський,проспект,"Чорновола В., просп.",45,,зіткнення бокове,"перевищення безпечної швидкості, недодержання дистанції",4,без ушкоджень,без ушкоджень,без ушкоджень,легко травмований,,,,,,49.854966,24.0211,,,,,,,,,,,
2019-03-28,20:01:00,четвер,місто,Львів,Галицький,вулиця,Університетська,1,,наїзд на пішохода - пішохід рухався у попутному напрямку,порушення правил маневрування,2,без ушкоджень,легко травмований,,,,,,,,49.840031,24.021939,,,,,,,,,,,
2019-03-22,12:05:00,п'ятниця,місто,Львів,Сихівський,вулиця,Хуторівка,4Б,,наїзд на пішохода - стояв на проїздній частині,перевищення безпечної швидкості,2,легко травмований,без ушкоджень,,,,,,,,49.79974,24.026622,,,,,,,,,,,
2019-03-28,8:44:00,четвер,місто,Львів,Залізничний,вулиця,Виговського І.,55,,наїзд на пішохода - пішохід рухався у попутному напрямку,перехід у невстановленому місці,2,без ушкоджень,тяжко травмований,,,,,,,,49.815018,23.974373,,,,,,,,,,,
2019-03-22,8:01:00,п'ятниця,місто,Львів,Личаківський,вулиця,Личаківська,64,,наїзд на пішохода - пішохід рухався у попутному напрямку,порушення правил проїзду пішохідних переходів,2,без ушкоджень,легко травмований,,,,,,,,49.839726,24.050285,,,,,,,,,,,
2019-03-28,0:02:00,четвер,місто,Львів,Галицький,вулиця,Городоцька,90,,наїзд на пішохода - пішохід рухався у попутному напрямку,порушення правил маневрування,2,без ушкоджень,помер на місці дтп,,,,,,,,49.837796,24.005942,,,,,,,,,,,
2019-03-23,14:23:00,субота,місто,Львів,Личаківський,вулиця,Личаківська,77,,наїзд на пішохода - пішохід рухався у попутному напрямку,порушення правил проїзду пішохідних переходів,2,без ушкоджень,легко травмований,,,,,,,,49.839771,24.050097,,,,,,,,,,,
2019-03-10,7:40:00,неділя,місто,Львів,Залізничний,вулиця,Городоцька,219,,зіткнення лобове,порушення правил маневрування,4,без ушкоджень,без ушкоджень,без ушкоджень,легко травмований,,,,,,49.832741,23.980172,,,,,,,,,,,
2019-03-23,21:50:00,субота,місто,Львів,Шевченківський,вулиця,Шевченка Т.,386,,зіткнення лобове,порушення правил проїзду перехресть,7,легко травмований,легко травмований,легко травмований,легко травмований,легко травмований,легко травмований,легко травмований,,,49.870971,23.945292,,,,,,,,,,,
2019-03-13,12:01:00,середа,місто,Львів,Галицький,вулиця,Гладишевського Є.,8,,наїзд на пішохода - пішохід рухався у попутному напрямку,порушення правил маневрування,2,без ушкоджень,легко травмований,,,,,,,,49.830837,24.030586,,,,,,,,,,,
2019-02-22,20:45:00,п'ятниця,місто,Львів,Личаківський,вулиця,Медової Печери,36,,наїзд на пішохода - пішохід рухався у попутному напрямку,порушення правил маневрування,2,без ушкоджень,легко травмований,,,,,,,,49.823916,24.081237,,,,,,,,,,,
2019-03-24,21:20:00,неділя,місто,Львів,Франківський,вулиця,Володимира Великого,,Перехрестя вул. Володимира Великого -  вул. Стрийська,зіткнення лобове,"перевищення безпечної швидкості, недодержання дистанції",4,легко травмований,без ушкоджень,без ушкоджень,легко травмований,,,,,,49.80815,24.01916,,,,,,,,,,,
2019-02-13,9:40:00,середа,місто,Львів,Франківський,вулиця,Городоцька,112,,наїзд на пішохода - пішохід рухався у попутному напрямку,порушення правил маневрування,2,без ушкоджень,легко травмований,,,,,,,,49.836782,24.002799,,,,,,,,,,,
2019-02-19,9:41:00,вівторок,місто,Львів,Шевченківський,вулиця,Грінченка Б.,6Б,,наїзд на пішохода - пішохід рухався у попутному напрямку,порушення правил маневрування,2,без ушкоджень,легко травмований,,,,,,,,49.873017,24.050837,,,,,,,,,,,
2019-02-09,22:01:00,субота,місто,Львів,Шевченківський,вулиця,Біберовича І.,,вул. Біберовича І. - вул. Шевченка Т.,наїзд на пішохода - на регульованому пішохідному переході,порушення правил маневрування,2,без ушкоджень,легко травмований,,,,,,,,49.862928,23.963284,,,,,,,,,,,
2019-03-01,8:40:00,п'ятниця,місто,Львів,Франківський,вулиця,Гіпсова,56,,наїзд на велосипедиста - велосипедист рухався у попутному напрямку,порушення правил маневрування,2,без ушкоджень,легко травмований,,,,,,,,49.825189,23.992357,,,,,,,,,,,
2019-02-21,18:15:00,четвер,місто,Львів,Шевченківський,вулиця,Ожинова,1,,наїзд на пішохода - пішохід рухався у попутному напрямку,порушення правил маневрування,2,без ушкоджень,легко травмований,,,,,,,,49.866465,23.96204,,,,,,,,,,,
2019-03-26,14:01:00,вівторок,місто,Львів,Залізничний,вулиця,Городоцька,226,,наїзд на пішохода - пішохід рухався у попутному напрямку,порушення правил маневрування,2,без ушкоджень,легко травмований,,,,,,,,49.827308,23.949648,,,,,,,,,,,
2019-03-23,20:01:00,субота,місто,Львів,Франківський,вулиця,Городоцька,179,,наїзд на пішохода - пішохід рухався у попутному напрямку,перевищення безпечної швидкості,2,без ушкоджень,легко травмований,,,,,,,,49.835028,23.995059,,,,,,,,,,,
2019-02-22,13:01:00,п'ятниця,місто,Львів,Сихівський,вулиця,Хуторівка,,,наїзд на пішохода - на регульованому пішохідному переході,порушення правил маневрування,2,без ушкоджень,легко травмований,,,,,,,,49.800021,24.038086,,,,,,,,,,,
2019-03-07,21:48:00,четвер,місто,Львів,Личаківський,вулиця,Левицького К.,25А,,зіткнення лобове,"порушення правил маневрування, недодержання дистанції",3,легко травмований,без ушкоджень,без ушкоджень,,,,,,,49.835076,24.038858,,,,,,,,,,,
2019-03-18,9:10:00,понеділок,місто,Львів,Залізничний,вулиця,Городоцька,116А,,наїзд на пішохода - пішохід рухався у попутному напрямку,порушення правил маневрування,2,без ушкоджень,легко травмований,,,,,,,,49.835691,23.995566,,,,,,,,,,,
2019-03-16,16:45:00,субота,місто,Львів,Франківський,вулиця,Кульпарківська,234,,зіткнення лобове,порушення правил проїзду перехресть,4,без ушкоджень,легко травмований,легко травмований,тяжко травмований,,,,,,49.801295,23.980354,,,,,,,,,,,
2019-02-05,19:45:00,вівторок,місто,Львів,Галицький,проспект,"Чорновола В., просп.",10,,падіння пасажира,порушення правил маневрування,2,без ушкоджень,тяжко травмований,,,,,,,,49.847001,24.025453,,,,,,,,,,,
2019-03-27,21:40:00,середа,місто,Львів,Шевченківський,вулиця,Липинського В.,23,,зіткнення лобове,"перевищення безпечної швидкості, порушення правил маневрування",2,легко травмований,без ушкоджень,,,,,,,,49.861279,24.028199,,,,,,,,,,,
2019-03-18,22:49:00,понеділок,місто,Львів,Личаківський,вулиця,Богданівська,24,,наїзд на інші види перешкод,перевищення безпечної швидкості,3,легко травмований,легко травмований,легко травмований,,,,,,,49.845182,24.084671,,,,,,,,,,,
2019-03-12,21:10:00,вівторок,місто,Львів,Личаківський,вулиця,Хмельницького Б.,289,,наїзд на пішохода - пішохід рухався у попутному напрямку,порушення правил маневрування,2,без ушкоджень,тяжко травмований,,,,,,,,49.874784,24.061539,,,,,,,,,,,
2019-03-20,17:30:00,середа,місто,Львів,Шевченківський,вулиця,Величковського І.,30А,,наїзд на пішохода - пішохід рухався у попутному напрямку,"перевищення безпечної швидкості, недодержання дистанції",2,без ушкоджень,помер на місці дтп,,,,,,,,49.876004,23.934735,,,,,,,,,,,
2019-03-08,13:31:00,п'ятниця,місто,Львів,Франківський,вулиця,"Сахарова А., акад.",23,,наїзд на пішохода - на регульованому пішохідному переході,порушення правил проїзду пішохідних переходів,2,без ушкоджень,легко травмований,,,,,,,,49.824477,24.011714,,,,,,,,,,,
2019-04-11,20:09:00,четвер,місто,Львів,Сихівський,вулиця,Хуторівка,35В,,перекидання тз,"порушення правил маневрування, перевищення безпечної швидкості",1,легко травмований,,,,,,,,,49.800104,24.034706,,,,,,,,,,,
2019-04-22,23:47:00,понеділок,місто,Львів,Шевченківський,проспект,"Чорновола В., просп.",105,,наїзд на пішохода - пішохід переходив дорогу поза межами пішохідного переходу,порушення правил маневрування,3,без ушкоджень,без ушкоджень,легко травмований,,,,,,,49.867119,24.015598,,,,,,,,,,,
2019-04-01,10:34:00,понеділок,місто,Львів,Личаківський,вулиця,Чернігівська,15,,наїзд на пішохода - на регульованому пішохідному переході,порушення правил зупинки і стоянки транспортного засобу,3,без ушкоджень,легко травмований,без ушкоджень,,,,,,,49.839159,24.044995,,,,,,,,,,,
2019-04-08,12:55:00,понеділок,місто,Львів,Галицький,вулиця,Хмельницького Б.,30,,наїзд на пішохода - пішохід переходив дорогу поза межами пішохідного переходу,перехід у невстановленому місці,2,без ушкоджень,легко травмований,,,,,,,,49.847814,24.028527,,,,,,,,,,,
2019-03-06,19:20:00,середа,місто,Львів,Франківський,вулиця,Наукова,7Д,,зіткнення бокове,порушення правил маневрування,2,легко травмований,без ушкоджень,,,,,,,,49.803241,24.003856,,,,,,,,,,,
2019-04-14,10:47:00,неділя,місто,Львів,Галицький,вулиця,Стрийська,30,,зіткнення лобове,"невиконання вимог сигналів регулювання, перевищення безпечної швидкості",4,без ушкоджень,легко травмований,легко травмований,без ушкоджень,,,,,,49.827183,24.028714,,,,,,,,,,,
2019-04-20,8:10:00,субота,місто,Львів,Франківський,вулиця,Городоцька,155,,наїзд на пішохода - пішохід рухався у попутному напрямку,неочікуваний вихід на проїзну частину,2,без ушкоджень,легко травмований,,,,,,,,49.836145,23.999382,,,,,,,,,,,
2019-05-02,23:58:00,четвер,селище,Брюховичі,Шевченківський,вулиця,Невеличка,2,,наїзд на інші види перешкод,порушення правил маневрування,1,легко травмований,,,,,,,,,49.900191,23.93554,,,,,,,,,,,
2019-05-11,19:31:00,субота,місто,Львів,Франківський,вулиця,Володимира Великого,58,,зіткнення лобове,недодержання дистанції,2,без ушкоджень,легко травмований,,,,,,,,49.812719,23.985139,,,,,,,,,,,
2019-04-10,8:01:00,середа,місто,Львів,Франківський,вулиця,Симоненка В.,,"Перехрестя вул. Симоненка В. - Наукова, 55",наїзд на пішохода - на регульованому пішохідному переході,порушення правил маневрування,2,без ушкоджень,легко травмований,,,,,,,,49.805664,23.986663,,,,,,,,,,,
2019-04-20,1:33:00,субота,місто,Львів,Галицький,проспект,"Свободи, просп.",,"Перехрестя Свободи, просп. -  вул. Городоцька",наїзд на пішохода - пішохід рухався у попутному напрямку,порушення правил маневрування,2,без ушкоджень,легко травмований,,,,,,,,49.8444,24.02547,,,,,,,,,,,
2019-04-24,15:01:00,середа,село,Солонка,,вулиця,Стуса В.,18,,наїзд на пішохода - на нерегульованому пішохідному переході,порушення правил маневрування,2,без ушкоджень,легко травмований,,,,,,,,49.7589,24.013002,,,,,,,,,,,
2019-05-06,19:40:00,понеділок,місто,Львів,Галицький,площа,"Святого Теодора, пл.",12,,зіткнення лобове,порушення правил маневрування,3,без ушкоджень,без ушкоджень,легко травмований,,,,,,,49.847001,24.025651,,,,,,,,,,,
2019-04-26,21:13:00,п'ятниця,місто,Львів,Сихівський,вулиця,Зелена,,Перехрестя вул. Зелена - вул. Зубрівська,зіткнення лобове,"порушення правил проїзду перехресть, порушення правил маневрування",2,без ушкоджень,тяжко травмований,,,,,,,,49.801946,24.065573,,,,,,,,,,,
2019-05-07,21:36:00,вівторок,місто,Львів,Франківський,вулиця,Княгині Ольги,100Г,,зіткнення бокове,"перевищення безпечної швидкості, недодержання дистанції, керування транспортним засобом у нетверезому стані",2,без ушкоджень,легко травмований,,,,,,,,49.802216,23.997563,,,,,,,,,,,
2019-05-13,15:50:00,понеділок,місто,Львів,Залізничний,вулиця,Городоцька,235,,зіткнення лобове,"перевищення безпечної швидкості, недодержання дистанції",2,легко травмований,без ушкоджень,,,,,,,,49.831824,23.975049,,,,,,,,,,,
2019-05-08,7:45:00,середа,місто,Львів,Галицький,вулиця,Під Дубом,2,,наїзд на пішохода - пішохід рухався у попутному напрямку,порушення правил проїзду пішохідних переходів,2,без ушкоджень,легко травмований,,,,,,,,49.85046,24.025265,,,,,,,,,,,
2019-04-11,9:45:00,четвер,місто,Львів,Галицький,вулиця,Городоцька,50,,падіння пасажира,порушення правил маневрування,2,без ушкоджень,легко травмований,,,,,,,,49.842694,24.018103,,,,,,,,,,,
2019-04-09,10:20:00,вівторок,місто,Львів,Галицький,площа,"Святого Юра, пл.",1,,наїзд на пішохода - на регульованому пішохідному переході,порушення правил маневрування,2,без ушкоджень,легко травмований,,,,,,,,49.836861,24.013308,,,,,,,,,,,
2019-04-11,18:30:00,четвер,місто,Львів,Шевченківський,проспект,"Чорновола В., просп.",59,,падіння пасажира,порушення техніки безпеки пасажиром,2,без ушкоджень,легко травмований,,,,,,,,49.857187,24.021161,,,,,,,,,,,
2019-05-08,16:50:00,середа,місто,Львів,Шевченківський,вулиця,Липинського В.,44,,зіткнення бокове,невиконання вимог сигналів регулювання,2,без ушкоджень,легко травмований,,,,,,,,49.863796,24.033993,,,,,,,,,,,
2019-04-13,16:01:00,субота,місто,Львів,Галицький,вулиця,Стуса В.,29,,зіткнення бокове,порушення правил маневрування,2,без ушкоджень,легко травмований,,,,,,,,49.820404,24.040167,,,,,,,,,,,
2019-05-09,17:46:00,четвер,місто,Львів,Сихівський,вулиця,Вернадського В.,42,,наїзд на пішохода - лежав на дорозі,перехід у невстановленому місці,2,без ушкоджень,легко травмований,,,,,,,,49.781971,24.052752,,,,,,,,,,,
2019-03-02,16:01:00,субота,місто,Львів,Сихівський,проспект,"Червоної Калини, просп.",,,наїзд на пішохода - пішохід рухався у попутному напрямку,порушення правил маневрування,2,без ушкоджень,легко травмований,,,,,,,,49.798151,24.049609,,,,,,,,,,,
2019-04-16,20:43:00,вівторок,місто,Львів,Сихівський,вулиця,Сихівська,13,,наїзд на пішохода - на регульованому пішохідному переході,"порушення правил маневрування, порушення правил проїзду пішохідних переходів",2,без ушкоджень,помер у лікарні протягом 30 діб,,,,,,,,49.796257,24.062435,,,,,,,,,,,
2019-05-09,15:45:00,четвер,місто,Львів,Личаківський,вулиця,Тарасівська,,Перехрестя вул. Тарасівська - вул. Богданівська,зіткнення лобове,невиконання вимог сигналів регулювання,3,легко травмований,без ушкоджень,легко травмований,,,,,,,49.848817,24.083555,,,,,,,,,,,
2019-04-18,0:50:00,четвер,місто,Львів,Залізничний,вулиця,Любінська,92,,зіткнення бокове,невиконання вимог сигналів регулювання,4,легко травмований,легко травмований,легко травмований,помер на місці дтп,,,,,,49.824117,23.977291,,,,,,,,,,,
2019-04-28,22:58:00,неділя,місто,Львів,Залізничний,вулиця,Сяйво,21,,наїзд на пішохода - пішохід переходив дорогу поза межами пішохідного переходу,порушення правил надання безперешкодного проїзду,2,без ушкоджень,легко травмований,,,,,,,,49.844265,23.978938,,,,,,,,,,,
2019-05-06,14:49:00,понеділок,місто,Львів,Личаківський,вулиця,Личаківська,52,,наїзд на пішохода - пішохід рухався у попутному напрямку,порушення правил маневрування,2,без ушкоджень,помер у лікарні протягом 30 діб,,,,,,,,49.840003,24.048976,,,,,,,,,,,
2019-04-19,20:01:00,п'ятниця,місто,Львів,Шевченківський,вулиця,Шевченка Т.,199,,наїзд на пішохода - пішохід рухався у попутному напрямку,неочікуваний вихід на проїзну частину,2,без ушкоджень,легко травмований,,,,,,,,49.860989,23.967803,,,,,,,,,,,
2019-03-15,12:01:00,п'ятниця,місто,Львів,Сихівський,проспект,"Червоної Калини, просп.",62,,падіння пасажира,порушення правил маневрування,2,без ушкоджень,легко травмований,,,,,,,,49.796246,24.053997,,,,,,,,,,,
2019-04-30,22:38:00,вівторок,місто,Львів,Личаківський,вулиця,Пасічна,42,,наїзд на інші види перешкод,перевищення безпечної швидкості,1,легко травмований,,,,,,,,,49.830678,24.068753,,,,,,,,,,,
2019-04-30,22:58:00,вівторок,місто,Львів,Сихівський,проспект,"Червоної Калини, просп.",81,,зіткнення лобове,"недодержання дистанції, керування транспортним засобом у нетверезому стані",4,без ушкоджень,легко травмований,без ушкоджень,легко травмований,,,,,,49.794893,24.055875,,,,,,,,,,,
2019-05-02,9:15:00,четвер,місто,Львів,Сихівський,вулиця,Стрийська,30,,наїзд на велосипедиста - поза межами велосипедної доріжки,перевищення безпечної швидкості,2,легко травмований,легко травмований,,,,,,,,49.774939,24.014246,,,,,,,,,,,
2019-04-11,12:17:00,четвер,місто,Львів,Сихівський,вулиця,Сихівська,1,,наїзд на пішохода - на нерегульованому пішохідному переході,порушення правил проїзду пішохідних переходів,2,без ушкоджень,легко травмований,,,,,,,,49.795346,24.068242,,,,,,,,,,,
2019-04-24,15:40:00,середа,місто,Львів,Личаківський,вулиця,Мечникова І.,,Перехрестя вул. Мечникова І. - вул. Некрасова М.,наїзд на пішохода - на регульованому пішохідному переході,неочікуваний вихід на проїзну частину,2,без ушкоджень,легко травмований,,,,,,,,49.837235,24.054179,,,,,,,,,,,
2019-04-12,14:30:00,п'ятниця,місто,Львів,Шевченківський,вулиця,Хмельницького Б.,52,,зіткнення бокове,порушення правил маневрування,2,легко травмований,без ушкоджень,,,,,,,,49.852027,24.032367,,,,,,,,,,,
2019-05-08,21:24:00,середа,місто,Львів,Залізничний,вулиця,Кульпарківська,226,,зіткнення лобове,порушення правил маневрування,2,помер у лікарні протягом 30 діб,без ушкоджень,,,,,,,,49.804899,23.98118,,,,,,,,,,,
2019-04-12,17:30:00,п'ятниця,місто,Львів,Шевченківський,проспект,"Чорновола В., просп.",,"""Арсен""",зіткнення бокове,порушення правил маневрування,3,без ушкоджень,без ушкоджень,легко травмований,,,,,,,49.862762,24.018173,,,,,,,,,,,
2019-05-01,16:32:00,середа,місто,Львів,Галицький,площа,"Данила Галицького, пл.",2,,наїзд на пішохода - на регульованому пішохідному переході,порушення правил проїзду пішохідних переходів,2,без ушкоджень,легко травмований,,,,,,,,49.844438,24.032164,,,,,,,,,,,
2019-04-15,15:37:00,понеділок,місто,Львів,Шевченківський,вулиця,Шевченка Т.,358,,зіткнення лобове,порушення правил маневрування,4,без ушкоджень,без ушкоджень,без ушкоджень,легко травмований,,,,,,49.868135,23.952143,,,,,,,,,,,
2019-04-27,14:01:00,субота,місто,Львів,Шевченківський,вулиця,Варшавська,193,,наїзд на пішохода - на регульованому пішохідному переході,порушення правил маневрування,2,без ушкоджень,легко травмований,,,,,,,,49.866884,24.014403,,,,,,,,,,,
2019-05-01,13:01:00,середа,місто,Львів,Шевченківський,вулиця,Стрийська,57,,зіткнення бокове,перевищення безпечної швидкості,2,легко травмований,легко травмований,,,,,,,,49.798469,24.017326,,,,,,,,,,,
2019-04-16,16:41:00,вівторок,місто,Львів,Франківський,вулиця,"Сахарова А., акад.",15,,зіткнення лобове,"порушення правил маневрування, перевищення безпечної швидкості",2,легко травмований,без ушкоджень,,,,,,,,49.8261,24.010454,,,,,,,,,,,
2019-05-02,17:45:00,четвер,місто,Львів,Франківський,вулиця,Кульпарківська,139,,наїзд на пішохода - пішохід переходив дорогу поза межами пішохідного переходу,перехід у невстановленому місці,2,без ушкоджень,легко травмований,,,,,,,,49.81797,23.987317,,,,,,,,,,,
2019-05-11,10:01:00,субота,місто,Львів,Залізничний,вулиця,Виговського І.,25,,зіткнення бокове,порушення правил проїзду перехресть,2,без ушкоджень,легко травмований,,,,,,,,49.820099,23.96925,,,,,,,,,,,
2019-04-16,12:53:00,вівторок,місто,Львів,Личаківський,вулиця,Личаківська,16,,наїзд на пішохода - на нерегульованому пішохідному переході,порушення правил проїзду пішохідних переходів,2,без ушкоджень,легко травмований,,,,,,,,49.83984,24.039878,,,,,,,,,,,
2019-04-18,9:01:00,четвер,місто,Львів,Шевченківський,проспект,"Чорновола В., просп.",45,,наїзд на пішохода - на регульованому пішохідному переході,порушення правил проїзду пішохідних переходів,2,без ушкоджень,легко травмований,,,,,,,,49.854905,24.022475,,,,,,,,,,,
2019-04-25,9:32:00,четвер,місто,Львів,Шевченківський,вулиця,Клепарівська,28,,наїзд на велосипедиста - поза межами велосипедної доріжки,порушення правил маневрування,2,без ушкоджень,легко травмований,,,,,,,,49.861916,23.9912,,,,,,,,,,,
2019-05-14,10:05:00,вівторок,місто,Львів,Залізничний,вулиця,Петлюри С.,30,,наїзд на пішохода - пішохід рухався у попутному напрямку,порушення правил проїзду пішохідних переходів,3,без ушкоджень,легко травмований,легко травмований,,,,,,,49.820047,23.98066,,,,,,,,,,,
2019-05-02,17:50:00,четвер,місто,Львів,Шевченківський,вулиця,Панча П.,7Б,,наїзд на велосипедиста - велосипедист рухався у попутному напрямку,порушення правил маневрування,2,без ушкоджень,легко травмований,,,,,,,,49.861455,24.011242,,,,,,,,,,,
2019-04-23,11:11:00,вівторок,місто,Львів,Шевченківський,вулиця,"Мазепи І., гетьм.",19,,падіння пасажира,порушення правил маневрування,2,без ушкоджень,легко травмований,,,,,,,,49.871351,24.036369,,,,,,,,,,,
2019-05-06,21:35:00,понеділок,місто,Львів,Галицький,вулиця,Під Дубом,2,,наїзд на пішохода - пішохід рухався у попутному напрямку,порушення правил маневрування,2,без ушкоджень,легко травмований,,,,,,,,49.850457,24.025308,,,,,,,,,,,
2019-04-02,18:31:00,вівторок,місто,Львів,Сихівський,проспект,"Червоної Калини, просп.",68,,наїзд на пішохода - на регульованому пішохідному переході,перевищення безпечної швидкості,3,без ушкоджень,легко травмований,легко травмований,,,,,,,49.790006,24.058717,,,,,,,,,,,
2019-05-12,6:50:00,неділя,місто,Львів,Шевченківський,вулиця,Варшавська,126,,зіткнення лобове,недодержання дистанції,2,легко травмований,без ушкоджень,,,,,,,,49.865411,24.010824,,,,,,,,,,,
2019-04-16,15:07:00,вівторок,місто,Львів,Галицький,вулиця,Вітовського Д.,,Трамвайна зупинка,наїзд на пішохода - на регульованому пішохідному переході,порушення правил проїзду пішохідних переходів,2,без ушкоджень,легко травмований,,,,,,,,49.829761,24.025973,,,,,,,,,,,
2019-04-18,7:43:00,четвер,місто,Львів,Залізничний,вулиця,Городоцька,214,,зіткнення бокове,порушення правил маневрування,2,без ушкоджень,легко травмований,,,,,,,,49.829194,23.960028,,,,,,,,,,,
2019-04-03,14:01:00,середа,місто,Львів,Франківський,вулиця,Городоцька,202,,"наїзд на транспортний засіб, що стоїть - по ходу руху","перевищення безпечної швидкості, недодержання дистанції",4,без ушкоджень,легко травмований,легко травмований,без ушкоджень,,,,,,49.834714,23.990208,,,,,,,,,,,
2019-04-01,16:39:00,понеділок,місто,Львів,Сихівський,вулиця,Стрийська,109,,зіткнення з задньою частиною тз,перевищення безпечної швидкості,3,без ушкоджень,без ушкоджень,легко травмований,,,,,,,49.786938,24.014815,,,,,,,,,,,
2019-04-17,16:10:00,середа,місто,Львів,Личаківський,вулиця,Личаківська,77,,наїзд на пішохода - на регульованому пішохідному переході,порушення правил проїзду пішохідних переходів,2,без ушкоджень,легко травмований,,,,,,,,49.839795,24.050081,,,,,,,,,,,
2019-04-17,8:40:00,середа,місто,Львів,Сихівський,вулиця,Вашингтона Дж.,4В,,наїзд на пішохода - на регульованому пішохідному переході,порушення правил проїзду пішохідних переходів,2,без ушкоджень,легко травмований,,,,,,,,49.816029,24.065305,,,,,,,,,,,
2019-04-17,4:10:00,середа,місто,Львів,Франківський,вулиця,Княгині Ольги,,Перехрестя вул. Княгині Ольги - вул. Володимира Великого,"наїзд на транспортний засіб, що стоїть - по ходу руху","недодержання дистанції, перевищення безпечної швидкості",3,легко травмований,без ушкоджень,без ушкоджень,,,,,,,49.810725,24.000127,,,,,,,,,,,
2019-04-05,4:45:00,п'ятниця,місто,Львів,Залізничний,вулиця,Виговського І.,25,,"наїзд на дорожний знак, бордюрний камінь",недодержання дистанції,1,легко травмований,,,,,,,,,49.84532,24.04562,,,,,,,,,,,
2019-05-12,23:15:00,неділя,місто,Львів,Шевченківський,вулиця,Хмельницького Б.,105,,зіткнення лобове,"порушення правил маневрування, порушення правил проїзду перехресть",3,без ушкоджень,без ушкоджень,легко травмований,,,,,,,49.853127,24.035833,,,,,,,,,,,
2019-05-13,13:08:00,понеділок,місто,Львів,Галицький,вулиця,Стуса В.,18,,наїзд на пішохода - пішохід рухався у попутному напрямку,перевищення безпечної швидкості,2,без ушкоджень,легко травмований,,,,,,,,49.821355,24.039513,,,,,,,,,,,
2019-05-11,16:16:00,субота,місто,Львів,Франківський,вулиця,Стрийська,338,,наїзд на пішохода - пішохід переходив дорогу поза межами пішохідного переходу,неочікуваний вихід на проїзну частину,2,без ушкоджень,легко травмований,,,,,,,,49.784302,24.014037,,,,,,,,,,,
2019-04-07,10:46:00,неділя,місто,Львів,Галицький,вулиця,Скельна,3,,наїзд на пішохода - на нерегульованому пішохідному переході,порушення правил маневрування,2,без ушкоджень,легко травмований,,,,,,,,49.832561,24.034363,,,,,,,,,,,
2019-04-19,0:33:00,п'ятниця,місто,Львів,Сихівський,вулиця,Сихівська,,вул. Сихівська - вул. Морозна,зіткнення лобове,порушення правил маневрування,3,без ушкоджень,без ушкоджень,легко травмований,,,,,,,49.795318,24.068111,,,,,,,,,,,
2019-04-30,22:01:00,вівторок,місто,Львів,Сихівський,вулиця,Хуторівка,,,наїзд на інші види перешкод,перевищення безпечної швидкості,1,легко травмований,,,,,,,,,49.801973,24.045999,,,,,,,,,,,