accidentDate,accidentTime,accidentDay,settlementType,settlement,district,streetType,streetName,houseNumber,locationComments,accidentType,mainAccidentCause,totalParticipantsAmount,injuryStatusParticipant1,injuryStatusParticipant2,injuryStatusParticipant3,injuryStatusParticipant4,injuryStatusParticipant5,injuryStatusParticipant6,injuryStatusParticipant7,injuryStatusParticipant8,injuryStatusParticipant9,latitude,longitude,injuryStatusParticipant10,injuryStatusParticipant11,injuryStatusParticipant12,injuryStatusParticipant13,injuryStatusParticipant14,injuryStatusParticipant15,injuryStatusParticipant16,injuryStatusParticipant17,injuryStatusParticipant18,injuryStatusParticipant19,injuryStatusParticipant20
2019-10-21,13:40:00,понеділок,місто,Львів,Франківський,вулиця,Наукова,44,,наїзд на пішохода - пішохід рухався у попутному напрямку,порушення правил проїзду пішохідних переходів,2,без ушкоджень,легко травмований,,,,,,,,49.805089,23.995841,,,,,,,,,,,
2019-11-23,22:30:00,субота,місто,Львів,Залізничний,вулиця,Сяйво,15,,наїзд на інші види перешкод,перевищення безпечної швидкості,2,легко травмований,легко травмований,,,,,,,,49.836533,23.976867,,,,,,,,,,,
2019-10-21,9:15:00,понеділок,місто,Львів,Шевченківський,проспект,"Чорновола В., просп.",57,,зіткнення лобове,порушення правил маневрування,20,легко травмований,легко травмований,легко травмований,легко травмований,легко травмований,легко травмований,легко травмований,легко травмований,без ушкоджень,49.855967,24.021923,легко травмований,легко травмований,легко травмований,легко травмований,легко травмований,легко травмований,легко травмований,легко травмований,легко травмований,легко травмований,легко травмований
2019-11-19,15:30:00,вівторок,місто,Львів,Залізничний,вулиця,Патона Є.,2,,наїзд на пішохода - пішохід рухався у попутному напрямку,порушення правил маневрування,2,без ушкоджень,легко травмований,,,,,,,,49.823511,23.961483,,,,,,,,,,,
2019-11-15,16:13:00,п'ятниця,місто,Львів,Залізничний,вулиця,Сяйво,10,,наїзд на пішохода - пішохід рухався у попутному напрямку,порушення правил користування освітлювальними приладами,2,без ушкоджень,легко травмований,,,,,,,,49.836761,23.977087,,,,,,,,,,,
2019-11-07,17:53:00,четвер,місто,Львів,Сихівський,вулиця,Зелена,147,,наїзд на пішохода - пішохід рухався у попутному напрямку,порушення правил маневрування,2,без ушкоджень,легко травмований,,,,,,,,49.813914,24.063454,,,,,,,,,,,
2019-11-07,8:20:00,четвер,місто,Львів,Залізничний,вулиця,Яворницького Д.,8,,зіткнення лобове,порушення правил маневрування,2,без ушкоджень,легко травмований,,,,,,,,49.825484,23.975805,,,,,,,,,,,
2019-10-19,9:01:00,субота,місто,Львів,Галицький,вулиця,Шпитальна,,Перехрестя вул. Шпитальна - вул. Таманська,наїзд на пішохода - пішохід рухався у попутному напрямку,порушення правил маневрування,2,без ушкоджень,легко травмований,,,,,,,,49.84508,24.020891,,,,,,,,,,,
2019-11-18,20:10:00,понеділок,місто,Львів,Сихівський,вулиця,Хуторівка,23,,наїзд на пішохода - пішохід рухався у попутному напрямку,порушення правил маневрування,2,без ушкоджень,помер у лікарні протягом 30 діб,,,,,,,,49.802008,24.025592,,,,,,,,,,,
2019-10-30,11:01:00,середа,місто,Львів,Франківський,вулиця,Коновальця Є.,,Перехрестя вул. Коновальця Є. - вул. Мельника А.,наїзд на пішохода - пішохід рухався у попутному напрямку,порушення правил проїзду перехресть,2,без ушкоджень,легко травмований,,,,,,,,49.830938,24.003646,,,,,,,,,,,
2019-10-27,13:02:00,неділя,місто,Львів,Залізничний,вулиця,Левандівська,,Перехрестя вул. Левандівська - вул. Шевченка Т.,наїзд на пішохода - пішохід рухався у попутному напрямку,порушення правил маневрування,4,без ушкоджень,без ушкоджень,легко травмований,легко травмований,,,,,,49.84926,23.995943,,,,,,,,,,,
2019-10-20,12:01:00,неділя,місто,Львів,Галицький,вулиця,Торгова,,Перехрестя вул. Торгова - вул. Різні,наїзд на інші види перешкод,порушення правил маневрування,1,тяжко травмований,,,,,,,,,49.84469,24.026875,,,,,,,,,,,
2019-11-20,13:05:00,середа,місто,Львів,Франківський,вулиця,Городоцька,112,,наїзд на пішохода - пішохід рухався у попутному напрямку,неочікуваний вихід на проїзну частину,2,без ушкоджень,легко травмований,,,,,,,,49.836772,24.002665,,,,,,,,,,,
2019-10-18,13:01:00,п'ятниця,місто,Львів,Личаківський,вулиця,Личаківська,31,,падіння пасажира,порушення правил перевезення пасажирів,2,без ушкоджень,легко травмований,,,,,,,,49.839958,24.042093,,,,,,,,,,,
2019-11-11,19:20:00,понеділок,місто,Львів,Франківський,вулиця,Героїв УПА,77,,наїзд на пішохода - пішохід рухався у попутному напрямку,порушення правил маневрування,2,без ушкоджень,легко травмований,,,,,,,,49.828287,23.990632,,,,,,,,,,,
2019-11-20,16:55:00,середа,місто,Львів,Залізничний,вулиця,Патона Є.,2,,наїзд на пішохода - пішохід рухався у попутному напрямку,неочікуваний вихід на проїзну частину,2,без ушкоджень,легко травмований,,,,,,,,49.822929,23.962781,,,,,,,,,,,
2019-11-10,18:01:00,неділя,місто,Львів,Шевченківський,проспект,"Чорновола В., просп.",101,,зіткнення бокове,"перевищення безпечної швидкості, недодержання дистанції, порушення правил маневрування",2,без ушкоджень,помер у лікарні протягом 30 діб,,,,,,,,49.865414,24.016837,,,,,,,,,,,
2019-11-14,15:05:00,четвер,місто,Львів,Галицький,вулиця,Дорошенка П.,25,,наїзд на пішохода - пішохід рухався у попутному напрямку,порушення правил маневрування,2,без ушкоджень,легко травмований,,,,,,,,49.83909014581543,24.025111052506283,,,,,,,,,,,
2019-11-07,20:01:00,четвер,місто,Львів,Шевченківський,вулиця,Творча,1,,наїзд на пішохода - пішохід рухався у попутному напрямку,порушення правил маневрування,2,без ушкоджень,легко травмований,,,,,,,,49.875296,24.048659,,,,,,,,,,,
2019-10-21,18:05:00,понеділок,місто,Львів,Залізничний,вулиця,Широка,65,,наїзд на пішохода - пішохід рухався у попутному напрямку,"перевищення безпечної швидкості, недодержання дистанції",3,без ушкоджень,легко травмований,легко травмований,,,,,,,49.84194,23.968676,,,,,,,,,,,
2019-11-12,18:27:00,вівторок,місто,Львів,Залізничний,вулиця,Виговського І.,5,,наїзд на пішохода - пішохід рухався у попутному напрямку,порушення правил проїзду пішохідних переходів,2,без ушкоджень,легко травмований,,,,,,,,49.829132,23.968123,,,,,,,,,,,
2019-10-30,9:57:00,середа,місто,Львів,Шевченківський,вулиця,Шевченка Т.,158,,наїзд на пішохода - пішохід рухався у попутному напрямку,порушення правил маневрування,2,без ушкоджень,легко травмований,,,,,,,,49.855316,23.983122,,,,,,,,,,,
2019-10-22,12:01:00,вівторок,місто,Львів,Сихівський,вулиця,Навроцького В., 1А,,наїзд на пішохода - пішохід рухався у попутному напрямку,порушення правил маневрування,2,без ушкоджень,легко травмований,,,,,,,,49.811643,24.047197,,,,,,,,,,,
2019-10-23,18:39:00,середа,місто,Львів,Галицький,вулиця,Орлика П.,,Лікарня,наїзд на пішохода - пішохід рухався у попутному напрямку,порушення правил маневрування,2,без ушкоджень,легко травмований,,,,,,,,49.839877,24.029312,,,,,,,,,,,
2019-11-12,17:52:00,вівторок,місто,Львів,Залізничний,вулиця,Городоцька,116,,зіткнення бокове,"керування транспортним засобом у нетверезому стані, недодержання дистанції",2,без ушкоджень,легко травмований,,,,,,,,49.83552,23.994834,,,,,,,,,,,
2019-11-01,18:05:00,п'ятниця,місто,Львів,Личаківський,вулиця,Зелена,38,,наїзд на пішохода - пішохід рухався у попутному напрямку,порушення правил маневрування,2,легко травмований,без ушкоджень,,,,,,,,49.831787,24.041991,,,,,,,,,,,
2019-11-07,9:26:00,четвер,місто,Львів,Франківський,вулиця,Стрийська,,Перехрестя вул. Стрийська - вул. Наукова,наїзд на пішохода - пішохід рухався у попутному напрямку,порушення правил маневрування,2,без ушкоджень,легко травмований,,,,,,,,49.801918,24.017894,,,,,,,,,,,
2019-11-14,9:01:00,четвер,місто,Львів,Личаківський,вулиця,Коциловського Й.,15,,наїзд на пішохода - пішохід рухався у попутному напрямку,порушення правил маневрування,2,без ушкоджень,легко травмований,,,,,,,,49.829263,24.048471,,,,,,,,,,,
2019-11-04,23:45:00,понеділок,місто,Львів,Личаківський,вулиця,Хмельницького Б.,294,,наїзд на пішохода - пішохід рухався у попутному напрямку,порушення правил маневрування,2,без ушкоджень,легко травмований,,,,,,,,49.873633,24.060493,,,,,,,,,,,
2019-11-23,7:25:00,субота,місто,Львів,Личаківський,вулиця,Личаківська, 212Б,,зіткнення лобове,перевищення безпечної швидкості,4,без ушкоджень,без ушкоджень,без ушкоджень,легко травмований,,,,,,49.835492,24.080789,,,,,,,,,,,
2019-11-15,19:14:00,п'ятниця,місто,Львів,Залізничний,вулиця,Щирецька,36,,наїзд на пішохода - пішохід рухався у попутному напрямку,порушення правил маневрування,2,без ушкоджень,легко травмований,,,,,,,,49.812664,23.974738,,,,,,,,,,,
2019-11-08,18:39:00,п'ятниця,місто,Львів,Сихівський,вулиця,Луганська,10,,наїзд на інші види перешкод,перевищення безпечної швидкості,1,легко травмований,,,,,,,,,49.807991,24.050966,,,,,,,,,,,
2019-12-19,15:30:00,четвер,місто,Львів,Сихівський,вулиця,Стрийська,119,,зіткнення лобове,перевищення безпечної швидкості,4,без ушкоджень,без ушкоджень,легко травмований,легко травмований,,,,,,49.781579,24.020453,,,,,,,,,,,
2019-12-08,20:20:00,неділя,місто,Львів,Франківський,вулиця,Наукова,35А,,зіткнення лобове,порушення правил маневрування,3,легко травмований,без ушкоджень,без ушкоджень,,,,,,,49.804075,23.995755,,,,,,,,,,,
2019-11-27,13:30:00,середа,місто,Львів,Шевченківський,вулиця,Шевченка Т.,290,,наїзд на пішохода - пішохід рухався у попутному напрямку,порушення правил проїзду пішохідних переходів,2,без ушкоджень,легко травмований,,,,,,,,49.862776,23.96373,,,,,,,,,,,
2019-12-09,15:15:00,понеділок,місто,Львів,Залізничний,вулиця,Петлюри С.,17,,падіння пасажира,порушення правил маневрування,2,без ушкоджень,легко травмований,,,,,,,,49.821816,23.979464,,,,,,,,,,,
2019-12-14,18:57:00,субота,місто,Львів,Сихівський,проспект,"Червоної Калини, просп.",7,,наїзд на пішохода - пішохід рухався у попутному напрямку,перехід у невстановленому місці,2,без ушкоджень,легко травмований,,,,,,,,49.812837,24.045821,,,,,,,,,,,
2019-12-02,13:05:00,понеділок,місто,Львів,Франківський,вулиця,Княгині Ольги,34А,,наїзд на пішохода - пішохід рухався у попутному напрямку,порушення правил маневрування,3,без ушкоджень,легко травмований,легко травмований,,,,,,,49.823478,24.006009,,,,,,,,,,,
2019-12-24,17:30:00,вівторок,місто,Львів,Шевченківський,вулиця,Миколайчука І., 9Б,,наїзд на пішохода - пішохід рухався у попутному напрямку,перевищення безпечної швидкості,2,без ушкоджень,легко травмований,,,,,,,,49.879423,24.035119,,,,,,,,,,,
2019-12-13,15:30:00,п'ятниця,місто,Львів,Личаківський,вулиця,Богданівська,44,,зіткнення лобове,порушення правил маневрування,5,легко травмований,легко травмований,легко травмований,легко травмований,легко травмований,,,,,49.855012,24.075964,,,,,,,,,,,
2019-12-25,4:20:00,середа,місто,Львів,Сихівський,проспект,"Червоної Калини, просп.",36,,зіткнення лобове,"перевищення безпечної швидкості, недодержання дистанції",6,легко травмований,тяжко травмований,легко травмований,легко травмований,легко травмований,легко травмований,,,,49.799951,24.047071,,,,,,,,,,,
2019-12-24,21:45:00,вівторок,місто,Львів,Личаківський,вулиця,Личаківська,201,,наїзд на пішохода - пішохід рухався у попутному напрямку,порушення правил маневрування,2,без ушкоджень,легко травмований,,,,,,,,49.835879,24.071812,,,,,,,,,,,
2019-12-14,22:20:00,субота,місто,Львів,Залізничний,вулиця,Любінська,94,,наїзд на пішохода - пішохід рухався у попутному напрямку,неочікуваний вихід на проїзну частину,2,тяжко травмований,без ушкоджень,,,,,,,,49.824641,23.976303,,,,,,,,,,,
2019-12-26,8:10:00,четвер,місто,Львів,Залізничний,вулиця,Городоцька,226,,наїзд на пішохода - пішохід рухався у попутному напрямку,порушення правил маневрування,4,без ушкоджень,без ушкоджень,без ушкоджень,легко травмований,,,,,,49.827311,23.949584,,,,,,,,,,,
2019-11-28,19:25:00,четвер,місто,Львів,Личаківський,вулиця,Зелена,109,,наїзд на пішохода - пішохід рухався у попутному напрямку,порушення правил проїзду пішохідних переходів,2,без ушкоджень,легко травмований,,,,,,,,49.823802,24.052682,,,,,,,,,,,
2019-12-26,16:50:00,четвер,місто,Львів,Шевченківський,вулиця,Грінченка Б., 4Б,,наїзд на пішохода - пішохід рухався у попутному напрямку,порушення правил маневрування,2,без ушкоджень,легко травмований,,,,,,,,49.872077,24.053063,,,,,,,,,,,
2019-12-04,22:25:00,середа,місто,Львів,Сихівський,вулиця,Стрийська,77,,наїзд на пішохода - пішохід рухався у попутному напрямку,порушення правил маневрування,2,без ушкоджень,легко травмований,,,,,,,,49.789904,24.016422,,,,,,,,,,,
2019-12-04,16:36:00,середа,місто,Львів,Франківський,вулиця,Наукова,,Перехрестя вул. Наукова - вул. Симоненка В.,зіткнення лобове,порушення правил маневрування,2,легко травмований,без ушкоджень,,,,,,,,49.805186,23.98663,,,,,,,,,,,
2019-12-24,12:55:00,вівторок,місто,Рясне-Руське,Шевченківський,вулиця,Шевченка Т.,,Поворот На Рясне-2,зіткнення лобове,"порушення правил маневрування, порушення правил проїзду перехресть",3,без ушкоджень,без ушкоджень,легко травмований,,,,,,,49.873315,23.898354,,,,,,,,,,,
2019-12-19,9:01:00,четвер,місто,Львів,Личаківський,вулиця,Цетнерівка,,Перехрестя вул. Цетнерівка - вул. Черемшини М.,зіткнення лобове,порушення правил маневрування,3,легко травмований,тяжко травмований,легко травмований,,,,,,,49.834675,24.060638,,,,,,,,,,,
2019-11-30,23:20:00,субота,місто,Львів,Сихівський,вулиця,Стуса В.,4,,"наїзд на транспортний засіб, що стоїть - по ходу руху","недодержання дистанції, керування транспортним засобом у нетверезому стані",3,без ушкоджень,без ушкоджень,легко травмований,,,,,,,49.822234,24.038934,,,,,,,,,,,
2019-12-26,7:24:00,четвер,місто,Львів,Залізничний,вулиця,Кульпарківська,124,,наїзд на пішохода - пішохід рухався у попутному напрямку,порушення правил маневрування,2,без ушкоджень,легко травмований,,,,,,,,49.818683,23.987489,,,,,,,,,,,
2019-12-27,13:55:00,п'ятниця,місто,Львів,Франківський,вулиця,Кульпарківська,,Перехрестя вул. Кульпарківська - вул. Садова,зіткнення лобове,"перевищення безпечної швидкості, недодержання дистанції",3,без ушкоджень,без ушкоджень,легко травмований,,,,,,,49.821315,23.988667,,,,,,,,,,,
2019-12-03,17:30:00,вівторок,місто,Львів,Галицький,вулиця,Городоцька,81,,наїзд на пішохода - пішохід рухався у попутному напрямку,перехід у невстановленому місці,2,без ушкоджень,легко травмований,,,,,,,,49.840972,24.014128,,,,,,,,,,,
2019-11-27,15:55:00,середа,місто,Львів,Франківський,вулиця,Мельника А.,14,,"наїзд на транспортний засіб, що стоїть - по ходу руху",недодержання дистанції,2,помер на місці дтп,без ушкоджень,,,,,,,,49.83044,24.004381,,,,,,,,,,,
2019-12-23,19:35:00,понеділок,місто,Львів,Залізничний,вулиця,Виговського І.,5,,наїзд на пішохода - пішохід рухався у попутному напрямку,неочікуваний вихід на проїзну частину,2,без ушкоджень,легко травмований,,,,,,,,49.829166,23.96808,,,,,,,,,,,
2019-12-04,20:30:00,середа,місто,Львів,Залізничний,вулиця,Патона Є.,37,,наїзд на пішохода - пішохід рухався у попутному напрямку,перехід у невстановленому місці,2,без ушкоджень,легко травмований,,,,,,,,49.822961,23.962335,,,,,,,,,,,
2019-12-13,22:37:00,п'ятниця,місто,Львів,Сихівський,вулиця,Угорська,14,,наїзд на пішохода - пішохід рухався у попутному напрямку,порушення правил маневрування,2,без ушкоджень,легко травмований,,,,,,,,49.809569,24.046417,,,,,,,,,,,
2019-12-16,22:35:00,понеділок,місто,Львів,Галицький,вулиця,Під Дубом,16,,зіткнення лобове,невиконання вимог сигналів регулювання,2,без ушкоджень,легко травмований,,,,,,,,49.850516,24.021859,,,,,,,,,,,
2019-12-24,11:40:00,вівторок,місто,Львів,Франківський,вулиця,Наукова,94А,,наїзд на пішохода - пішохід рухався у попутному напрямку,порушення правил проїзду пішохідних переходів,2,без ушкоджень,легко травмований,,,,,,,,49.804909,23.989495,,,,,,,,,,,
2019-11-27,16:15:00,середа,місто,Львів,Франківський,вулиця,Стрийська,31,,зіткнення бокове,порушення правил маневрування,5,без ушкоджень,без ушкоджень,без ушкоджень,легко травмований,легко травмований,,,,,49.818177,24.02016,,,,,,,,,,,
2019-12-06,19:50:00,п'ятниця,місто,Львів,Шевченківський,вулиця,Клепарівська,,ОККО,"наїзд на транспортний засіб, що стоїть - по ходу руху",порушення правил маневрування,2,легко травмований,без ушкоджень,,,,,,,,49.853554,24.014674,,,,,,,,,,,
2019-11-05,18:20:00,вівторок,місто,Львів,Галицький,вулиця,Замкнена,,Перехрестя вул. Замкнена - вул. Городоцька,наїзд на пішохода - пішохід рухався у попутному напрямку,"перевищення безпечної швидкості, порушення правил проїзду перехресть",2,без ушкоджень,легко травмований,,,,,,,,49.841463,24.015394,,,,,,,,,,,
2019-11-30,19:01:00,субота,місто,Львів,Залізничний,вулиця,Кульчицької О.,,Перехрестя вул. Кульчицької О. - вул. Виговського І.,наїзд на пішохода - пішохід рухався у попутному напрямку,порушення правил маневрування,2,без ушкоджень,легко травмований,,,,,,,,49.81715,23.971846,,,,,,,,,,,
2019-12-26,23:04:00,четвер,місто,Львів,Залізничний,вулиця,Виговського І.,,Перехрестя вул. Виговського І. - вул. Любінська,наїзд на пішохода - пішохід рухався у попутному напрямку,пішоходи невиконання вимог сигналів регулювання,2,без ушкоджень,помер на місці дтп,,,,,,,,49.82068,23.968928,,,,,,,,,,,
2019-12-26,18:50:00,четвер,місто,Львів,Франківський,вулиця,"Чупринки Т., ген.",98,,наїзд на пішохода - пішохід рухався у попутному напрямку,"перевищення безпечної швидкості, недодержання дистанції",2,без ушкоджень,легко травмований,,,,,,,,49.827048,24.003571,,,,,,,,,,,
2019-12-08,14:01:00,неділя,місто,Львів,Залізничний,вулиця,Садова,29,,наїзд на пішохода - пішохід рухався у попутному напрямку,порушення правил маневрування,2,без ушкоджень,легко травмований,,,,,,,,49.822601,23.981583,,,,,,,,,,,
2019-11-29,10:01:00,п'ятниця,місто,Львів,Франківський,вулиця,Антоновича В.,23,,зіткнення лобове,"перевищення безпечної швидкості, недодержання дистанції",2,без ушкоджень,легко травмований,,,,,,,,49.833711,24.004703,,,,,,,,,,,
2019-12-17,8:45:00,вівторок,місто,Львів,Сихівський,вулиця,Зелена,257,,наїзд на пішохода - пішохід рухався у попутному напрямку,перехід у невстановленому місці,2,без ушкоджень,легко травмований,,,,,,,,49.802948,24.064758,,,,,,,,,,,
2019-12-18,12:58:00,середа,місто,Львів,Сихівський,проспект,"Червоної Калини, просп.",112,,"наїзд на транспортний засіб, що стоїть - по ходу руху","недодержання дистанції, керування транспортним засобом у нетверезому стані",3,легко травмований,без ушкоджень,без ушкоджень,,,,,,,49.782208,24.058198,,,,,,,,,,,
2019-12-09,21:54:00,понеділок,місто,Львів,Галицький,вулиця,Зелена,96,,наїзд на інші види перешкод,"перевищення безпечної швидкості, недодержання дистанції",1,легко травмований,,,,,,,,,49.828086,24.039921,,,,,,,,,,,
2019-11-28,17:40:00,четвер,місто,Львів,Сихівський,проспект,"Червоної Калини, просп.",7,,наїзд на пішохода - пішохід рухався у попутному напрямку,порушення правил проїзду пішохідних переходів,3,легко травмований,без ушкоджень,легко травмований,,,,,,,49.81319,24.045768,,,,,,,,,,,
2019-12-27,8:40:00,п'ятниця,місто,Львів,Франківський,вулиця,Суха,5,,наїзд на пішохода - пішохід рухався у попутному напрямку,порушення правил маневрування,2,без ушкоджень,легко травмований,,,,,,,,49.831754,23.977719,,,,,,,,,,,
2019-12-28,7:10:00,субота,місто,Львів,Залізничний,вулиця,Виговського І.,,Перехрестя вул. Виговського І. - вул. Кульпарківська,наїзд на пішохода - пішохід рухався у попутному напрямку,недодержання дистанції,2,без ушкоджень,легко травмований,,,,,,,,49.811962,23.983796,,,,,,,,,,,
2019-12-11,17:10:00,середа,місто,Львів,Франківський,вулиця,Городоцька,112,,наїзд на пішохода - пішохід рухався у попутному напрямку,перехід у невстановленому місці,2,тяжко травмований,без ушкоджень,,,,,,,,49.836785,24.002761,,,,,,,,,,,
2019-12-25,23:47:00,середа,місто,Львів,Галицький,вулиця,Кривоноса М.,7,,наїзд на пішохода - пішохід рухався у попутному напрямку,порушення правил маневрування,2,без ушкоджень,легко травмований,,,,,,,,49.84504,24.037457,,,,,,,,,,,
2019-11-08,13:30:00,п'ятниця,місто,Львів,Личаківський,вулиця,Личаківська,,,наїзд на пішохода - на нерегульованому пішохідному переході,порушення правил перевезення пасажирів,2,без ушкоджень,легко травмований,,,,,,,,49.840543,24.04742,,,,,,,,,,,
2019-12-02,1:01:00,понеділок,село,Пасіки-Зубрицькі,,вулиця,Зелена,477,,наїзд на пішохода - пішохід рухався у попутному напрямку,перехід у невстановленому місці,2,без ушкоджень,легко травмований,,,,,,,,49.782429,24.097749,,,,,,,,,,,
2019-12-22,23:52:00,неділя,місто,Львів,Шевченківський,вулиця,Липинського В.,9,,перекидання тз,"недодержання дистанції, керування транспортним засобом у нетверезому стані",2,легко травмований,без ушкоджень,,,,,,,,49.858898,24.025483,,,,,,,,,,,
2019-12-21,13:26:00,субота,місто,Львів,Франківський,вулиця,Володимира Великого,61,,наїзд на пішохода - пішохід рухався у попутному напрямку,порушення правил маневрування,2,без ушкоджень,легко травмований,,,,,,,,49.810805,23.995825,,,,,,,,,,,
2019-12-24,8:45:00,вівторок,місто,Львів,Галицький,вулиця,Дорошенка П.,25,,наїзд на велосипедиста - велосипедист рухався у попутному напрямку,порушення правил маневрування,2,без ушкоджень,легко травмований,,,,,,,,49.839138,24.025356,,,,,,,,,,,
2019-11-30,14:12:00,субота,місто,Львів,Залізничний,вулиця,Городоцька,124,,зіткнення бокове,порушення правил проїзду перехресть,3,легко травмований,без ушкоджень,без ушкоджень,,,,,,,49.835476,23.992215,,,,,,,,,,,
2019-12-08,21:01:00,неділя,місто,Львів,Франківський,вулиця,Наукова,12,,падіння пасажира,порушення правил маневрування,1,легко травмований,,,,,,,,,49.803417,24.004478,,,,,,,,,,,
2019-12-05,22:01:00,четвер,місто,Львів,Шевченківський,вулиця,Хмельницького Б.,,,падіння пасажира,порушення правил маневрування,2,без ушкоджень,легко травмований,,,,,,,,49.872469,24.058571,,,,,,,,,,,
2019-12-12,11:13:00,четвер,місто,Львів,Шевченківський,вулиця,"Грекова О., ген.",5,,наїзд на пішохода - на регульованому пішохідному переході,порушення правил проїзду пішохідних переходів,2,без ушкоджень,легко травмований,,,,,,,,49.85119,24.018769,,,,,,,,,,,
2019-12-24,7:40:00,вівторок,місто,Львів,Сихівський,вулиця,Стрийська,35,,наїзд на пішохода - пішохід рухався у попутному напрямку,невиконання вимог сигналів регулювання,2,легко травмований,без ушкоджень,,,,,,,,49.81588,24.021912,,,,,,,,,,,
2019-11-26,14:15:00,вівторок,місто,Львів,Франківський,вулиця,Княгині Ольги,100,,наїзд на велосипедиста - велосипедист рухався у попутному напрямку,"перевищення безпечної швидкості, недодержання дистанції, порушення правил маневрування",2,без ушкоджень,легко травмований,,,,,,,,49.816257,24.00223,,,,,,,,,,,
2019-12-03,8:23:00,вівторок,місто,Львів,Шевченківський,проспект,"Чорновола В., просп.", 67Ж,,наїзд на пішохода - пішохід рухався у попутному напрямку,перехід у невстановленому місці,2,без ушкоджень,легко травмований,,,,,,,,49.859401,24.018055,,,,,,,,,,,
2019-12-07,18:40:00,субота,місто,Львів,Личаківський,вулиця,Зелена,89,,наїзд на пішохода - пішохід рухався у попутному напрямку,"перевищення безпечної швидкості, недодержання дистанції",2,без ушкоджень,легко травмований,,,,,,,,49.828244,24.045801,,,,,,,,,,,
2019-12-07,14:10:00,субота,місто,Львів,Франківський,вулиця,Бойчука М.,38,,наїзд на пішохода - пішохід рухався у попутному напрямку,порушення правил маневрування,2,без ушкоджень,легко травмований,,,,,,,,49.81264,23.988076,,,,,,,,,,,
2019-11-27,21:05:00,середа,місто,Львів,Залізничний,вулиця,Патона Є., 2/2,,наїзд на пішохода - пішохід рухався у попутному напрямку,порушення правил маневрування,2,без ушкоджень,легко травмований,,,,,,,,49.822747,23.96498,,,,,,,,,,,
2019-12-08,17:40:00,неділя,місто,Львів,Залізничний,вулиця,Кульпарківська,234,,зіткнення бокове,порушення правил маневрування,4,легко травмований,легко травмований,без ушкоджень,без ушкоджень,,,,,,49.802915,23.980322,,,,,,,,,,,
2019-12-26,6:15:00,четвер,місто,Львів,Франківський,вулиця,Любінська,,Перехрестя вул. Любінська - вул. Окружна,наїзд на пішохода - пішохід рухався у попутному напрямку,порушення правил маневрування,2,без ушкоджень,легко травмований,,,,,,,,49.827083,23.982704,,,,,,,,,,,
2019-11-26,1:30:00,вівторок,місто,Львів,Шевченківський,вулиця,Гайдамацька,14,,зіткнення лобове,порушення правил маневрування,2,без ушкоджень,легко травмований,,,,,,,,49.853248,24.028382,,,,,,,,,,,
2019-11-28,18:30:00,четвер,місто,Львів,Франківський,вулиця,Княгині Ольги,69,,наїзд на пішохода - пішохід рухався у попутному напрямку,порушення правил маневрування,2,без ушкоджень,легко травмований,,,,,,,,49.807229,23.999162,,,,,,,,,,,
2019-12-19,14:40:00,четвер,місто,Львів,Шевченківський,вулиця,Миколайчука І.,24,,наїзд на пішохода - пішохід рухався у попутному напрямку,"порушення правил маневрування, неочікуваний вихід на проїзну частину",2,без ушкоджень,легко травмований,,,,,,,,49.818832,24.136013,,,,,,,,,,,
2019-12-21,18:15:00,субота,місто,Львів,Сихівський,вулиця,Трильовського К.,,,наїзд на пішохода - пішохід рухався у попутному напрямку,порушення правил маневрування,2,без ушкоджень,легко травмований,,,,,,,,49.784908,24.064629,,,,,,,,,,,
2019-12-10,11:45:00,вівторок,місто,Львів,Франківський,вулиця,Робітнича,,Перехрестя вул. Робітнича - вул. Кульпарківська,наїзд на пішохода - пішохід рухався у попутному напрямку,порушення правил маневрування,2,без ушкоджень,легко травмований,,,,,,,,49.827436,23.990021,,,,,,,,,,,
2019-12-23,12:55:00,понеділок,місто,Львів,Галицький,вулиця,Винниченка В.,16,,наїзд на велосипедиста - велосипедист рухався у попутному напрямку,порушення правил маневрування,2,легко травмований,без ушкоджень,,,,,,,,49.841238,24.036775,,,,,,,,,,,
2019-12-11,19:01:00,середа,місто,Львів,Залізничний,вулиця,Городоцька,174,,наїзд на пішохода - пішохід рухався у попутному напрямку,перехід у невстановленому місці,2,без ушкоджень,легко травмований,,,,,,,,49.83081,23.9691,,,,,,,,,,,