accidentDate,accidentTime,accidentDay,settlementType,settlement,district,streetType,streetName,houseNumber,locationComments,accidentType,mainAccidentCause,totalParticipantsAmount,injuryStatusParticipant1,injuryStatusParticipant2,injuryStatusParticipant3,injuryStatusParticipant4,injuryStatusParticipant5,injuryStatusParticipant6,injuryStatusParticipant7,injuryStatusParticipant8,injuryStatusParticipant9,latitude,longitude,injuryStatusParticipant10,injuryStatusParticipant11,injuryStatusParticipant12,injuryStatusParticipant13,injuryStatusParticipant14,injuryStatusParticipant15,injuryStatusParticipant16,injuryStatusParticipant17,injuryStatusParticipant18,injuryStatusParticipant19,injuryStatusParticipant20
2019-12-11,11:40:00,середа,місто,Львів,Шевченківський,вулиця,Шевченка Т.,300,,зіткнення бокове,порушення правил маневрування,3,без ушкоджень,легко травмований,легко травмований,,,,,,,49.863378,23.962308,,,,,,,,,,,
2019-12-23,8:20:00,понеділок,місто,Львів,Залізничний,вулиця,Зелена,95А,,наїзд на пішохода - пішохід рухався у попутному напрямку,порушення правил проїзду пішохідних переходів,2,без ушкоджень,легко травмований,,,,,,,,49.82564,24.046422,,,,,,,,,,,
2019-12-24,9:55:00,вівторок,місто,Львів,Сихівський,вулиця,Сихівська,2,,зіткнення лобове,порушення правил маневрування,4,без ушкоджень,без ушкоджень,без ушкоджень,легко травмований,,,,,,49.795578,24.066373,,,,,,,,,,,
2019-12-12,17:23:00,четвер,місто,Львів,Залізничний,вулиця,Широка,85,,наїзд на пішохода - пішохід рухався у попутному напрямку,порушення правил проїзду пішохідних переходів,2,без ушкоджень,легко травмований,,,,,,,,49.841833,23.963826,,,,,,,,,,,
2019-12-04,11:15:00,середа,місто,Львів,Шевченківський,проспект,"Чорновола В., просп.",103,,наїзд на пішохода - пішохід рухався у попутному напрямку,перехід у невстановленому місці,2,без ушкоджень,легко травмований,,,,,,,,49.866379,24.015539,,,,,,,,,,,
2019-12-26,9:30:00,четвер,місто,Львів,Галицький,вулиця,Зернова,1,,наїзд на пішохода - пішохід рухався у попутному напрямку,порушення правил маневрування,2,без ушкоджень,помер у лікарні протягом 30 діб,,,,,,,,49.846572,24.024385,,,,,,,,,,,
2019-12-23,20:06:00,понеділок,місто,Львів,Сихівський,вулиця,Стрийська,133,,наїзд на пішохода - пішохід рухався у попутному напрямку,перехід у невстановленому місці,2,помер на місці дтп,без ушкоджень,,,,,,,,49.80482,24.018554,,,,,,,,,,,
2019-12-18,14:09:00,середа,місто,Львів,Франківський,вулиця,Стрийська,104,,зіткнення лобове,порушення правил маневрування,3,без ушкоджень,без ушкоджень,легко травмований,,,,,,,49.80815,24.019171,,,,,,,,,,,
2019-12-11,7:30:00,середа,місто,Львів,Франківський,вулиця,Княгині Ольги,100Б,,"наїзд на транспортний засіб, що стоїть - по ходу руху",перевищення безпечної швидкості,2,легко травмований,без ушкоджень,,,,,,,,49.81654,24.001876,,,,,,,,,,,
2019-12-02,20:10:00,понеділок,місто,Львів,Франківський,вулиця,Наукова,2,,зіткнення лобове,порушення правил маневрування,4,без ушкоджень,легко травмований,без ушкоджень,легко травмований,,,,,,49.802045,24.015474,,,,,,,,,,,
2019-11-26,22:30:00,вівторок,місто,Львів,Франківський,вулиця,Княгині Ольги,65,,наїзд на пішохода - пішохід рухався у попутному напрямку,неочікуваний вихід на проїзну частину,2,без ушкоджень,легко травмований,,,,,,,,49.809836,23.999811,,,,,,,,,,,
2019-12-21,18:18:00,субота,місто,Львів,Шевченківський,вулиця,Шевченка Т.,,Перехрестя вул. Шевченка Т. - вул. Величковського І.,зіткнення лобове,невиконання вимог сигналів регулювання,4,без ушкоджень,легко травмований,легко травмований,легко травмований,,,,,,49.872789,23.928512,,,,,,,,,,,
2019-12-27,16:05:00,п'ятниця,місто,Львів,Франківський,вулиця,Княгині Ольги,26,,зіткнення бокове,недодержання дистанції,2,без ушкоджень,легко травмований,,,,,,,,49.823691,24.00723,,,,,,,,,,,
2019-12-27,17:30:00,п'ятниця,місто,Львів,Франківський,вулиця,Симоненка В.,,Перехрестя вул. Симоненка В. - вул. Наукова,наїзд на пішохода - пішохід рухався у попутному напрямку,порушення правил маневрування,2,без ушкоджень,легко травмований,,,,,,,,49.8052,23.986545,,,,,,,,,,,
2019-12-25,17:50:00,середа,місто,Львів,Сихівський,вулиця,Стуса В., 22А,,зіткнення бокове,"порушення правил маневрування, недодержання дистанції",4,легко травмований,без ушкоджень,без ушкоджень,без ушкоджень,,,,,,49.818036,24.043295,,,,,,,,,,,
2019-11-27,11:45:00,середа,місто,Львів,Залізничний,вулиця,Кульпарківська,,Перехрестя вул. Кульпарківська - вул. Виговського І.,наїзд на пішохода - пішохід рухався у попутному напрямку,порушення правил проїзду пішохідних переходів,2,без ушкоджень,легко травмований,,,,,,,,49.812068,23.983713,,,,,,,,,,,
2019-12-27,12:35:00,п'ятниця,місто,Львів,Шевченківський,вулиця,Шевченка Т.,386,,зіткнення лобове,порушення правил маневрування,3,без ушкоджень,без ушкоджень,легко травмований,,,,,,,49.871192,23.945335,,,,,,,,,,,
2019-12-20,11:01:00,п'ятниця,місто,Львів,Галицький,вулиця,Костюшка Т.,22,,наїзд на пішохода - пішохід рухався у попутному напрямку,порушення правил маневрування,2,без ушкоджень,легко травмований,,,,,,,,49.841324,24.022899,,,,,,,,,,,
2019-12-02,19:30:00,понеділок,місто,Львів,Галицький,вулиця,Дорошенка П.,82,,наїзд на велосипедиста - велосипедист рухався у попутному напрямку,порушення правил маневрування,2,без ушкоджень,легко травмований,,,,,,,,49.838072,24.02342,,,,,,,,,,,
2019-12-12,17:01:00,четвер,місто,Львів,Франківський,вулиця,Кульпарківська,52,,наїзд на пішохода - пішохід рухався у попутному напрямку,невиконання вимог сигналів регулювання,2,без ушкоджень,легко травмований,,,,,,,,49.829069,23.990246,,,,,,,,,,,
2019-11-26,11:30:00,вівторок,місто,Львів,Шевченківський,проспект,"Чорновола В., просп.",43,,зіткнення лобове,порушення правил маневрування,3,без ушкоджень,без ушкоджень,легко травмований,,,,,,,49.854064,24.022921,,,,,,,,,,,
2019-12-19,8:45:00,четвер,місто,Львів,Залізничний,вулиця,Городоцька,,Перехрестя Городоцька - Виговського,"наїзд на транспортний засіб, що стоїть - по ходу руху","перевищення безпечної швидкості, недодержання дистанції",6,легко травмований,без ушкоджень,без ушкоджень,без ушкоджень,без ушкоджень,без ушкоджень,,,,49.830731,23.96886,,,,,,,,,,,
2019-12-13,9:30:00,п'ятниця,місто,Львів,Франківський,вулиця,Тролейбусна,1,,наїзд на пішохода - на регульованому пішохідному переході,"порушення правил проїзду пішохідних переходів, перевищення безпечної швидкості",3,без ушкоджень,легко травмований,легко травмований,,,,,,,49.809618,24.008024,,,,,,,,,,,
2019-12-28,17:15:00,субота,місто,Львів,Сихівський,вулиця,Пирогівка,,Церква,наїзд на пішохода - пішохід рухався у попутному напрямку,порушення правил маневрування,2,без ушкоджень,легко травмований,,,,,,,,49.805076,24.076774,,,,,,,,,,,
2019-11-29,22:34:00,п'ятниця,місто,Львів,Залізничний,вулиця,Городоцька,174,,наїзд на пішохода - пішохід рухався у попутному напрямку,порушення правил маневрування,3,легко травмований,без ушкоджень,легко травмований,,,,,,,49.837138,24.002359,,,,,,,,,,,
2019-12-27,15:20:00,п'ятниця,місто,Львів,Сихівський,проспект,"Червоної Калини, просп.",7,,наїзд на інші види перешкод,порушення правил маневрування,2,легко травмований,тяжко травмований,,,,,,,,49.840723,24.027729,,,,,,,,,,,
2019-12-31,18:45:00,вівторок,місто,Львів,Сихівський,вулиця,Пасічна,,Перехрестя вул. Пасічна - вул. Пимоненка М.,зіткнення лобове,порушення правил проїзду перехресть,3,без ушкоджень,без ушкоджень,легко травмований,,,,,,,49.80919,24.078826,,,,,,,,,,,
2019-12-25,17:25:00,середа,місто,Львів,Галицький,проспект,"Свободи, просп.",11,,наїзд на пішохода - пішохід рухався у попутному напрямку,порушення правил маневрування,2,без ушкоджень,легко травмований,,,,,,,,49.840906,24.027588,,,,,,,,,,,
2019-12-11,17:15:00,середа,місто,Львів,Сихівський,вулиця,Мирного Панаса,,,падіння пасажира,порушення правил маневрування,1,легко травмований,,,,,,,,,49.815101,24.031863,,,,,,,,,,,
2021-02-07,12:15:00,неділя,місто,Львів,Галицький,вулиця,Франка І.,24,,наїзд на пішохода - пішохід рухався у попутному напрямку,порушення правил проїзду пішохідних переходів,2,без ушкоджень,легко травмований,,,,,,,,49.834799,24.034374,,,,,,,,,,,
2021-02-11,14:01:00,четвер,місто,Львів,Франківський,вулиця,Володимира Великого,,,наїзд на пішохода - пішохід рухався у попутному напрямку,перехід у невстановленому місці,2,без ушкоджень,легко травмований,,,,,,,,49.810781,23.995535,,,,,,,,,,,
2021-02-17,22:29:00,середа,місто,Львів,Залізничний,вулиця,Яворницького Д.,,,зіткнення бокове,порушення правил проїзду перехресть,3,легко травмований,без ушкоджень,легко травмований,,,,,,,49.824058,23.977318,,,,,,,,,,,
2021-01-30,21:45:00,субота,місто,Львів,Галицький,вулиця,Городоцька,83,,наїзд на пішохода - пішохід рухався у попутному напрямку,"перевищення безпечної швидкості,недодержання дистанції",2,без ушкоджень,легко травмований,,,,,,,,49.839792,24.01444,,,,,,,,,,,
2021-02-10,13:30:00,середа,місто,Львів,Сихівський,вулиця,Вернадського В.,26,,наїзд на пішохода - пішохід рухався у попутному напрямку,порушення правил маневрування,2,без ушкоджень,легко травмований,,,,,,,,49.78161,24.05574,,,,,,,,,,,
2021-02-14,22:50:00,неділя,місто,Львів,Франківський,вулиця,Горбачевського І.,17,,наїзд на пішохода - пішохід рухався у попутному напрямку,перехід у невстановленому місці,2,без ушкоджень,легко травмований,,,,,,,,49.828782,24.009612,,,,,,,,,,,
2021-02-17,19:41:00,середа,місто,Львів,Франківський,вулиця,Княгині Ольги,32,,наїзд на пішохода,порушення правил проїзду пішохідних переходів,3,без ушкоджень,без ушкоджень,легко травмований,,,,,,,49.825384,24.008598,,,,,,,,,,,
2021-02-01,21:45:00,понеділок,місто,Львів,Галицький,вулиця,Хотинська,,вул. Городоцька - вул. Хотинська,наїзд на пішохода - пішохід рухався у попутному напрямку,порушення правил проїзду пішохідних переходів,2,без ушкоджень,легко травмований,,,,,,,,49.837477,24.00502,,,,,,,,,,,
2021-01-27,17:37:00,середа,місто,Львів,Личаківський,вулиця,Богданівська,11,,зіткнення бокове,порушення правил маневрування,2,помер у лікарні протягом 30 діб,без ушкоджень,,,,,,,,49.857187,24.073947,,,,,,,,,,,
2021-02-07,13:44:00,неділя,місто,Львів,Залізничний,вулиця,Городоцька,321,,зіткнення бокове,порушення правил проїзду перехресть,4,без ушкоджень,без ушкоджень,легко травмований,легко травмований,,,,,,49.826439,23.947111,,,,,,,,,,,
2021-02-15,8:40:00,понеділок,місто,Львів,Залізничний,вулиця,Суботівська,,вул. Суботівська - вул. Широка,наїзд на пішохода - пішохід рухався у попутному напрямку,порушення правил проїзду пішохідних переходів,2,без ушкоджень,легко травмований,,,,,,,,49.841747,23.967576,,,,,,,,,,,
2021-02-21,7:54:00,неділя,місто,Львів,Личаківський,вулиця,Хмельницького Б.,214,,зіткнення бокове,"перевищення безпечної швидкості,недодержання дистанції",4,без ушкоджень,без ушкоджень,без ушкоджень,легко травмований,,,,,,49.869553,24.057001,,,,,,,,,,,
2021-02-01,17:30:00,понеділок,місто,Львів,Шевченківський,проспект,"Чорновола В., просп.",43,,наїзд на пішохода - пішохід рухався у попутному напрямку,порушення правил проїзду пішохідних переходів,2,без ушкоджень,легко травмований,,,,,,,,49.85403,24.022642,,,,,,,,,,,
2021-02-17,19:46:00,середа,місто,Львів,Сихівський,вулиця,Стрийська,75,,зіткнення бокове,"перевищення безпечної швидкості,недодержання дистанції",3,без ушкоджень,без ушкоджень,легко травмований,,,,,,,49.791163,24.015722,,,,,,,,,,,
2021-02-16,20:50:00,вівторок,місто,Львів,Личаківський,вулиця,Зелена,109,,зіткнення бокове,порушення правил маневрування,3,без ушкоджень,без ушкоджень,легко травмований,,,,,,,49.822221,24.054565,,,,,,,,,,,
2021-01-30,7:05:00,субота,місто,Львів,Шевченківський,вулиця,Промислова,,вул. Промислова - вул. Липинського В.,зіткнення бокове,"порушення правил маневрування,порушення правил проїзду перехресть",3,без ушкоджень,без ушкоджень,легко травмований,,,,,,,49.865224,24.04433,,,,,,,,,,,
2021-02-03,19:01:00,середа,місто,Львів,Франківський,вулиця,Наукова,35,,наїзд на пішохода - пішохід рухався у попутному напрямку,порушення правил маневрування,2,без ушкоджень,легко травмований,,,,,,,,49.804435,23.992124,,,,,,,,,,,
2021-02-08,0:05:00,понеділок,місто,Львів,Шевченківський,вулиця,"Мазепи І., гетьм.",1,,зіткнення бокове,"керування транспортним засобом у нетверезому стані,перевищення безпечної швидкості,недодержання дистанції",3,легко травмований,без ушкоджень,без ушкоджень,,,,,,,49.832083,23.892404,,,,,,,,,,,
2021-02-11,6:25:00,четвер,місто,Львів,Залізничний,вулиця,Городоцька,151,,зіткнення з задньою частиною тз,порушення правил маневрування,2,без ушкоджень,легко травмований,,,,,,,,49.836536,24.000428,,,,,,,,,,,
2021-02-19,9:48:00,п'ятниця,місто,Львів,Личаківський,вулиця,Лисенка М.,26,,зіткнення з задньою частиною тз,"порушення правил маневрування,перевищення безпечної швидкості,недодержання дистанції",3,без ушкоджень,без ушкоджень,легко травмований,,,,,,,49.841944,24.045489,,,,,,,,,,,
2021-01-29,15:44:00,п'ятниця,місто,Львів,Франківський,вулиця,Кобилиці Л.,19,,зіткнення бокове,"порушення правил маневрування,порушення правил проїзду перехресть",2,без ушкоджень,легко травмований,,,,,,,,49.816873,23.998169,,,,,,,,,,,
2021-02-20,23:04:00,субота,місто,Львів,Залізничний,вулиця,Садова,,Перехрестя вул. Садова,зіткнення бокове,"порушення правил маневрування,порушення правил проїзду перехресть,невиконання вимог сигналів регулювання",3,легко травмований,без ушкоджень,легко травмований,,,,,,,49.82147,23.988605,,,,,,,,,,,
2021-02-12,16:10:00,п'ятниця,місто,Львів,Залізничний,вулиця,Городоцька,112,,наїзд на пішохода,"перевищення безпечної швидкості,порушення правил проїзду пішохідних переходів",2,без ушкоджень,легко травмований,,,,,,,,49.836228,23.998448,,,,,,,,,,,
2021-04-02,22:10:00,п'ятниця,місто,Львів,Сихівський,вулиця,Гориня М.,9,,"наїзд на транспортний засіб, що стоїть - по ходу руху","перевищення безпечної швидкості,керування транспортним засобом у нетверезому стані",1,легко травмований,,,,,,,,,49.78923,24.05554,,,,,,,,,,,
2021-04-09,12:37:00,п'ятниця,місто,Львів,Шевченківський,вулиця,Липинського В.,54,,наїзд на пішохода - пішохід рухався у попутному напрямку,порушення правил маневрування,2,без ушкоджень,легко травмований,,,,,,,,49.864432,24.041508,,,,,,,,,,,
2021-04-12,15:30:00,понеділок,місто,Львів,Франківський,вулиця,"Сахарова А., акад.",42,,зіткнення з задньою частиною тз,"перевищення безпечної швидкості,недодержання дистанції",3,без ушкоджень,без ушкоджень,легко травмований,,,,,,,49.829035,24.012927,,,,,,,,,,,
2021-04-13,1:27:00,вівторок,місто,Львів,Шевченківський,вулиця,Порічкова,15,,наїзд на інші види перешкод,перевищення безпечної швидкості,1,помер у лікарні протягом 30 діб,,,,,,,,,49.867717,23.961005,,,,,,,,,,,
2021-03-31,16:01:00,середа,місто,Львів,Личаківський,вулиця,Личаківська,42,,наїзд на велосипедиста - поза межами велосипедної доріжки,порушення правил маневрування,2,без ушкоджень,легко травмований,,,,,,,,49.798706,24.071113,,,,,,,,,,,
2021-03-28,9:50:00,неділя,місто,Львів,Галицький,проспект,"Чорновола В., просп.",14,,наїзд на інші види перешкод,"недодержання дистанції,перевищення безпечної швидкості",4,без ушкоджень,без ушкоджень,легко травмований,легко травмований,,,,,,49.847015,24.025662,,,,,,,,,,,
2021-04-07,17:50:00,середа,місто,Львів,Залізничний,вулиця,Кульпрківська,118,,падіння пасажира,порушення правил перевезення пасажирів,2,без ушкоджень,легко травмований,,,,,,,,49.819386,23.987896,,,,,,,,,,,
2021-03-30,17:22:00,вівторок,місто,Львів,Сихівський,вулиця,Чмоли І.,2,,зіткнення бокове,"перевищення безпечної швидкості,недодержання дистанції",3,легко травмований,легко травмований,без ушкоджень,,,,,,,49.814859,24.024015,,,,,,,,,,,
2021-04-29,11:25:00,четвер,місто,Львів,Залізничний,вулиця,Білогорща,34,,наїзд на інші види перешкод,"керування транспортним засобом у нетверезому стані,порушення правил маневрування",2,легко травмований,без ушкоджень,,,,,,,,49.844441,23.947915,,,,,,,,,,,
2021-04-22,7:35:00,четвер,місто,Львів,Шевченківський,вулиця,Грінченка Б.,,,наїзд на велосипедиста - поза межами велосипедної доріжки,перевищення безпечної швидкості,2,без ушкоджень,легко травмований,,,,,,,,49.795356,24.054246,,,,,,,,,,,
2021-04-26,18:50:00,понеділок,місто,Львів,Шевченківський,проспект,"Чорновола В., просп.",45,,наїзд на велосипедиста - поза межами велосипедної доріжки,недодержання дистанції,2,без ушкоджень,легко травмований,,,,,,,,49.852518,24.023629,,,,,,,,,,,
2021-04-16,6:01:00,п'ятниця,місто,Львів,Шевченківський,вулиця,Липинського В.,11,,наїзд на пішохода - на нерегульованому пішохідному переході,порушення правил проїзду пішохідних переходів,2,без ушкоджень,помер у лікарні протягом 30 діб,,,,,,,,49.856765,24.022079,,,,,,,,,,,
2021-04-08,14:43:00,четвер,місто,Львів,Галицький,вулиця,Ковжуна П.,,Перехрестяв вул. Ковжуна П. - вул. Чайковського П.,зіткнення бокове,порушення правил проїзду перехресть,2,легко травмований,легко травмований,,,,,,,,49.83756,24.029793,,,,,,,,,,,
2021-04-08,17:20:00,четвер,місто,Львів,Галицький,вулиця,Стуса В.,7,,зіткнення бокове,порушення правил маневрування,2,без ушкоджень,помер на місці дтп,,,,,,,,49.823266,24.038313,,,,,,,,,,,
2021-04-27,19:30:00,вівторок,місто,Львів,Залізничний,вулиця,Кульчицької О.,4,,наїзд на пішохода - пішохід рухався у зустрічному напрямку,неочікуваний вихід на проїзну частину,2,без ушкоджень,легко травмований,,,,,,,,49.817493,23.973268,,,,,,,,,,,
2021-04-11,19:18:00,неділя,місто,Львів,Галицький,проспект,"Свободи, просп.",,,наїзд на пішохода - пішохід рухався у попутному напрямку,порушення правил маневрування,2,без ушкоджень,легко травмований,,,,,,,,49.842134,24.026842,,,,,,,,,,,
2021-04-28,18:45:00,середа,місто,Львів,Шевченківський,проспект,"Чорновола В., просп.",7,,наїзд на інші види перешкод,порушення правил маневрування,1,тяжко травмований,,,,,,,,,49.859722,24.019831,,,,,,,,,,,
2021-04-28,14:05:00,середа,місто,Львів,Шевченківський,вулиця,Городоцька,32,,наїзд на пішохода - пішохід рухався у зустрічному напрямку,порушення правил проїзду пішохідних переходів,2,без ушкоджень,легко травмований,,,,,,,,49.842791,24.017165,,,,,,,,,,,
2021-04-01,15:20:00,четвер,місто,Львів,Залізничний,вулиця,Виговського І.,89,,наїзд на пішохода - пішохід рухався у попутному напрямку,порушення правил проїзду пішохідних переходів,2,легко травмований,без ушкоджень,,,,,,,,49.812726,23.98213,,,,,,,,,,,
2021-04-01,0:55:00,четвер,місто,Львів,Сихівський,вулиця,Хуторівка,4Б,,наїзд на пішохода - пішохід рухався у попутному напрямку,перехід у невстановленому місці,2,без ушкоджень,легко травмований,,,,,,,,49.799695,24.02689,,,,,,,,,,,
2021-04-20,18:30:00,вівторок,місто,Львів,Галицький,вулиця,Під Дубом,7Б,,наїзд на пішохода - пішохід на тротуарі чи велосипедній доріжці,перевищення безпечної швидкості,3,без ушкоджень,без ушкоджень,тяжко травмований,,,,,,,49.850481,24.022899,,,,,,,,,,,
2021-04-07,23:05:00,середа,місто,Львів,Франківський,вулиця,Княгині Ольги,100,,наїзд на пішохода - пішохід рухався у попутному напрямку,пішоходи невиконання вимог сигналів регулювання,2,без ушкоджень,легко травмований,,,,,,,,49.816908,24.002643,,,,,,,,,,,
2021-04-08,19:10:00,четвер,місто,Львів,Личаківський,вулиця,Личаківська,,,наїзд на пішохода - пішохід рухався у попутному напрямку,порушення правил маневрування,2,без ушкоджень,легко травмований,,,,,,,,49.840425,24.044019,,,,,,,,,,,
2021-04-16,18:30:00,п'ятниця,місто,Львів,Галицький,вулиця,Франка І.,35,,падіння пасажира,порушення техніки безпеки пасажиром,2,без ушкоджень,легко травмований,,,,,,,,49.842957,24.034927,,,,,,,,,,,
2021-04-06,10:01:00,вівторок,місто,Львів,Галицький,вулиця,Городоцька,64,,наїзд на пішохода - пішохід рухався у зустрічному напрямку,порушення правил маневрування,4,без ушкоджень,без ушкоджень,легко травмований,без ушкоджень,,,,,,49.839263,24.009697,,,,,,,,,,,
2021-04-21,0:05:00,середа,місто,Львів,Залізничний,вулиця,Городоцька,174,,зіткнення з задньою частиною тз,"перевищення безпечної швидкості,недодержання дистанції,керування транспортним засобом у нетверезому стані",3,без ушкоджень,легко травмований,без ушкоджень,,,,,,,49.830681,23.966584,,,,,,,,,,,
2021-04-29,22:47:00,четвер,місто,Львів,Сихівський,вулиця,"Червоної Калини, просп.",59,,зіткнення бокове,невиконання вимог сигналів регулювання,3,без ушкоджень,без ушкоджень,легко травмований,,,,,,,49.8372,24.0243,,,,,,,,,,,
2021-04-02,21:30:00,п'ятниця,місто,Львів,Франківський,вулиця,Княгині Ольги,102,,наїзд на пішохода - на регульованому пішохідному переході,порушення правил проїзду пішохідних переходів,3,без ушкоджень,легко травмований,легко травмований,,,,,,,49.825152,24.008356,,,,,,,,,,,
2021-04-16,20:32:00,п'ятниця,місто,Львів,Франківський,вулиця,Кульпарківська,93,,зіткнення бокове,порушення правил проїзду перехресть,2,легко травмований,без ушкоджень,,,,,,,,49.822999,23.989141,,,,,,,,,,,
2021-04-17,12:25:00,субота,місто,Львів,Франківський,вулиця,Наукова,51,,наїзд на пішохода - пішохід рухався у зустрічному напрямку,неочікуваний вихід на проїзну частину,2,без ушкоджень,тяжко травмований,,,,,,,,49.804819,23.987435,,,,,,,,,,,
2021-04-28,18:01:00,середа,місто,Львів,Франківський,вулиця,Боткіна С.,73,,наїзд на пішохода - на нерегульованому пішохідному переході,порушення правил проїзду пішохідних переходів,2,без ушкоджень,легко травмований,,,,,,,,49.813169,23.991796,,,,,,,,,,,
2021-04-02,19:37:00,п'ятниця,місто,Львів,Шевченківський,вулиця,Хмельницького Б.,291,,зіткнення бокове,перевищення безпечної швидкості,3,легко травмований,без ушкоджень,легко травмований,,,,,,,49.878404,24.064259,,,,,,,,,,,
2021-04-14,11:55:00,середа,місто,Львів,Личаківський,вулиця,Пасічна,43,,наїзд на пішохода - пішохід рухався у попутному напрямку,порушення правил проїзду пішохідних переходів,2,без ушкоджень,легко травмований,,,,,,,,49.830132,24.069854,,,,,,,,,,,
2021-04-28,22:20:00,середа,місто,Львів,Франківський,вулиця,Княгині Ольги,25,,наїзд на пішохода - пішохід рухався у зустрічному напрямку,неочікуваний вихід на проїзну частину,2,без ушкоджень,легко травмований,,,,,,,,49.816837,24.002953,,,,,,,,,,,
2021-04-22,22:45:00,четвер,місто,Львів,Залізничний,вулиця,Кульпарківська,139,,наїзд на пішохода - на нерегульованому пішохідному переході,порушення правил проїзду пішохідних переходів,2,без ушкоджень,легко травмований,,,,,,,,49.815419,23.984839,,,,,,,,,,,
2021-04-27,17:01:00,вівторок,місто,Львів,Залізничний,вулиця,Щирецька,36,,зіткнення бокове,"перевищення безпечної швидкості,порушення правил проїзду перехресть,невиконання вимог сигналів регулювання",2,без ушкоджень,легко травмований,,,,,,,,49.809985,23.974357,,,,,,,,,,,
2021-04-20,20:01:00,вівторок,місто,Львів,Франківський,вулиця,Пулюя І.,23,,наїзд на пішохода - пішохід на тротуарі чи велосипедній доріжці,порушення правил маневрування,2,без ушкоджень,легко травмований,,,,,,,,49.80108,23.990375,,,,,,,,,,,
2021-04-01,19:50:00,четвер,місто,Львів,Галицький,площа,"Святого Юра, пл.",1,,наїзд на велосипедиста - велосипедист рухався у попутному напрямку,"порушення правил проїзду пішохідних переходів,порушення правил маневрування,перевищення безпечної швидкості",2,без ушкоджень,легко травмований,,,,,,,,49.836519,24.013211,,,,,,,,,,,
2021-06-05,9:45:00,субота,місто,Львів,Шевченківський,вулиця,Шевченка Т.,186,,зіткнення бокове,перевищення безпечної швидкості,2,без ушкоджень,легко травмований,,,,,,,,49.85605,23.981057,,,,,,,,,,,
2021-06-02,19:30:00,середа,місто,Львів,Личаківський,вулиця,Заньковецької М.,,вул. Заньковецької М. - вул. Личаківська,зіткнення бокове,порушення правил проїзду пішохідних переходів,2,легко травмований,легко травмований,,,,,,,,49.840723,24.04646,,,,,,,,,,,
2021-06-07,19:15:00,понеділок,місто,Львів,Личаківський,вулиця,Пасічна,63,,наїзд на пішохода,порушення правил маневрування,2,легко травмований,без ушкоджень,,,,,,,,49.824913,24.075004,,,,,,,,,,,
2021-06-15,21:01:00,вівторок,місто,Львів,Сихівський,проспект,"Червоної Калини, просп.",66,,наїзд на пішохода - пішохід рухався у попутному напрямку,порушення правил маневрування,2,без ушкоджень,легко травмований,,,,,,,,49.790685,24.057409,,,,,,,,,,,
2021-06-18,19:12:00,п'ятниця,місто,Львів,Залізничний,вулиця,Щирецька,36,,наїзд на пішохода - на регульованому пішохідному переході,порушення правил проїзду пішохідних переходів,2,без ушкоджень,легко травмований,,,,,,,,49.809874,23.975934,,,,,,,,,,,
2021-06-04,15:24:00,п'ятниця,місто,Львів,Сихівський,вулиця,Зелена,238,,зіткнення бокове,перевищення безпечної швидкості,2,без ушкоджень,легко травмований,,,,,,,,49.806786,24.060702,,,,,,,,,,,
2021-05-31,22:45:00,понеділок,місто,Львів,Галицький,вулиця,Торгова,,"вул. Торгова - Свободи, просп. - Різні, пл.",зіткнення бокове,"керування транспортним засобом у нетверезому стані,невиконання вимог сигналів регулювання",3,легко травмований,без ушкоджень,без ушкоджень,,,,,,,49.844158,24.024659,,,,,,,,,,,
2021-06-23,11:30:00,середа,місто,Львів,Галицький,вулиця,Дорошенка П.,22,,наїзд на пішохода - пішохід рухався у зустрічному напрямку,порушення правил проїзду пішохідних переходів,2,без ушкоджень,легко травмований,,,,,,,,49.83909,24.025185,,,,,,,,,,,
2021-06-04,17:38:00,п'ятниця,місто,Львів,Личаківський,вулиця,Яворницького Д.,8А,,наїзд на пішохода - пішохід переходив дорогу поза межами піш.переходу,перехід у невстановленому місці,2,без ушкоджень,легко травмований,,,,,,,,49.815146,24.149601,,,,,,,,,,,
2021-06-13,16:20:00,неділя,місто,Львів,Галицький,вулиця,Франка І.,88,,наїзд на пішохода - пішохід рухався у попутному напрямку,порушення правил маневрування,2,без ушкоджень,легко травмований,,,,,,,,49.82893736,24.03231912,,,,,,,,,,,
2021-06-10,13:45:00,четвер,місто,Львів,Галицький,вулиця,Шевченка Т.,,,наїзд на інші види перешкод,"перевищення безпечної швидкості,керування транспортним засобом у нетверезому стані",2,легко травмований,без ушкоджень,,,,,,,,49.842413,24.027621,,,,,,,,,,,
2021-06-10,16:40:00,четвер,місто,Львів,Залізничний,вулиця,Городоцька,274,,зіткнення з задньою частиною тз,недодержання дистанції,3,без ушкоджень,без ушкоджень,легко травмований,,,,,,,49.82419,23.93289,,,,,,,,,,,