accidentDate,accidentTime,accidentDay,settlementType,settlement,district,streetType,streetName,houseNumber,locationComments,accidentType,mainAccidentCause,totalParticipantsAmount,injuryStatusParticipant1,injuryStatusParticipant2,injuryStatusParticipant3,injuryStatusParticipant4,injuryStatusParticipant5,injuryStatusParticipant6,injuryStatusParticipant7,injuryStatusParticipant8,injuryStatusParticipant9,latitude,longitude,injuryStatusParticipant10,injuryStatusParticipant11,injuryStatusParticipant12,injuryStatusParticipant13,injuryStatusParticipant14,injuryStatusParticipant15,injuryStatusParticipant16,injuryStatusParticipant17,injuryStatusParticipant18,injuryStatusParticipant19,injuryStatusParticipant20
2021-05-26,11:47:00,середа,місто,Львів,Галицький,вулиця,Коперника М.,22,,наїзд на пішохода - пішохід рухався у зустрічному напрямку,порушення правил маневрування,2,без ушкоджень,легко травмований,,,,,,,,49.838155,24.026091,,,,,,,,,,,
2021-05-08,0:25:00,субота,місто,Львів,Шевченківський,вулиця,Липинського В.,,"Перехрестя вул. Липинського В. - Чорновола В., просп.","наїзд на транспортний засіб, що стоїть - по ходу руху",перевищення безпечної швидкості,3,без ушкоджень,без ушкоджень,легко травмований,,,,,,,49.857035,24.021821,,,,,,,,,,,
2021-05-25,18:20:00,вівторок,місто,Львів,Шевченківський,вулиця,Миколайчука І.,9,,падіння пасажира,порушення правил перевезення пасажирів,2,без ушкоджень,легко травмований,,,,,,,,49.872423,24.042131,,,,,,,,,,,
2021-05-17,10:07:00,понеділок,місто,Львів,Франківський,вулиця,Княгині Ольги,,"Перехрестя вул. Княгині Ольги - вул. Сахарова  А., акад.",наїзд на пішохода - пішохід рухався у зустрічному напрямку,неочікуваний вихід на проїзну частину,2,легко травмований,,,,,,,,,49.826792,24.010395,,,,,,,,,,,
2021-05-14,16:59:00,п'ятниця,місто,Львів,Залізничний,вулиця,Вернигори,12,,наїзд на пішохода - пішохід рухався у зустрічному напрямку,порушення правил маневрування,2,без ушкоджень,помер по дорозі в лікарню,,,,,,,,49.840359,24.005916,,,,,,,,,,,
2021-05-21,21:57:00,п'ятниця,місто,Львів,Личаківський,вулиця,Личаківська,14,,наїзд на пішохода - пішохід рухався у зустрічному напрямку,"порушення правил проїзду пішохідних переходів,порушення правил маневрування",2,без ушкоджень,легко травмований,,,,,,,,49.839857,24.040879,,,,,,,,,,,
2021-04-30,17:20:00,п'ятниця,місто,Львів,Сихівський,проспект,"Червоної Калини, просп.",59,,зіткнення з задньою частиною тз,"порушення правил маневрування,порушення правил проїзду перехресть",3,без ушкоджень,без ушкоджень,легко травмований,,,,,,,49.796575,24.053771,,,,,,,,,,,
2021-05-13,15:59:00,четвер,місто,Львів,Сихівський,вулиця,Козельницька,1А,,наїзд на пішохода - пішохід рухався у зустрічному напрямку,порушення правил проїзду пішохідних переходів,2,без ушкоджень,легко травмований,,,,,,,,49.814879,24.025614,,,,,,,,,,,
2021-05-21,16:22:00,п'ятниця,місто,Львів,Шевченківський,вулиця,Хмельницького Б.,2,,наїзд на пішохода - пішохід рухався у зустрічному напрямку,пішоходи невиконання вимог сигналів регулювання,2,без ушкоджень,легко травмований,,,,,,,,49.85137,24.030275,,,,,,,,,,,
2021-05-04,22:10:00,вівторок,місто,Львів,Сихівський,вулиця,Зелена,349,,наїзд на інші види перешкод,перевищення безпечної швидкості,2,легко травмований,легко травмований,,,,,,,,49.794242,24.074713,,,,,,,,,,,
2021-05-08,17:40:00,субота,місто,Львів,Шевченківський,вулиця,Хмельницького Б.,269,,зіткнення бокове,порушення правил маневрування,3,легко травмований,помер на місці дтп,легко травмований,,,,,,,49.872416,24.058524,,,,,,,,,,,
2021-05-16,7:01:00,неділя,місто,Львів,Шевченківський,проспект,"Чорновола В., просп.",,"Перехрестя Чорновола В.,просп. - вул. Хімічна",наїзд на інші види перешкод,перевищення безпечної швидкості,2,легко травмований,легко травмований,,,,,,,,49.853677,24.023119,,,,,,,,,,,
2021-05-21,12:15:00,п'ятниця,місто,Львів,Шевченківський,вулиця,Хмельницького Б.,102,,зіткнення з задньою частиною тз,недодержання дистанції,3,легко травмований,без ушкоджень,без ушкоджень,,,,,,,49.853649,24.040731,,,,,,,,,,,
2021-05-09,12:25:00,неділя,місто,Львів,Залізничний,вулиця,Патона Є.,2/5,,наїзд на пішохода - пішохід рухався у попутному напрямку,порушення правил проїзду пішохідних переходів,2,без ушкоджень,легко травмований,,,,,,,,49.822698,23.965401,,,,,,,,,,,
2021-05-26,10:35:00,середа,місто,Львів,Франківський,вулиця,Володимира Великого,22,,наїзд на велосипедиста - поза межами велосипедної доріжки,порушення правил маневрування,2,легко травмований,без ушкоджень,,,,,,,,49.810331,24.000921,,,,,,,,,,,
2021-05-10,19:15:00,понеділок,місто,Львів,Галицький,проспект,"Свободи, просп.",28,,зіткнення бокове,"перевищення безпечної швидкості,недодержання дистанції",2,без ушкоджень,легко травмований,,,,,,,,49.843909,24.026134,,,,,,,,,,,
2021-05-28,19:40:00,п'ятниця,місто,Львів,Сихівський,проспект,"Червоної Калини, просп.",60,,наїзд на пішохода - пішохід рухався у попутному напрямку,порушення правил маневрування,2,легко травмований,без ушкоджень,,,,,,,,49.793247,24.057881,,,,,,,,,,,
2021-05-06,10:25:00,четвер,місто,Львів,Шевченківський,вулиця,Липинського В.,28,,зіткнення бокове,невиконання вимог сигналів регулювання,3,без ушкоджень,без ушкоджень,легко травмований,,,,,,,49.861576,24.0285,,,,,,,,,,,
2021-05-12,12:40:00,середа,місто,Львів,Сихівський,вулиця,Пасічна,127,,зіткнення бокове,порушення правил маневрування,2,легко травмований,легко травмований,,,,,,,,49.808365,24.077922,,,,,,,,,,,
2021-05-17,18:29:00,понеділок,місто,Львів,Франківський,вулиця,Куликівська,20,,зіткнення бокове,перевищення безпечної швидкості,3,легко травмований,легко травмований,легко травмований,,,,,,,49.822531,24.010145,,,,,,,,,,,
2021-05-23,9:20:00,неділя,місто,Львів,Личаківський,вулиця,Зелена,,Перехрестя вул. Зелена - вул. Керченська,зіткнення бокове,порушення правил проїзду перехресть,2,без ушкоджень,легко травмований,,,,,,,,49.823096,24.053246,,,,,,,,,,,
2021-05-14,23:35:00,п'ятниця,місто,Львів,Шевченківський,вулиця,Шевченка Т.,22,,наїзд на пішохода - пішохід рухався у зустрічному напрямку,порушення правил проїзду пішохідних переходів,2,без ушкоджень,легко травмований,,,,,,,,49.842973,24.015572,,,,,,,,,,,
2021-05-28,11:15:00,п'ятниця,місто,Львів,Франківський,вулиця,"Сахарова А., акад.",76,,зіткнення бокове,"перевищення безпечної швидкості,недодержання дистанції,керування транспортним засобом у нетверезому стані",3,без ушкоджень,легко травмований,без ушкоджень,,,,,,,49.822176,24.016049,,,,,,,,,,,
2021-05-03,15:15:00,понеділок,місто,Львів,Франківський,вулиця,Княгині Ольги,114,,наїзд на пішохода - на нерегульованому пішохідному переході,порушення правил проїзду пішохідних переходів,2,без ушкоджень,легко травмований,,,,,,,,49.806609,23.998647,,,,,,,,,,,
2021-05-17,21:16:00,понеділок,місто,Львів,Галицький,вулиця,Хмельницького Б.,3,,зіткнення лобове,"порушення правил обгону,виїзд на смугу зустрічного руху",4,легко травмований,без ушкоджень,без ушкоджень,легко травмований,,,,,,49.845081,24.02924,,,,,,,,,,,
2021-04-30,14:28:00,п'ятниця,місто,Львів,Залізничний,вулиця,Повітряна,34,,наїзд на інші види перешкод,порушення правил маневрування,2,легко травмований,без ушкоджень,,,,,,,,49.845019,23.976004,,,,,,,,,,,
2021-05-15,12:30:00,субота,місто,Львів,Франківський,вулиця,Наукова,116,,зіткнення бокове,недодержання дистанції,3,без ушкоджень,без ушкоджень,легко травмований,,,,,,,49.805512,23.983557,,,,,,,,,,,
2021-05-27,19:35:00,четвер,місто,Львів,Шевченківський,вулиця,Лінкольна А.,6,,наїзд на пішохода - пішохід рухався у зустрічному напрямку,порушення правил обгону,3,без ушкоджень,легко травмований,легко травмований,,,,,,,49.864816,24.028768,,,,,,,,,,,
2021-05-24,19:30:00,понеділок,місто,Львів,Галицький,вулиця,Городоцька,127,,падіння пасажира,порушення правил перевезення пасажирів,2,без ушкоджень,легко травмований,,,,,,,,49.83764,24.005508,,,,,,,,,,,
2021-05-08,20:01:00,субота,місто,Львів,Шевченківський,вулиця,Липинського В.,,,наїзд на пішохода - пішохід рухався у попутному напрямку,порушення правил маневрування,2,без ушкоджень,легко травмований,,,,,,,,49.862624,24.030297,,,,,,,,,,,
2021-05-29,18:46:00,субота,місто,Львів,Личаківський,вулиця,Погулянка,4,,наїзд на пішохода - пішохід рухався у попутному напрямку,порушення правил маневрування,2,без ушкоджень,легко травмований,,,,,,,,49.829263,24.0514,,,,,,,,,,,
2021-05-24,2:40:00,понеділок,місто,Львів,Галицький,вулиця,Городоцька,125,,наїзд на пішохода - пішохід рухався у зустрічному напрямку,перехід у невстановленому місці,2,без ушкоджень,легко травмований,,,,,,,,49.837771,24.005889,,,,,,,,,,,
2021-06-30,5:24:00,середа,місто,Львів,Шевченківський,проспект,"Чорновола В., просп.",57,,наїзд на інші види перешкод,"порушення правил маневрування,перевищення безпечної швидкості",2,без ушкоджень,легко травмований,,,,,,,,49.856043,24.021842,,,,,,,,,,,
2021-06-29,18:38:00,вівторок,місто,Львів,Залізничний,вулиця,Молдавська,,Перехрестя вул. Молдавська - вул. Музики,зіткнення бокове,порушення правил проїзду перехресть,2,без ушкоджень,легко травмований,,,,,,,,49.84457,23.996999,,,,,,,,,,,
2021-07-12,9:20:00,понеділок,місто,Львів,Залізничний,вулиця,Кульпарківська,232,,наїзд на велосипедиста - поза межами велосипедної доріжки,порушення правил маневрування,2,без ушкоджень,легко травмований,,,,,,,,49.801419,23.980343,,,,,,,,,,,
2021-07-04,17:20:00,неділя,місто,Львів,Шевченківський,вулиця,Хвильового М.,2,,наїзд на велосипедиста - поза межами велосипедної доріжки,недодержання дистанції,2,без ушкоджень,легко травмований,,,,,,,,49.868306,24.030002,,,,,,,,,,,
2021-07-24,16:52:00,субота,місто,Львів,Личаківський,вулиця,Лисенка М.,17,,наїзд на пішохода - пішохід рухався у попутному напрямку,неочікуваний вихід на проїзну частину,2,без ушкоджень,легко травмований,,,,,,,,49.843179,24.04036,,,,,,,,,,,
2021-07-05,9:30:00,понеділок,місто,Львів,Шевченківський,вулиця,Грінченка Б.,,,наїзд на пішохода - пішохід рухався у зустрічному напрямку,перевищення безпечної швидкості,2,без ушкоджень,тяжко травмований,,,,,,,,49.871185,24.053986,,,,,,,,,,,
2021-07-15,19:04:00,четвер,місто,Львів,Залізничний,вулиця,Рудненська,,,наїзд на пішохода - пішохід рухався у зустрічному напрямку,порушення правил маневрування,2,без ушкоджень,легко травмований,,,,,,,,49.836253,23.960795,,,,,,,,,,,
2021-07-20,17:14:00,вівторок,місто,Львів,Франківський,вулиця,Княгині Ольги,104,,наїзд на пішохода - пішохід рухався у попутному напрямку,"порушення правил проїзду пішохідних переходів,керування транспортним засобом у нетверезому стані",2,без ушкоджень,легко травмований,,,,,,,,49.811909,23.999982,,,,,,,,,,,
2021-07-12,11:50:00,понеділок,місто,Львів,Залізничний,вулиця,"Курмановича В., ген.",,"Перехрестя вул. Курмановича В., ген. - вул. Збиральна",наїзд на пішохода - пішохід рухався у зустрічному напрямку,перевищення безпечної швидкості,2,без ушкоджень,легко травмований,,,,,,,,49.825996,23.93849,,,,,,,,,,,
2021-07-12,17:13:00,понеділок,місто,Львів,Шевченківський,вулиця,Варшавська,,,наїзд на пішохода - пішохід рухався у зустрічному напрямку,неочікуваний вихід на проїзну частину,2,без ушкоджень,легко травмований,,,,,,,,49.869789,24.018525,,,,,,,,,,,
2021-07-20,17:05:00,вівторок,місто,Львів,Франківський,вулиця,Копистинського Т.,,вул. Кульпарківська - вул. Копистинського Т.,зіткнення бокове,порушення правил маневрування,2,легко травмований,без ушкоджень,,,,,,,,49.828792,23.990214,,,,,,,,,,,
2021-07-04,22:34:00,неділя,місто,Львів,Сихівський,вулиця,Хуторівка,59,,зіткнення з задньою частиною тз,"недодержання дистанції,перевищення безпечної швидкості",4,без ушкоджень,без ушкоджень,без ушкоджень,легко травмований,,,,,,49.801136,24.031219,,,,,,,,,,,
2021-06-29,15:15:00,вівторок,місто,Львів,Галицький,вулиця,Дорошенка П.,42,,наїзд на пішохода - пішохід рухався у попутному напрямку,порушення правил маневрування,2,без ушкоджень,легко травмований,,,,,,,,49.837809,24.022905,,,,,,,,,,,
2021-07-09,9:16:00,п'ятниця,місто,Львів,Сихівський,вулиця,Боднарська,8,,наїзд на пішохода - пішохід переходив дорогу поза межами піш.переходу,"неочікуваний вихід на проїзну частину,перехід у невстановленому місці",2,без ушкоджень,легко травмований,,,,,,,,49.801066,24.019981,,,,,,,,,,,
2021-06-29,16:01:00,вівторок,місто,Львів,Залізничний,вулиця,Городоцька,,,зіткнення бокове,порушення правил маневрування,2,без ушкоджень,легко травмований,,,,,,,,49.830194,23.965902,,,,,,,,,,,
2021-07-17,12:03:00,субота,місто,Львів,Франківський,вулиця,Наукова,53,,падіння пасажира,порушення правил перевезення пасажирів,2,без ушкоджень,легко травмований,,,,,,,,49.804556,23.986298,,,,,,,,,,,
2021-07-24,9:20:00,субота,місто,Львів,Личаківський,вулиця,Личаківська,151,,зіткнення бокове,порушення правил проїзду перехресть,2,легко травмований,без ушкоджень,,,,,,,,49.837323,24.060638,,,,,,,,,,,
2021-07-20,13:15:00,вівторок,місто,Львів,Галицький,вулиця,Куліша П.,27,,наїзд на пішохода - пішохід рухався у попутному напрямку,"неочікуваний вихід на проїзну частину,перехід у невстановленому місці",2,легко травмований,легко травмований,,,,,,,,49.847098,24.024015,,,,,,,,,,,
2021-07-05,14:44:00,понеділок,місто,Львів,Залізничний,вулиця,Повітряна,,Перехрестя вул. Повітряна - вул. Калнишевського П.,зіткнення бокове,перевищення безпечної швидкості,2,без ушкоджень,легко травмований,,,,,,,,49.844748,23.970367,,,,,,,,,,,
2021-07-14,16:40:00,середа,місто,Львів,Галицький,вулиця,Куліша П.,14,,наїзд на пішохода - пішохід рухався у зустрічному напрямку,порушення правил маневрування,2,без ушкоджень,легко травмований,,,,,,,,49.84817,24.024294,,,,,,,,,,,
2021-07-14,19:20:00,середа,місто,Львів,Сихівський,вулиця,Стрийська,109,,зіткнення з задньою частиною тз,"перевищення безпечної швидкості,недодержання дистанції",2,без ушкоджень,легко травмований,,,,,,,,49.78682,24.016156,,,,,,,,,,,
2021-06-29,18:40:00,вівторок,місто,Львів,Франківський,вулиця,Кульпарківська,64,,зіткнення бокове,порушення правил обгону,3,легко травмований,без ушкоджень,без ушкоджень,,,,,,,49.827644,23.990064,,,,,,,,,,,
2021-07-01,16:58:00,четвер,місто,Львів,Личаківський,вулиця,Пасічна,70,,наїзд на пішохода - пішохід рухався у зустрічному напрямку,порушення правил проїзду пішохідних переходів,2,без ушкоджень,тяжко травмований,,,,,,,,49.8262,24.072874,,,,,,,,,,,
2021-07-22,17:20:00,четвер,місто,Львів,Франківський,вулиця,"Сахарова А., акад.",8,,наїзд на пішохода - пішохід рухався у попутному напрямку,порушення правил проїзду пішохідних переходів,2,легко травмований,легко травмований,,,,,,,,49.831817,24.017074,,,,,,,,,,,
2021-06-17,13:02:00,четвер,місто,Львів,Галицький,вулиця,Митрополита Андрея,1,,наїзд на пішохода - пішохід на тротуарі чи велосипедній доріжці,перевищення безпечної швидкості,2,без ушкоджень,легко травмований,,,,,,,,49.836803,24.013581,,,,,,,,,,,
2021-07-10,15:17:00,субота,місто,Львів,Сихівський,вулиця,Драгана М.,34,,наїзд на пішохода - пішохід рухався у зустрічному напрямку,порушення правил маневрування,3,без ушкоджень,без ушкоджень,легко травмований,,,,,,,49.783945,24.053664,,,,,,,,,,,
2021-07-17,10:44:00,субота,місто,Львів,Сихівський,вулиця,Довженка О.,2,,зіткнення бокове,перевищення безпечної швидкості,2,легко травмований,без ушкоджень,,,,,,,,49.797036,24.053653,,,,,,,,,,,
2021-07-23,16:07:00,п'ятниця,місто,Львів,Галицький,вулиця,Опришківська,3,,наїзд на пішохода - пішохід рухався у попутному напрямку,порушення правил зупинки і стоянки транспортного засобу,2,без ушкоджень,легко травмований,,,,,,,,49.851716,24.04242,,,,,,,,,,,
2021-06-29,7:50:00,вівторок,місто,Львів,Шевченківський,вулиця,Миколайчука І.,9,,наїзд на пішохода - пішохід рухався у зустрічному напрямку,"керування транспортним засобом у нетверезому стані,порушення правил проїзду пішохідних переходів",2,без ушкоджень,легко травмований,,,,,,,,49.871296,24.042506,,,,,,,,,,,
2021-07-20,19:44:00,вівторок,місто,Львів,Сихівський,вулиця,Стрийська,,вул. Стрийська - вул. Січових Стрільців,зіткнення бокове,перевищення безпечної швидкості,2,без ушкоджень,легко травмований,,,,,,,,49.783716,24.013989,,,,,,,,,,,
2021-07-25,0:48:00,неділя,місто,Львів,Шевченківський,вулиця,"Мазепи І., гетьм.",46,,наїзд на інші види перешкод,перевищення безпечної швидкості,2,без ушкоджень,легко травмований,,,,,,,,49.83847,23.89116,,,,,,,,,,,
2021-07-05,17:30:00,понеділок,місто,Львів,Шевченківський,вулиця,Тунельна,54,,"наїзд на транспортний засіб, що стоїть - по ходу руху",недодержання дистанції,2,без ушкоджень,легко травмований,,,,,,,,49.863713,24.005883,,,,,,,,,,,
2021-07-15,13:17:00,четвер,місто,Львів,Шевченківський,вулиця,"Сахарова А., акад.",42,,наїзд на пішохода - пішохід рухався у зустрічному напрямку,"порушення правил маневрування,порушення правил проїзду перехресть",2,без ушкоджень,легко травмований,,,,,,,,49.845632,24.008661,,,,,,,,,,,
2021-07-03,22:01:00,субота,місто,Львів,Галицький,вулиця,Городоцька,,Біля Церкви Анни,наїзд на пішохода - на нерегульованому пішохідному переході,порушення правил проїзду пішохідних переходів,3,без ушкоджень,легко травмований,легко травмований,,,,,,,49.842425,24.017626,,,,,,,,,,,
2021-07-06,16:04:00,вівторок,місто,Львів,Залізничний,вулиця,Кульпарківська,226,,наїзд на інші види перешкод,перевищення безпечної швидкості,1,легко травмований,,,,,,,,,49.806696,23.981674,,,,,,,,,,,
2021-07-07,19:50:00,середа,місто,Львів,Шевченківський,вулиця,Жовківська,18,,зіткнення з задньою частиною тз,перевищення безпечної швидкості,4,без ушкоджень,без ушкоджень,легко травмований,легко травмований,,,,,,49.856537,24.036895,,,,,,,,,,,
2021-06-27,16:50:00,неділя,місто,Львів,Галицький,вулиця,Городницька,57,,падіння пасажира,"порушення правил перевезення пасажирів,порушення правил маневрування",2,без ушкоджень,легко травмований,,,,,,,,49.842438,24.017621,,,,,,,,,,,
2021-07-16,8:25:00,п'ятниця,місто,Львів,Шевченківський,вулиця,Шевченка Т.,316,,зіткнення бокове,порушення правил обгону,2,легко травмований,без ушкоджень,,,,,,,,49.864315,23.960098,,,,,,,,,,,
2021-07-14,17:45:00,середа,місто,Львів,Шевченківський,проспект,"Чорновола В., просп.",69А,,зіткнення бокове,порушення правил маневрування,2,без ушкоджень,легко травмований,,,,,,,,49.860162,24.019589,,,,,,,,,,,
2021-07-24,21:34:00,субота,місто,Львів,Залізничний,вулиця,Городоцька,,,падіння пасажира,"порушення техніки безпеки пасажиром,порушення правил маневрування",2,без ушкоджень,легко травмований,,,,,,,,49.831201,23.97176,,,,,,,,,,,
2021-07-23,23:30:00,п'ятниця,місто,Львів,Франківський,вулиця,Княгині Ольги,114,,наїзд на пішохода - пішохід рухався у попутному напрямку,порушення правил проїзду пішохідних переходів,2,без ушкоджень,помер на місці дтп,,,,,,,,49.80816,23.998116,,,,,,,,,,,
2021-06-29,18:04:00,вівторок,місто,Львів,Шевченківський,вулиця,Замарстинівська,85Б,,наїзд на пішохода - пішохід рухався у зустрічному напрямку,порушення правил проїзду пішохідних переходів,2,без ушкоджень,легко травмований,,,,,,,,49.865158,24.025421,,,,,,,,,,,
2021-07-21,17:09:00,середа,місто,Львів,Галицький,проспект,"Свободи, просп.",15,,наїзд на пішохода - пішохід рухався у попутному напрямку,перехід у невстановленому місці,2,без ушкоджень,легко травмований,,,,,,,,49.841058,24.027084,,,,,,,,,,,
2021-07-24,0:20:00,субота,місто,Львів,Франківський,вулиця,Стрийська,,вул. Стрийська - вул. Наукова,зіткнення бокове,невиконання вимог сигналів регулювання,3,легко травмований,без ушкоджень,без ушкоджень,,,,,,,49.801821,24.017873,,,,,,,,,,,
2021-07-09,16:35:00,п'ятниця,місто,Львів,Личаківський,вулиця,Пасічна,98,,зіткнення бокове,порушення правил обгону,2,легко травмований,без ушкоджень,,,,,,,,49.820826,24.075744,,,,,,,,,,,
2021-07-20,20:01:00,вівторок,місто,Львів,Галицький,вулиця,Шевченка Т.,22,,наїзд на пішохода - на нерегульованому пішохідному переході,порушення правил проїзду пішохідних переходів,2,без ушкоджень,легко травмований,,,,,,,,49.842928,24.01554,,,,,,,,,,,
2021-07-19,13:33:00,понеділок,місто,Львів,Сихівський,вулиця,Стрийська,148,,зіткнення бокове,"виїзд на смугу зустрічного руху,недодержання дистанції,перевищення безпечної швидкості",7,легко травмований,без ушкоджень,легко травмований,без ушкоджень,без ушкоджень,легко травмований,без ушкоджень,,,49.803937,24.018468,,,,,,,,,,,
2021-06-30,23:07:00,середа,місто,Львів,Залізничний,вулиця,Городоцька,291,,зіткнення бокове,"порушення правил маневрування,недодержання дистанції",7,легко травмований,легко травмований,легко травмований,легко травмований,легко травмований,легко травмований,легко травмований,,,49.829466,23.960627,,,,,,,,,,,
2021-07-17,7:32:00,субота,місто,Львів,Шевченківський,вулиця,Ткацька,15,,наїзд на інші види перешкод,"перевтома, сон за кермом",1,легко травмований,,,,,,,,,49.855399,24.030055,,,,,,,,,,,
2021-07-21,16:30:00,середа,місто,Львів,Сихівський,вулиця,Зелена,395,,зіткнення бокове,недодержання дистанції,2,легко травмований,без ушкоджень,,,,,,,,49.788503,24.074628,,,,,,,,,,,
2021-06-28,16:10:00,понеділок,місто,Львів,Залізничний,вулиця,Виговського І.,29,,перекидання тз,порушення правил маневрування,1,легко травмований,,,,,,,,,49.823439,23.967496,,,,,,,,,,,
2021-07-19,22:20:00,понеділок,місто,Львів,Шевченківський,вулиця,Винниця,31,,зіткнення бокове,порушення правил маневрування,3,легко травмований,без ушкоджень,без ушкоджень,,,,,,,49.862271,23.996104,,,,,,,,,,,
2021-07-04,10:05:00,неділя,місто,Львів,Залізничний,вулиця,Шевченка Т.,111,,зіткнення бокове,порушення правил маневрування,2,легко травмований,без ушкоджень,,,,,,,,49.850711,23.99246,,,,,,,,,,,
2021-07-15,17:36:00,четвер,місто,Львів,Шевченківський,вулиця,Городоцька,168,,наїзд на пішохода - пішохід рухався у зустрічному напрямку,"перевищення безпечної швидкості,порушення правил маневрування",2,без ушкоджень,легко травмований,,,,,,,,49.868973,24.024464,,,,,,,,,,,
2021-07-17,20:10:00,субота,місто,Львів,Сихівський,вулиця,Вашингтона Дж.,4,,наїзд на пішохода - пішохід рухався у попутному напрямку,"перевищення безпечної швидкості,порушення правил маневрування",2,без ушкоджень,легко травмований,,,,,,,,49.813924,24.066603,,,,,,,,,,,
2021-06-29,21:12:00,вівторок,місто,Львів,Залізничний,вулиця,Левандівська,5,,наїзд на пішохода - пішохід рухався у зустрічному напрямку,перехід у невстановленому місці,2,без ушкоджень,легко травмований,,,,,,,,49.846683,23.989999,,,,,,,,,,,
2021-07-02,15:55:00,п'ятниця,місто,Львів,Галицький,площа,"Кропивницького М., пл.",2,,зіткнення бокове,неочікуваний вихід на проїзну частину,2,без ушкоджень,легко травмований,,,,,,,,49.836702,24.005883,,,,,,,,,,,
2021-06-27,16:05:00,неділя,місто,Львів,Галицький,вулиця,Університетська,1,,наїзд на пішохода - пішохід рухався у попутному напрямку,порушення правил маневрування,2,без ушкоджень,легко травмований,,,,,,,,49.839698,24.021907,,,,,,,,,,,
2021-07-23,13:48:00,п'ятниця,місто,Львів,Сихівський,вулиця,Хуторівка,,,падіння пасажира,"порушення правил перевезення пасажирів,порушення правил маневрування",2,без ушкоджень,легко травмований,,,,,,,,49.799882,24.034814,,,,,,,,,,,
2021-06-30,11:20:00,середа,місто,Львів,Шевченківський,вулиця,Шевченка Т.,154,,наїзд на пішохода - пішохід рухався у зустрічному напрямку,неочікуваний вихід на проїзну частину,2,без ушкоджень,легко травмований,,,,,,,,49.854421,23.986169,,,,,,,,,,,
2021-07-21,13:01:00,середа,місто,Львів,Сихівський,вулиця,Вернадського В.,,,падіння пасажира,порушення правил маневрування,2,без ушкоджень,легко травмований,,,,,,,,49.786446,24.025319,,,,,,,,,,,
2021-08-23,21:50:00,понеділок,місто,Львів,Галицький,вулиця,Городоцька,,"Перехрестя вул. Городоцька - вул. Огієнка І., 20",наїзд на пішохода - пішохід рухався у зустрічному напрямку,"перевищення безпечної швидкості,недодержання дистанції",2,без ушкоджень,легко травмований,,,,,,,,49.842694,24.018613,,,,,,,,,,,
2021-08-30,18:01:00,понеділок,місто,Львів,Шевченківський,вулиця,Ткацька,1,,наїзд на пішохода - стояв на проїздній частині,перехід у невстановленому місці,2,без ушкоджень,легко травмований,,,,,,,,49.854753,24.028301,,,,,,,,,,,
2021-08-29,13:35:00,неділя,місто,Львів,Залізничний,вулиця,Сяйво,12,,наїзд на інші види перешкод,перевищення безпечної швидкості,2,легко травмований,легко травмований,,,,,,,,49.8393525,23.9769666,,,,,,,,,,,
2021-08-23,17:38:00,понеділок,місто,Львів,Шевченківський,проспект,"Чорновола В., просп.",,"Перехрестя Чорновола В.,просп. - вул. Хімічна",наїзд на пішохода - пішохід рухався у зустрічному напрямку,порушення правил маневрування,2,без ушкоджень,легко травмований,,,,,,,,49.853674,24.023135,,,,,,,,,,,
2021-09-13,8:05:00,понеділок,місто,Львів,Залізничний,вулиця,Петлюри С.,30А,,наїзд на пішохода - пішохід рухався у попутному напрямку,"порушення правил маневрування,порушення правил проїзду пішохідних переходів",2,без ушкоджень,легко травмований,,,,,,,,49.81982748,23.98025116,,,,,,,,,,,
2021-09-03,12:56:00,п'ятниця,місто,Львів,Сихівський,вулиця,Зелена,255,,зіткнення бокове,порушення правил маневрування,2,без ушкоджень,легко травмований,,,,,,,,49.80331,24.064307,,,,,,,,,,,
2021-08-25,19:30:00,середа,місто,Львів,Сихівський,вулиця,Скорини Ф.,18,,зіткнення бокове,порушення правил маневрування,2,без ушкоджень,тяжко травмований,,,,,,,,49.798712,24.022695,,,,,,,,,,,
2021-09-16,11:40:00,четвер,місто,Львів,Франківський,вулиця,Наукова,95Б,,наїзд на пішохода - пішохід рухався у попутному напрямку,порушення правил маневрування,2,без ушкоджень,легко травмований,,,,,,,,49.805391,23.982827,,,,,,,,,,,
2021-09-15,22:40:00,середа,місто,Львів,Франківський,вулиця,Княгині Ольги,98Б,,наїзд на інші види перешкод,перевищення безпечної швидкості,2,без ушкоджень,тяжко травмований,,,,,,,,49.818618,24.003389,,,,,,,,,,,
2021-08-22,14:11:00,неділя,місто,Львів,Залізничний,вулиця,Роксоляни,59,,наїзд на пішохода - пішохід рухався у зустрічному напрямку,порушення правил маневрування,2,без ушкоджень,легко травмований,,,,,,,,49.848784,23.961375,,,,,,,,,,,
2021-08-30,8:10:00,понеділок,місто,Львів,Шевченківський,вулиця,Липинського В.,58,,наїзд на пішохода - пішохід рухався у попутному напрямку,перехід у невстановленому місці,2,легко травмований,легко травмований,,,,,,,,49.864823,24.048584,,,,,,,,,,,