accidentDate,accidentTime,accidentDay,settlementType,settlement,district,streetType,streetName,houseNumber,locationComments,accidentType,mainAccidentCause,totalParticipantsAmount,injuryStatusParticipant1,injuryStatusParticipant2,injuryStatusParticipant3,injuryStatusParticipant4,injuryStatusParticipant5,injuryStatusParticipant6,injuryStatusParticipant7,injuryStatusParticipant8,injuryStatusParticipant9,latitude,longitude,injuryStatusParticipant10,injuryStatusParticipant11,injuryStatusParticipant12,injuryStatusParticipant13,injuryStatusParticipant14,injuryStatusParticipant15,injuryStatusParticipant16,injuryStatusParticipant17,injuryStatusParticipant18,injuryStatusParticipant19,injuryStatusParticipant20
2021-08-30,15:30:00,понеділок,місто,Львів,Залізничний,вулиця,Бортнянського Д.,12,,наїзд на велосипедиста - поза межами велосипедної доріжки,порушення правил маневрування,2,без ушкоджень,легко травмований,,,,,,,,49.845324,24.001629,,,,,,,,,,,
2021-08-28,8:50:00,субота,місто,Львів,Шевченківський,вулиця,Липинського В.,50Б,,зіткнення бокове,порушення правил маневрування,2,без ушкоджень,легко травмований,,,,,,,,49.864477,24.037582,,,,,,,,,,,
2021-09-04,20:45:00,субота,місто,Львів,Франківський,вулиця,"Чупринки Т., ген.",20,,наїзд на пішохода - пішохід рухався у попутному напрямку,порушення правил проїзду пішохідних переходів,2,без ушкоджень,легко травмований,,,,,,,,49.829401,24.006329,,,,,,,,,,,
2021-09-04,15:40:00,субота,місто,Львів,Шевченківський,вулиця,Замарстинівська,106,,зіткнення бокове,порушення правил маневрування,2,без ушкоджень,легко травмований,,,,,,,,49.858671,24.027255,,,,,,,,,,,
2021-09-12,0:23:00,неділя,місто,Львів,Шевченківський,вулиця,Грінченка Б.,,вул. Грінченка Б. - вул. Хмельницького Б.,зіткнення бокове,"порушення правил проїзду перехресть,порушення правил маневрування",2,без ушкоджень,легко травмований,,,,,,,,49.869844,24.05714,,,,,,,,,,,
2021-09-14,12:20:00,вівторок,місто,Львів,Франківський,вулиця,"Лазаренка Є., акад.",2,,зіткнення бокове,"перевищення безпечної швидкості,недодержання дистанції",2,без ушкоджень,легко травмований,,,,,,,,49.814644,24.016006,,,,,,,,,,,
2021-09-13,22:15:00,понеділок,місто,Львів,Франківський,вулиця,Кульпарківська,35,,зіткнення бокове,порушення правил маневрування,2,без ушкоджень,легко травмований,,,,,,,,49.831111,23.991169,,,,,,,,,,,
2021-08-31,10:20:00,вівторок,місто,Львів,Сихівський,вулиця,Липова Алея,1,,наїзд на пішохода - пішохід рухався у попутному напрямку,пішоходи невиконання вимог сигналів регулювання,2,без ушкоджень,легко травмований,,,,,,,,49.82049,24.05552,,,,,,,,,,,
2021-09-15,19:16:00,середа,місто,Львів,Сихівський,вулиця,Гашека Я.,17,,наїзд на пішохода - пішохід рухався у попутному напрямку,порушення правил маневрування,2,без ушкоджень,легко травмований,,,,,,,,49.797372,24.01997,,,,,,,,,,,
2021-09-08,13:30:00,середа,місто,Львів,Залізничний,вулиця,Бортнянського Д.,50,,наїзд на пішохода - пішохід рухався у попутному напрямку,порушення правил маневрування,2,без ушкоджень,легко травмований,,,,,,,,49.845635,23.999017,,,,,,,,,,,
2021-09-15,8:48:00,середа,місто,Львів,Галицький,вулиця,Крушельницької С.,,,наїзд на пішохода - пішохід рухався у попутному напрямку,порушення правил маневрування,2,без ушкоджень,легко травмований,,,,,,,,49.837159,24.02033,,,,,,,,,,,
2021-09-08,14:04:00,середа,місто,Львів,Франківський,вулиця,Городоцька,165,,наїзд на пішохода - пішохід рухався у попутному напрямку,недодержання дистанції,2,без ушкоджень,легко травмований,,,,,,,,49.835872,23.997815,,,,,,,,,,,
2021-09-13,8:36:00,понеділок,місто,Львів,Шевченківський,вулиця,Липинського В.,54,,наїзд на пішохода - пішохід рухався у попутному напрямку,порушення правил проїзду пішохідних переходів,2,без ушкоджень,легко травмований,,,,,,,,49.86446,24.041525,,,,,,,,,,,
2021-08-20,15:30:00,п'ятниця,місто,Львів,Личаківський,вулиця,Китайська,,Перехрестя вул. Китайська - вул. Пасічна,зіткнення бокове,порушення правил маневрування,2,без ушкоджень,легко травмований,,,,,,,,49.821757,24.075417,,,,,,,,,,,
2021-09-08,11:30:00,середа,місто,Львів,Личаківський,вулиця,Палія С.,,вул. Палія С. - вул. Зелена,наїзд на пішохода - пішохід рухався у попутному напрямку,порушення правил проїзду пішохідних переходів,2,без ушкоджень,легко травмований,,,,,,,,49.833927,24.036949,,,,,,,,,,,
2021-09-13,20:25:00,понеділок,місто,Львів,Личаківський,вулиця,Воробкевича С.,24,,"наїзд на транспортний засіб, що стоїть - по ходу руху",порушення правил маневрування,2,легко травмований,без ушкоджень,,,,,,,,49.838868,24.059688,,,,,,,,,,,
2021-09-15,21:15:00,середа,місто,Львів,Франківський,вулиця,Народна,3,,наїзд на пішохода - пішохід рухався у попутному напрямку,неочікуваний вихід на проїзну частину,2,без ушкоджень,легко травмований,,,,,,,,49.832616,23.9842,,,,,,,,,,,
2021-09-02,12:45:00,четвер,місто,Львів,Франківський,вулиця,Стрийська,202,,наїзд на інші види перешкод,перевищення безпечної швидкості,1,легко травмований,,,,,,,,,49.798577,24.016403,,,,,,,,,,,
2021-09-13,10:35:00,понеділок,місто,Львів,Шевченківський,проспект,"Чорновола В., просп.",45,,наїзд на пішохода - пішохід рухався у попутному напрямку,пішоходи невиконання вимог сигналів регулювання,2,легко травмований,без ушкоджень,,,,,,,,49.852463,24.02365,,,,,,,,,,,
2021-08-22,14:40:00,неділя,місто,Львів,Шевченківський,вулиця,Шевченка Т.,316,,наїзд на інші види перешкод,перевищення безпечної швидкості,1,тяжко травмований,,,,,,,,,49.864235,23.96027,,,,,,,,,,,
2021-08-29,5:14:00,неділя,місто,Львів,Франківський,вулиця,Стрийська,,Перехрестя вул. Стрийська - вул. Володимира Великого,зіткнення з задньою частиною тз,недодержання дистанції,2,без ушкоджень,легко травмований,,,,,,,,49.808157,24.01916,,,,,,,,,,,
2021-09-15,23:50:00,середа,місто,Львів,Франківський,вулиця,Кульпарківська,36,,зіткнення бокове,"перевищення безпечної швидкості,невиконання вимог сигналів регулювання",3,без ушкоджень,легко травмований,легко травмований,,,,,,,49.830215,23.990246,,,,,,,,,,,
2021-08-30,13:10:00,понеділок,місто,Львів,Шевченківський,проспект,"Чорновола В., просп.",66,,зіткнення бокове,перевищення безпечної швидкості,2,легко травмований,легко травмований,,,,,,,,49.857367,24.021349,,,,,,,,,,,
2021-09-10,10:12:00,п'ятниця,місто,Пасіки-Зубрицькі,,вулиця,Зелена,477,,наїзд на пішохода - пішохід переходив дорогу поза межами піш.переходу,порушення правил проїзду пішохідних переходів,2,без ушкоджень,легко травмований,,,,,,,,49.782289,24.082943,,,,,,,,,,,
2021-08-25,3:40:00,середа,місто,Львів,Шевченківський,вулиця,Липинського В.,,Перехрестя вул. Липинського В. - вул. Замарстинівська,зіткнення бокове,"порушення правил маневрування,порушення правил проїзду перехресть,керування транспортним засобом у нетверезому стані",4,легко травмований,без ушкоджень,легко травмований,легко травмований,,,,,,49.860168,24.026842,,,,,,,,,,,
2021-09-10,22:10:00,п'ятниця,місто,Львів,Франківський,вулиця,Володимира Великого,54,,наїзд на пішохода - пішохід рухався у попутному напрямку,перевищення безпечної швидкості,2,без ушкоджень,легко травмований,,,,,,,,49.81201,23.988181,,,,,,,,,,,
2021-09-11,17:15:00,субота,місто,Львів,Личаківський,вулиця,Хмельницького Б.,291,,зіткнення бокове,порушення правил проїзду перехресть,2,легко травмований,без ушкоджень,,,,,,,,49.875721,24.06236,,,,,,,,,,,
2021-08-23,14:32:00,понеділок,місто,Львів,Галицький,вулиця,Городоцька,44,,наїзд на пішохода - пішохід рухався у зустрічному напрямку,порушення правил маневрування,3,без ушкоджень,легко травмований,легко травмований,,,,,,,49.840342,24.012444,,,,,,,,,,,
2021-09-09,8:01:00,четвер,місто,Львів,Франківський,вулиця,Володимира Великого,51,,наїзд на пішохода - пішохід рухався у попутному напрямку,порушення правил проїзду пішохідних переходів,2,без ушкоджень,легко травмований,,,,,,,,49.809839,24.002327,,,,,,,,,,,
2021-09-01,21:15:00,середа,місто,Львів,Шевченківський,вулиця,Замарстинівська,,вул. Замарстинівська - вул. Липинського В.,наїзд на пішохода - пішохід рухався у попутному напрямку,перехід у невстановленому місці,2,без ушкоджень,легко травмований,,,,,,,,49.860051,24.026928,,,,,,,,,,,
2021-09-04,22:25:00,субота,місто,Львів,Шевченківський,вулиця,Замарстинівська,,вул. Замарстинівська - вул. Липинського В.,зіткнення бокове,порушення правил проїзду перехресть,3,легко травмований,без ушкоджень,без ушкоджень,,,,,,,49.860072,24.026869,,,,,,,,,,,
2021-09-14,11:21:00,вівторок,місто,Львів,Залізничний,вулиця,Щирецька,,,зіткнення бокове,порушення правил маневрування,2,без ушкоджень,легко травмований,,,,,,,,49.809985,23.974539,,,,,,,,,,,
2021-08-25,8:30:00,середа,місто,Львів,Личаківський,вулиця,Глинянський Тракт,,,зіткнення бокове,порушення правил проїзду перехресть,3,без ушкоджень,без ушкоджень,легко травмований,,,,,,,49.843379,24.118316,,,,,,,,,,,
2021-09-12,18:01:00,неділя,місто,Львів,Шевченківський,проспект,"Чорновола В., просп.",,,наїзд на пішохода - пішохід рухався у попутному напрямку,порушення правил маневрування,2,без ушкоджень,легко травмований,,,,,,,,49.858515,24.020534,,,,,,,,,,,
2021-09-15,2:35:00,середа,місто,Львів,Личаківський,вулиця,Пасічна,49,,наїзд на інші види перешкод,порушення правил маневрування,1,легко травмований,,,,,,,,,49.82846,24.070991,,,,,,,,,,,
2021-09-04,16:01:00,субота,місто,Львів,Франківський,вулиця,Княгині Ольги,98А,,наїзд на пішохода - пішохід рухався у попутному напрямку,порушення правил маневрування,2,легко травмований,легко травмований,,,,,,,,49.811851,23.99995,,,,,,,,,,,
2021-08-31,8:40:00,вівторок,місто,Львів,Шевченківський,вулиця,Варшавська,,вул. Варшавська - вул. Липинського В.,наїзд на пішохода - пішохід рухався у попутному напрямку,порушення правил проїзду пішохідних переходів,2,без ушкоджень,легко травмований,,,,,,,,49.854766,24.014654,,,,,,,,,,,
2021-08-31,10:15:00,вівторок,місто,Львів,Залізничний,вулиця,Широка,88,,зіткнення бокове,порушення правил маневрування,2,легко травмований,без ушкоджень,,,,,,,,49.84275,23.961144,,,,,,,,,,,
2021-09-01,21:13:00,середа,місто,Львів,Залізничний,вулиця,Виговського І.,,,наїзд на пішохода - пішохід рухався у попутному напрямку,порушення правил проїзду перехресть,2,без ушкоджень,легко травмований,,,,,,,,49.821345,23.968263,,,,,,,,,,,
2021-08-23,23:41:00,понеділок,місто,Львів,Шевченківський,вулиця,О. Омеляна Ковча,,,наїзд на інші види перешкод,перевищення безпечної швидкості,3,без ушкоджень,легко травмований,легко травмований,,,,,,,49.858529,23.985944,,,,,,,,,,,
2021-08-26,19:14:00,четвер,місто,Львів,Шевченківський,вулиця,Шевченка Т.,24,,зіткнення бокове,недодержання дистанції,2,без ушкоджень,легко травмований,,,,,,,,49.843044,24.015223,,,,,,,,,,,
2021-09-06,10:13:00,понеділок,місто,Львів,Личаківський,вулиця,Богданівська,44,,зіткнення бокове,порушення правил маневрування,2,без ушкоджень,легко травмований,,,,,,,,49.855832,24.07524,,,,,,,,,,,
2021-08-20,15:30:00,п'ятниця,місто,Львів,Личаківський,вулиця,Китайська,,Перехрестя вул. Китайська - вул. Пасічна,зіткнення бокове,порушення правил проїзду перехресть,3,легко травмований,без ушкоджень,без ушкоджень,,,,,,,49.821743,24.075401,,,,,,,,,,,
2021-09-09,2:34:00,четвер,місто,Львів,Франківський,вулиця,Щирецька,,вул. Щирецька - вул. Кульпарківська,зіткнення бокове,перевищення безпечної швидкості,3,без ушкоджень,легко травмований,легко травмований,,,,,,,49.809078,23.982425,,,,,,,,,,,
2021-09-08,9:50:00,середа,місто,Львів,Франківський,вулиця,"Чупринки Т., ген.",138,,зіткнення бокове,перевищення безпечної швидкості,2,без ушкоджень,легко травмований,,,,,,,,49.822494,23.99891,,,,,,,,,,,
2021-09-01,14:05:00,середа,місто,Львів,Франківський,вулиця,Тролейбусна,,вул. Тролейбусна - вул. Володимира Великого,наїзд на пішохода - пішохід рухався у попутному напрямку,"порушення правил маневрування,порушення правил проїзду пішохідних переходів",2,без ушкоджень,легко травмований,,,,,,,,49.809701,24.007981,,,,,,,,,,,
2021-08-27,9:06:00,п'ятниця,місто,Львів,Галицький,вулиця,Костюшка Т.,4,,наїзд на пішохода - пішохід рухався у зустрічному напрямку,"порушення правил маневрування,неочікуваний вихід на проїзну частину",2,без ушкоджень,легко травмований,,,,,,,,49.839567,24.024664,,,,,,,,,,,
2021-09-10,21:01:00,п'ятниця,місто,Львів,Франківський,вулиця,Кульпарківська,,,зіткнення бокове,недодержання дистанції,3,легко травмований,без ушкоджень,легко травмований,,,,,,,49.799287,23.980161,,,,,,,,,,,
2021-08-23,20:55:00,понеділок,місто,Львів,Шевченківський,вулиця,Шевченка Т.,132А,,наїзд на пішохода - пішохід рухався у зустрічному напрямку,порушення правил проїзду пішохідних переходів,2,без ушкоджень,легко травмований,,,,,,,,49.851187,23.991485,,,,,,,,,,,
2021-09-06,3:40:00,понеділок,місто,Львів,Шевченківський,вулиця,Липинського В.,12,,зіткнення бокове,"порушення правил надання безперешкодного проїзду,керування транспортним засобом у нетверезому стані",4,без ушкоджень,легко травмований,легко травмований,легко травмований,,,,,,49.856838,24.02357,,,,,,,,,,,
2021-10-15,19:05:00,п'ятниця,місто,Львів,Франківський,вулиця,Сімовича В.,10,,наїзд на пішохода - пішохід рухався у попутному напрямку,перевищення безпечної швидкості,2,без ушкоджень,легко травмований,,,,,,,,49.82317888,24.00159542,,,,,,,,,,,
2021-10-25,12:40:00,понеділок,місто,Львів,Залізничний,вулиця,Виговського І.,83,,наїзд на пішохода - пішохід рухався у попутному напрямку,порушення правил проїзду пішохідних переходів,2,без ушкоджень,легко травмований,,,,,,,,49.812768,23.981164,,,,,,,,,,,
2021-10-26,12:45:00,вівторок,місто,Львів,Залізничний,вулиця,Широка,85,,зіткнення бокове,порушення правил маневрування,2,без ушкоджень,легко травмований,,,,,,,,49.84121,23.96381,,,,,,,,,,,
2021-10-18,21:36:00,понеділок,місто,Львів,Франківський,вулиця,Коновальця Є.,83,,наїзд на пішохода - пішохід рухався у попутному напрямку,порушення правил проїзду пішохідних переходів,2,без ушкоджень,легко травмований,,,,,,,,49.828405,24.00002,,,,,,,,,,,
2021-10-30,10:15:00,субота,місто,Львів,Шевченківський,вулиця,Липинського В.,,вул. Липинського В. - вул. Замарстинівська,зіткнення бокове,"невиконання вимог сигналів регулювання,порушення правил проїзду перехресть",3,без ушкоджень,без ушкоджень,легко травмований,,,,,,,49.861835,24.029374,,,,,,,,,,,
2021-11-04,14:40:00,четвер,місто,Львів,Шевченківський,вулиця,Шевченка Т.,111,,наїзд на пішохода - пішохід рухався у попутному напрямку,"порушення правил проїзду пішохідних переходів,керування транспортним засобом у нетверезому стані",2,без ушкоджень,помер на місці дтп,,,,,,,,49.850893,23.99207,,,,,,,,,,,
2021-11-05,19:47:00,п'ятниця,місто,Львів,Галицький,вулиця,Словацького Ю.,,вул. Словацького Ю. - вул. Дорошенка П.,наїзд на пішохода - пішохід рухався у попутному напрямку,"перевищення безпечної швидкості,порушення правил маневрування",2,без ушкоджень,легко травмований,,,,,,,,49.838135,24.023473,,,,,,,,,,,
2021-10-11,13:30:00,понеділок,місто,Львів,Залізничний,вулиця,Білогорща,130,,падіння пасажира,порушення техніки безпеки пасажиром,2,без ушкоджень,легко травмований,,,,,,,,49.844168,23.949337,,,,,,,,,,,
2021-10-24,0:43:00,неділя,місто,Львів,Сихівський,вулиця,Антонича Б. - І.,2,,наїзд на пішохода - пішохід рухався у попутному напрямку,перехід у невстановленому місці,2,без ушкоджень,тяжко травмований,,,,,,,,49.787776,24.068132,,,,,,,,,,,
2021-11-02,13:35:00,вівторок,місто,Львів,Шевченківський,проспект,"Чорновола В., просп.",47,,наїзд на інші види перешкод,"перевищення безпечної швидкості,недодержання дистанції",1,легко травмований,,,,,,,,,49.855603,24.022057,,,,,,,,,,,
2021-10-19,15:40:00,вівторок,місто,Львів,Сихівський,вулиця,Трильовського К.,14,,зіткнення бокове,порушення правил проїзду перехресть,2,легко травмований,без ушкоджень,,,,,,,,49.783975,24.064334,,,,,,,,,,,
2021-10-28,16:39:00,четвер,місто,Львів,Личаківський,вулиця,Пасічна,51,,наїзд на пішохода,порушення правил проїзду пішохідних переходів,2,без ушкоджень,легко травмований,,,,,,,,49.827813,24.071222,,,,,,,,,,,
2021-10-21,16:35:00,четвер,місто,Львів,Шевченківський,вулиця,Шевченка Т.,358,,зіткнення бокове,порушення правил проїзду перехресть,2,легко травмований,без ушкоджень,,,,,,,,49.868526,23.952373,,,,,,,,,,,
2021-11-01,17:05:00,понеділок,місто,Львів,Залізничний,вулиця,Яворницького Д.,11,,наїзд на пішохода - пішохід рухався у попутному напрямку,перевищення безпечної швидкості,2,без ушкоджень,легко травмований,,,,,,,,49.826996,23.973729,,,,,,,,,,,
2021-11-01,20:25:00,понеділок,місто,Львів,Франківський,вулиця,Наукова,,вул. Стрийська - вул. Наукова,наїзд на пішохода - пішохід рухався у попутному напрямку,пішоходи невиконання вимог сигналів регулювання,2,без ушкоджень,легко травмований,,,,,,,,49.801932,24.017959,,,,,,,,,,,
2021-10-29,10:45:00,п'ятниця,місто,Львів,Франківський,вулиця,Наукова,96,,наїзд на пішохода - на нерегульованому пішохідному переході,перевищення безпечної швидкості,2,без ушкоджень,помер у лікарні протягом 30 діб,,,,,,,,49.805121,23.987398,,,,,,,,,,,
2021-10-15,21:10:00,п'ятниця,місто,Львів,Залізничний,вулиця,Городоцька,302,,зіткнення бокове,недодержання дистанції,3,без ушкоджень,без ушкоджень,легко травмований,,,,,,,49.8241,23.914511,,,,,,,,,,,
2021-11-02,11:05:00,вівторок,місто,Львів,Шевченківський,проспект,"Чорновола В., просп.",55,,зіткнення бокове,перевищення безпечної швидкості,3,без ушкоджень,легко травмований,без ушкоджень,,,,,,,49.85522,24.0196,,,,,,,,,,,
2021-10-17,15:50:00,неділя,місто,Львів,Франківський,вулиця,Володимира Великого,99,,наїзд на пішохода - пішохід рухався у попутному напрямку,порушення правил маневрування,2,без ушкоджень,легко травмований,,,,,,,,49.809362,23.990327,,,,,,,,,,,
2021-10-23,13:54:00,субота,місто,Львів,Личаківський,вулиця,Липова Алея,,,падіння пасажира,"порушення техніки безпеки пасажиром,порушення правил маневрування",2,без ушкоджень,легко травмований,,,,,,,,49.8224082,24.0544042,,,,,,,,,,,
2021-10-18,17:54:00,понеділок,місто,Львів,Сихівський,вулиця,Дністерcька,,,наїзд на пішохода - пішохід рухався у попутному напрямку,порушення правил маневрування,2,без ушкоджень,легко травмований,,,,,,,,49.816139,24.048488,,,,,,,,,,,
2021-10-27,14:20:00,середа,місто,Львів,Шевченківський,вулиця,Хмельницького Б.,195,,наїзд на пішохода - пішохід рухався у попутному напрямку,перевищення безпечної швидкості,2,без ушкоджень,легко травмований,,,,,,,,49.857727,24.046744,,,,,,,,,,,
2021-10-29,22:55:00,п'ятниця,місто,Львів,Залізничний,вулиця,Скнилівська,57,,наїзд на пішохода - пішохід рухався у попутному напрямку,перехід у невстановленому місці,2,без ушкоджень,легко травмований,,,,,,,,49.813152,23.974523,,,,,,,,,,,
2021-10-29,13:40:00,п'ятниця,місто,Львів,Сихівський,вулиця,Тернопільська,34,,зіткнення бокове,порушення правил маневрування,2,без ушкоджень,легко травмований,,,,,,,,49.813955,24.037056,,,,,,,,,,,
2021-10-19,16:18:00,вівторок,місто,Львів,Франківський,вулиця,"Єфремова С., акад.",32,,наїзд на пішохода - пішохід рухався у попутному напрямку,порушення правил проїзду пішохідних переходів,2,без ушкоджень,легко травмований,,,,,,,,49.832329,24.007401,,,,,,,,,,,
2021-10-22,16:40:00,п'ятниця,місто,Львів,Личаківський,вулиця,Личаківська,223,,наїзд на пішохода - пішохід рухався у попутному напрямку,порушення правил проїзду перехресть,2,без ушкоджень,легко травмований,,,,,,,,49.835834,24.074988,,,,,,,,,,,
2021-11-02,17:01:00,вівторок,місто,Львів,Шевченківський,вулиця,Хмельницького Б.,296,,наїзд на пішохода - пішохід рухався у попутному напрямку,"пішоходи невиконання вимог сигналів регулювання,неочікуваний вихід на проїзну частину",2,без ушкоджень,помер у лікарні протягом 30 діб,,,,,,,,49.873847,24.060772,,,,,,,,,,,
2021-10-23,9:16:00,субота,місто,Львів,Личаківський,вулиця,Вашингтона Дж.,11,,зіткнення бокове,порушення правил маневрування,2,без ушкоджень,легко травмований,,,,,,,,49.815769,24.071962,,,,,,,,,,,
2021-11-06,14:15:00,субота,місто,Львів,Шевченківський,вулиця,Липинського В.,11,,наїзд на пішохода - пішохід рухався у попутному напрямку,порушення правил проїзду пішохідних переходів,2,без ушкоджень,легко травмований,,,,,,,,49.857551,24.02313,,,,,,,,,,,
2021-10-28,8:01:00,четвер,місто,Львів,Шевченківський,вулиця,Грінченка Б.,13,,наїзд на пішохода,порушення правил проїзду пішохідних переходів,2,без ушкоджень,легко травмований,,,,,,,,49.872125,24.051894,,,,,,,,,,,
2021-10-19,11:01:00,вівторок,місто,Львів,Сихівський,вулиця,Мікльоша К.,,вул. Стрийська - вул. Мікльоша К.,зіткнення бокове,порушення правил маневрування,2,легко травмований,без ушкоджень,,,,,,,,49.783716,24.014225,,,,,,,,,,,
2021-10-19,19:39:00,вівторок,місто,Львів,Шевченківський,вулиця,Нагірна,4,,наїзд на пішохода - пішохід рухався у попутному напрямку,перехід у невстановленому місці,2,без ушкоджень,легко травмований,,,,,,,,49.8783,24.062247,,,,,,,,,,,
2021-10-22,19:01:00,п'ятниця,місто,Львів,Франківський,вулиця,Наукова,,,наїзд на пішохода - пішохід рухався у попутному напрямку,порушення правил маневрування,2,без ушкоджень,легко травмований,,,,,,,,49.804452,23.992252,,,,,,,,,,,
2021-10-27,13:20:00,середа,місто,Львів,Галицький,проспект,"Чорновола В., просп.",7,,падіння пасажира,порушення техніки безпеки пасажиром,2,без ушкоджень,легко травмований,,,,,,,,49.846261,24.024943,,,,,,,,,,,
2021-10-28,22:19:00,четвер,місто,Львів,Галицький,проспект,"Свободи, просп.",3,,наїзд на пішохода,порушення правил проїзду пішохідних переходів,2,без ушкоджень,легко травмований,,,,,,,,48.8871,23.29299,,,,,,,,,,,
2021-10-20,20:46:00,середа,місто,Львів,Галицький,вулиця,Стуса В.,39,,зіткнення бокове,перевищення безпечної швидкості,2,легко травмований,легко травмований,,,,,,,,49.819213,24.042007,,,,,,,,,,,
2021-10-26,16:38:00,вівторок,місто,Львів,Галицький,вулиця,Шевченка Т.,30,,наїзд на пішохода - пішохід рухався у попутному напрямку,порушення правил маневрування,2,без ушкоджень,легко травмований,,,,,,,,49.835938,24.032292,,,,,,,,,,,
2021-10-08,10:27:00,п'ятниця,місто,Львів,Шевченківський,вулиця,Брюховицька,175,,зіткнення бокове,недодержання дистанції,2,без ушкоджень,легко травмований,,,,,,,,49.873218,23.954331,,,,,,,,,,,
2021-10-08,18:01:00,п'ятниця,місто,Львів,Шевченківський,вулиця,Окуневського Т.,3,,наїзд на пішохода - стояв на проїздній частині,недодержання дистанції,2,без ушкоджень,легко травмований,,,,,,,,49.85828,24.018688,,,,,,,,,,,
2021-12-22,18:45:00,середа,місто,Львів,Сихівський,вулиця,Хуторівка,4Б,,зіткнення бокове,"перевищення безпечної швидкості,недодержання дистанції",3,без ушкоджень,без ушкоджень,легко травмований,,,,,,,49.799574,24.026923,,,,,,,,,,,
2021-12-22,14:01:00,середа,місто,Львів,Сихівський,вулиця,Навроцького В.,23,,наїзд на пішохода - пішохід рухався у попутному напрямку,порушення правил маневрування,2,без ушкоджень,легко травмований,,,,,,,,49.811324,24.052817,,,,,,,,,,,
2021-12-25,22:10:00,субота,місто,Львів,Франківський,вулиця,Наукова,29,,наїзд на інші види перешкод,порушення правил маневрування,2,без ушкоджень,легко травмований,,,,,,,,49.804375,23.993127,,,,,,,,,,,
2021-12-11,12:30:00,субота,місто,Львів,Сихівський,вулиця,Трильовського К.,,вул. Трильовського К. - вул. Антонича Б.-І.,зіткнення бокове,порушення правил проїзду перехресть,3,без ушкоджень,без ушкоджень,легко травмований,,,,,,,49.785919,24.06921,,,,,,,,,,,
2021-12-19,17:50:00,неділя,місто,Львів,Личаківський,вулиця,Мечникова І.,,вул. Мечникова І. - вул. Личаківська,наїзд на пішохода - пішохід рухався у попутному напрямку,порушення правил маневрування,2,без ушкоджень,легко травмований,,,,,,,,49.838398,24.055102,,,,,,,,,,,
2021-12-11,13:30:00,субота,місто,Львів,Личаківський,вулиця,Франка І.,35,,наїзд на пішохода - пішохід рухався у попутному напрямку,порушення правил проїзду пішохідних переходів,2,без ушкоджень,легко травмований,,,,,,,,49.833931,24.034207,,,,,,,,,,,
2021-12-20,20:09:00,понеділок,місто,Львів,Франківський,вулиця,Кульпарківська,93,,зіткнення бокове,перевищення безпечної швидкості,3,без ушкоджень,без ушкоджень,легко травмований,,,,,,,49.822972,23.989077,,,,,,,,,,,
2021-12-13,11:40:00,понеділок,місто,Львів,Галицький,вулиця,Підвальна,6,,наїзд на пішохода - пішохід рухався у попутному напрямку,"перевищення безпечної швидкості,недодержання дистанції",5,без ушкоджень,без ушкоджень,без ушкоджень,без ушкоджень,легко травмований,,,,,49.843943,24.03373,,,,,,,,,,,
2021-12-20,6:48:00,понеділок,місто,Львів,Шевченківський,вулиця,"Мазепи І., гетьм.",11,,наїзд на пішохода - пішохід рухався у попутному напрямку,порушення правил проїзду пішохідних переходів,2,без ушкоджень,легко травмований,,,,,,,,49.870635,24.032314,,,,,,,,,,,
2021-12-04,1:10:00,субота,місто,Львів,Шевченківський,вулиця,Замарстинівська,174,,зіткнення бокове,порушення правил проїзду перехресть,3,легко травмований,без ушкоджень,без ушкоджень,,,,,,,49.870725,24.019568,,,,,,,,,,,
2021-12-11,11:20:00,субота,місто,Львів,Шевченківський,вулиця,"Кучера Р., акад.",,"вул. Кучера Р., акад. - вул. Леонтовича М.",наїзд на пішохода - пішохід рухався у попутному напрямку,порушення правил маневрування,2,без ушкоджень,легко травмований,,,,,,,,49.843829,24.018302,,,,,,,,,,,
2021-12-24,12:10:00,п'ятниця,місто,Львів,Франківський,вулиця,Городоцька,233,,наїзд на пішохода - на нерегульованому пішохідному переході,порушення правил проїзду пішохідних переходів,2,без ушкоджень,легко травмований,,,,,,,,49.831921,23.97544,,,,,,,,,,,
2021-12-13,10:26:00,понеділок,місто,Львів,Франківський,вулиця,Народна,10,,зіткнення бокове,перевищення безпечної швидкості,2,без ушкоджень,легко травмований,,,,,,,,49.832184,23.983975,,,,,,,,,,,
2021-12-23,15:10:00,четвер,місто,Львів,Сихівський,вулиця,Тернопільська,9,,наїзд на пішохода - пішохід рухався у попутному напрямку,порушення правил маневрування,2,без ушкоджень,легко травмований,,,,,,,,49.816157,24.040725,,,,,,,,,,,
2021-12-03,13:01:00,п'ятниця,місто,Львів,Шевченківський,вулиця,Клепарівська,24,,наїзд на пішохода - на нерегульованому пішохідному переході,порушення правил маневрування,2,без ушкоджень,легко травмований,,,,,,,,49.850114,24.015073,,,,,,,,,,,