accidentDate,accidentTime,accidentDay,settlementType,settlement,district,streetType,streetName,houseNumber,locationComments,accidentType,mainAccidentCause,totalParticipantsAmount,injuryStatusParticipant1,injuryStatusParticipant2,injuryStatusParticipant3,injuryStatusParticipant4,injuryStatusParticipant5,injuryStatusParticipant6,injuryStatusParticipant7,injuryStatusParticipant8,injuryStatusParticipant9,latitude,longitude,injuryStatusParticipant10,injuryStatusParticipant11,injuryStatusParticipant12,injuryStatusParticipant13,injuryStatusParticipant14,injuryStatusParticipant15,injuryStatusParticipant16,injuryStatusParticipant17,injuryStatusParticipant18,injuryStatusParticipant19,injuryStatusParticipant20
2021-12-18,19:30:00,субота,місто,Львів,Шевченківський,вулиця,Варшавська,,вул. Варшавська - вул. Замарстинівська,наїзд на пішохода - пішохід рухався у попутному напрямку,порушення правил проїзду пішохідних переходів,2,без ушкоджень,легко травмований,,,,,,,,49.870936,24.019042,,,,,,,,,,,
2021-12-03,22:47:00,п'ятниця,місто,Львів,Шевченківський,вулиця,Лінкольна А.,6А,,зіткнення бокове,перевищення безпечної швидкості,3,без ушкоджень,без ушкоджень,легко травмований,,,,,,,49.864429,24.028918,,,,,,,,,,,
2021-12-03,19:57:00,п'ятниця,місто,Львів,Залізничний,вулиця,Бортнянського Д.,58,,наїзд на пішохода,"порушення правил проїзду пішохідних переходів,керування транспортним засобом у нетверезому стані",2,без ушкоджень,легко травмований,,,,,,,,49.845638,23.99803,,,,,,,,,,,
2021-12-15,11:27:00,середа,місто,Львів,Личаківський,вулиця,Грицька Чубая,,,наїзд на пішохода - пішохід рухався у попутному напрямку,порушення правил проїзду пішохідних переходів,2,без ушкоджень,легко травмований,,,,,,,,49.834955,24.040328,,,,,,,,,,,
2021-12-16,19:42:00,четвер,місто,Львів,Франківський,вулиця,Городоцька,187,,наїзд на пішохода - пішохід рухався у попутному напрямку,порушення правил проїзду пішохідних переходів,2,без ушкоджень,легко травмований,,,,,,,,49.834561,23.990471,,,,,,,,,,,
2021-12-10,22:20:00,п'ятниця,місто,Львів,Сихівський,вулиця,Сихівська,46,,наїзд на інші види перешкод,перевищення безпечної швидкості,1,легко травмований,,,,,,,,,49.793923,24.060423,,,,,,,,,,,
2021-12-24,20:55:00,п'ятниця,місто,Львів,Галицький,вулиця,Руставелі Ш.,,вул. Руставелі Ш. - вул. Франка І.,зіткнення,"порушення правил маневрування,недодержання дистанції",2,легко травмований,без ушкоджень,,,,,,,,49.829344,24.032113,,,,,,,,,,,
2021-12-27,12:10:00,понеділок,місто,Львів,Франківський,вулиця,Кульпарківська,,вул. Кульпарківська - вул. Наукова,наїзд на пішохода - пішохід рухався у попутному напрямку,порушення правил проїзду пішохідних переходів,2,без ушкоджень,легко травмований,,,,,,,,49.805754,23.981802,,,,,,,,,,,
2021-12-19,17:01:00,неділя,місто,Львів,Сихівський,вулиця,Стуса В.,38,,зіткнення бокове,"недодержання дистанції,порушення правил маневрування",2,без ушкоджень,легко травмований,,,,,,,,49.815322,24.044899,,,,,,,,,,,
2021-12-06,16:55:00,понеділок,місто,Львів,Личаківський,вулиця,Хмельницького Б.,192Б,,наїзд на пішохода - пішохід рухався у попутному напрямку,"порушення правил проїзду пішохідних переходів,керування транспортним засобом у нетверезому стані",2,без ушкоджень,легко травмований,,,,,,,,49.866175,24.054855,,,,,,,,,,,
2021-12-20,17:32:00,понеділок,місто,Львів,Личаківський,вулиця,Богданівська,44,,зіткнення бокове,"перевищення безпечної швидкості,керування транспортним засобом у нетверезому стані",4,легко травмований,без ушкоджень,без ушкоджень,без ушкоджень,,,,,,49.856371,24.074714,,,,,,,,,,,
2021-12-19,16:45:00,неділя,місто,Львів,Залізничний,вулиця,Шевченка Т.,111,,наїзд на пішохода - пішохід рухався у попутному напрямку,порушення правил проїзду пішохідних переходів,2,без ушкоджень,легко травмований,,,,,,,,49.85046,23.991416,,,,,,,,,,,
2021-12-23,13:30:00,четвер,місто,Львів,Шевченківський,вулиця,Шевченка Т.,374,,наїзд на пішохода - пішохід рухався у попутному напрямку,порушення правил проїзду пішохідних переходів,2,без ушкоджень,легко травмований,,,,,,,,49.869695,23.948833,,,,,,,,,,,
2021-12-09,15:01:00,четвер,місто,Львів,Франківський,вулиця,"Чупринки Т., ген.",58,,наїзд на пішохода - пішохід рухався у попутному напрямку,перехід у невстановленому місці,2,без ушкоджень,легко травмований,,,,,,,,49.831076,24.00922,,,,,,,,,,,
2021-12-15,11:25:00,середа,місто,Львів,Залізничний,вулиця,Виговського І.,,вул. Виговського І. - вул. Кульчицької О.,зіткнення бокове,порушення правил проїзду перехресть,4,без ушкоджень,без ушкоджень,легко травмований,легко травмований,,,,,,49.817122,23.971846,,,,,,,,,,,
2021-12-22,8:45:00,середа,місто,Львів,Залізничний,вулиця,Любінська,152,,наїзд на пішохода - пішохід рухався у попутному напрямку,перехід у невстановленому місці,2,без ушкоджень,легко травмований,,,,,,,,49.820002,23.965205,,,,,,,,,,,
2021-12-26,23:23:00,неділя,місто,Львів,Залізничний,вулиця,Сяйво,23,,наїзд на інші види перешкод,перевищення безпечної швидкості,1,легко травмований,,,,,,,,,49.837121,23.976755,,,,,,,,,,,
2021-12-11,12:23:00,субота,місто,Львів,Франківський,вулиця,Кондукторська,,вул. Городоцька - вул. Кондукторська,наїзд на пішохода - пішохід рухався у попутному напрямку,порушення правил проїзду пішохідних переходів,2,без ушкоджень,легко травмований,,,,,,,,49.832626,23.979785,,,,,,,,,,,
2021-12-24,17:44:00,п'ятниця,місто,Львів,Сихівський,вулиця,Навроцького В.,25,,наїзд на пішохода - пішохід переходив дорогу поза межами піш.переходу,перехід у невстановленому місці,2,без ушкоджень,легко травмований,,,,,,,,49.811065,24.052554,,,,,,,,,,,
2021-12-16,18:48:00,четвер,місто,Львів,Личаківський,вулиця,Поліська,2,,наїзд на пішохода - пішохід рухався у попутному напрямку,перехід у невстановленому місці,2,без ушкоджень,легко травмований,,,,,,,,49.874307,24.064656,,,,,,,,,,,
2021-12-16,21:17:00,четвер,місто,Львів,Галицький,вулиця,Городоцька,125,,наїзд на пішохода - пішохід рухався у попутному напрямку,перехід у невстановленому місці,2,без ушкоджень,легко травмований,,,,,,,,49.83763,24.005958,,,,,,,,,,,
2021-12-06,1:01:00,понеділок,місто,Львів,Личаківський,вулиця,Личаківська,44,,наїзд на пішохода - на регульованому пішохідному переході,перехід у невстановленому місці,2,без ушкоджень,легко травмований,,,,,,,,49.840428,24.047581,,,,,,,,,,,
2021-12-20,10:10:00,понеділок,місто,Львів,Шевченківський,вулиця,"Мазепи І., гетьм.",26,,наїзд на пішохода - на нерегульованому пішохідному переході,перевищення безпечної швидкості,2,без ушкоджень,легко травмований,,,,,,,,49.871973,24.040661,,,,,,,,,,,
2021-07-29,13:44:00,четвер,місто,Винники,Личаківський,,,,,наїзд на пішохода - пішохід рухався у попутному напрямку,порушення правил маневрування,2,без ушкоджень,легко травмований,,,,,,,,,,,,,,,,,,,,
2021-12-13,21:30:00,понеділок,місто,Винники,Личаківський,,,,Тютюнова фабрика,наїзд на пішохода - пішохід рухався у попутному напрямку,порушення правил маневрування,2,без ушкоджень,легко травмований,,,,,,,,49.810518,24.136963,,,,,,,,,,,
2021-02-05,10:01:00,п'ятниця,місто,Винники,Личаківський,вулиця,Галицька,,,наїзд на пішохода - пішохід рухався у попутному напрямку,порушення правил проїзду пішохідних переходів,2,без ушкоджень,тяжко травмований,,,,,,,,49.816762,24.136491,,,,,,,,,,,
2021-04-10,11:44:00,субота,місто,Винники,Личаківський,вулиця,Галицька,24,,наїзд на пішохода - пішохід рухався у зустрічному напрямку,порушення правил маневрування,2,без ушкоджень,тяжко травмований,,,,,,,,49.816859,24.137735,,,,,,,,,,,
2021-03-04,21:08:00,четвер,місто,Винники,Личаківський,вулиця,Галицька,18,,наїзд на пішохода,перехід у невстановленому місці,2,без ушкоджень,легко травмований,,,,,,,,49.816849,24.136534,,,,,,,,,,,
2021-07-17,16:05:00,субота,місто,Винники,Личаківський,вулиця,Галицька,84,,зіткнення бокове,"перевищення безпечної швидкості, недодержання дистанції",3,легко травмований,без ушкоджень,легко травмований,,,,,,,49.817711,24.155288,,,,,,,,,,,
2021-07-13,14:14:00,вівторок,місто,Винники,Личаківський,вулиця,Галицька,59,,зіткнення бокове,порушення правил проїзду перехресть,2,без ушкоджень,легко травмований,,,,,,,,49.81733,24.14414,,,,,,,,,,,
2021-10-16,19:25:00,субота,місто,Винники,Личаківський,вулиця,Галицька,44,,зіткнення бокове,порушення правил маневрування,3,без ушкоджень,без ушкоджень,легко травмований,,,,,,,49.817313,24.144194,,,,,,,,,,,
2021-10-30,10:50:00,субота,місто,Винники,Личаківський,вулиця,Галицька,61,,зіткнення бокове,"перевищення безпечної швидкості, недодержання дистанції",4,без ушкоджень,без ушкоджень,без ушкоджень,легко травмований,,,,,,49.817479,24.146066,,,,,,,,,,,
2021-05-18,12:48:00,вівторок,місто,Винники,Личаківський,вулиця,Кільцева,1,,наїзд на пішохода - пішохід рухався у зустрічному напрямку,порушення правил маневрування,2,легко травмований,легко травмований,,,,,,,,49.806474,24.15282,,,,,,,,,,,
2021-07-28,11:26:00,середа,місто,Винники,Личаківський,вулиця,Шевченка,3,,наїзд на велосипедиста - поза межами велосипедної доріжки,недодержання дистанції,2,без ушкоджень,легко травмований,,,,,,,,49.815388,24.136071,,,,,,,,,,,
2021-04-27,15:01:00,вівторок,селище,Брюховичі,Шевченківський,,,,,наїзд на пішохода - пішохід рухався у зустрічному напрямку,порушення правил маневрування,2,без ушкоджень,легко травмований,,,,,,,,49.904406,24.089134,,,,,,,,,,,
2021-04-12,13:32:00,понеділок,селище,Брюховичі,Шевченківський,вулиця,Володимира Великого,22,,наїзд на пішохода - пішохід переходив дорогу поза межами піш.переходу,неочікуваний вихід на проїзну частину,2,без ушкоджень,легко травмований,,,,,,,,49.892768,24.090781,,,,,,,,,,,
2021-02-08,12:40:00,понеділок,селище,Брюховичі,Шевченківський,вулиця,Київська,2А,,наїзд на пішохода - пішохід рухався у попутному напрямку,порушення правил маневрування,2,без ушкоджень,помер у лікарні протягом 30 діб,,,,,,,,49.891704,24.091167,,,,,,,,,,,
2021-10-19,19:10:00,вівторок,селище,Брюховичі,Шевченківський,вулиця,Центральна,,,наїзд на пішохода - стояв на проїздній частині,неочікуваний вихід на проїзну частину,2,без ушкоджень,легко травмований,,,,,,,,49.499462,23.425083,,,,,,,,,,,
2021-05-16,22:14:00,неділя,селище,Рудне,Залізничний,вулиця,Вербицького,,,наїзд на інші види перешкод,перевищення безпечної швидкості,1,легко травмований,,,,,,,,,49.839754,23.874836,,,,,,,,,,,
2021-08-07,9:49:00,субота,селище,Рудне,Залізничний,вулиця,Грушевського М.,120,,наїзд на велосипедиста - поза межами велосипедної доріжки,порушення правил проїзду перехресть,2,без ушкоджень,легко травмований,,,,,,,,49.838453,23.86386,,,,,,,,,,,
2021-09-05,0:16:00,неділя,селище,Рудне,Залізничний,вулиця,Грушевського М.,88,,наїзд на інші види перешкод,перевищення безпечної швидкості,1,помер по дорозі в лікарню,,,,,,,,,49.83818,23.8693,,,,,,,,,,,
2021-05-10,6:01:00,понеділок,селище,Брюховичі,Шевченківський,,,,,перекидання тз,перевищення безпечної швидкості,1,легко травмований,,,,,,,,,49.903563,23.950238,,,,,,,,,,,
2021-04-10,15:45:00,субота,селище,Брюховичі,Шевченківський,вулиця,Володимира Івасюка,4,,наїзд на пішохода - пішохід рухався у попутному напрямку,"недодержання дистанції, керування транспортним засобом у нетверезому стані",2,без ушкоджень,легко травмований,,,,,,,,49.830761,24.046315,,,,,,,,,,,
2021-10-05,14:30:00,вівторок,селище,Брюховичі,Шевченківський,вулиця,Замарстинівська,274,,зіткнення з задньою частиною тз,недодержання дистанції,2,без ушкоджень,легко травмований,,,,,,,,49.877553,24.004017,,,,,,,,,,,
2021-02-17,8:11:00,середа,селище,Брюховичі,Шевченківський,вулиця,Львівська,4,,наїзд на інші види перешкод,"перевтома, сон за кермом",1,легко травмований,,,,,,,,,49.912421,23.965087,,,,,,,,,,,
2021-09-12,23:01:00,неділя,селище,Брюховичі,Шевченківський,вулиця,Львівська,,вул. Львівська - вул. За Мостом,наїзд на пішохода - пішохід рухався у попутному напрямку,"неочікуваний вихід на проїзну частину, перехід у невстановленому місці",2,без ушкоджень,тяжко травмований,,,,,,,,,,,,,,,,,,,,
2021-12-17,18:40:00,п'ятниця,селище,Брюховичі,Шевченківський,вулиця,Львівська,,,наїзд на пішохода - пішохід рухався у попутному напрямку,перехід у невстановленому місці,2,без ушкоджень,помер у лікарні протягом 30 діб,,,,,,,,49.910666,23.964958,,,,,,,,,,,
2021-01-21,18:20:00,четвер,селище,Брюховичі,Шевченківський,вулиця,Незалежності України,,вул. Незалежності УКРАЇНИ - вул. Сухомлинського В.,наїзд на пішохода - пішохід рухався у попутному напрямку,"порушення правил проїзду пішохідних переходів, порушення правил маневрування",2,без ушкоджень,легко травмований,,,,,,,,49.901974,23.941526,,,,,,,,,,,
2021-09-10,16:50:00,п'ятниця,селище,Брюховичі,Шевченківський,вулиця,Незалежності України,2,,зіткнення бокове,порушення правил маневрування,2,без ушкоджень,легко травмований,,,,,,,,49.90649,23.935003,,,,,,,,,,,
2021-06-27,12:21:00,неділя,селище,Брюховичі,Шевченківський,вулиця,Чебуречна,,,наїзд на велосипедиста - поза межами велосипедної доріжки,недодержання дистанції,2,без ушкоджень,легко травмований,,,,,,,,49.905875,23.956608,,,,,,,,,,,
2021-06-08,8:20:00,вівторок,село,Малехів,Шевченківський,вулиця,Жовківська,1,,зіткнення з задньою частиною тз,"перевищення безпечної швидкості, недодержання дистанції",3,легко травмований,без ушкоджень,без ушкоджень,,,,,,,49.852141,24.032266,,,,,,,,,,,
2021-10-02,18:40:00,субота,село,Малехів,Шевченківський,вулиця,Київська,,,зіткнення бокове,"перевищення безпечної швидкості, недодержання дистанції",4,без ушкоджень,легко травмований,легко травмований,легко травмований,,,,,,49.879994,24.068449,,,,,,,,,,,
2021-12-30,18:20:00,четвер,село,Малехів,Шевченківський,вулиця,Київська,,,зіткнення бокове,перевищення безпечної швидкості,4,легко травмований,без ушкоджень,легко травмований,легко травмований,,,,,,49.879206,24.066839,,,,,,,,,,,
2021-01-10,23:42:00,неділя,село,Малехів,Шевченківський,вулиця,Київська,,,наїзд на інші види перешкод,керування транспортним засобом у нетверезому стані,3,легко травмований,легко травмований,легко травмований,,,,,,,49.892146,24.091923,,,,,,,,,,,
2021-03-07,16:01:00,неділя,село,Малехів,Шевченківський,вулиця,Київська,13,,зіткнення бокове,"виїзд на смугу зустрічного руху, керування транспортним засобом у нетверезому стані",3,без ушкоджень,без ушкоджень,легко травмований,,,,,,,49.889471,24.089493,,,,,,,,,,,
2021-03-11,15:23:00,четвер,село,Малехів,Шевченківський,вулиця,Київська,6,,зіткнення бокове,порушення правил маневрування,2,без ушкоджень,легко травмований,,,,,,,,49.891514,24.092331,,,,,,,,,,,
2021-07-09,14:25:00,п'ятниця,село,Малехів,Шевченківський,вулиця,Київська,,Перехрестя вул. Київська - вул. Франка І.,зіткнення бокове,"порушення правил обгону, порушення правил маневрування",3,легко травмований,без ушкоджень,без ушкоджень,,,,,,,49.891814,24.090443,,,,,,,,,,,
2021-12-08,18:23:00,середа,село,Малехів,Шевченківський,вулиця,Київська,7,,наїзд на пішохода - пішохід рухався у попутному напрямку,порушення правил проїзду пішохідних переходів,2,без ушкоджень,легко травмований,,,,,,,,49.87998,24.068727,,,,,,,,,,,
2021-09-12,8:40,неділя,село,Лисиничі,Личаківський,вулиця,Глинянський Тракт,25,,наїзд на інші види перешкод,перевищення безпечної швидкості,1,легко травмований,,,,,,,,,49.84203,24.141517,,,,,,,,,,,
2021-12-20,18:01,понеділок,село,Підбірці,Личаківський,вулиця,Глинянський Тракт,,,наїзд на пішохода - пішохід рухався у попутному напрямку,недодержання дистанції,2,без ушкоджень,помер у лікарні протягом 30 діб,,,,,,,,49.843117,24.133637,,,,,,,,,,,
2021-11-15,2:50,понеділок,село,Підбірці,Личаківський,вулиця,Залізнична,,вул. Залізнична - вул. Спортивна,наїзд на інші види перешкод,"керування транспортним засобом у нетверезому стані, порушення правил маневрування, перевищення безпечної швидкості, недодержання дистанції",2,легко травмований,без ушкоджень,,,,,,,,49.846175,24.147177,,,,,,,,,,,
2021-06-11,17:30:00,п'ятниця,село,Рясне-Руське,Залізничний,,,,,наїзд на пішохода - пішохід рухався у попутному напрямку,порушення правил маневрування,2,легко травмований,без ушкоджень,,,,,,,,49.873896,23.890543,,,,,,,,,,,
2021-03-29,20:15:00,понеділок,село,Рясне-Руське,Залізничний,вулиця,Володимира Великого,1,,наїзд на інші види перешкод,перевищення безпечної швидкості,1,легко травмований,,,,,,,,,49.836176,23.875313,,,,,,,,,,,
2021-11-08,22:19:00,понеділок,село,Рясне-Руське,Залізничний,вулиця,Залізнична,35,,зіткнення бокове,недодержання дистанції,3,тяжко травмований,помер на місці дтп,тяжко травмований,,,,,,,49.836765,23.870072,,,,,,,,,,,
2021-07-01,0:05:00,четвер,село,Рясне-Руське,Залізничний,вулиця,Озерна,1,,наїзд на інші види перешкод,"перевищення безпечної швидкості, недодержання дистанції",3,помер на місці дтп,легко травмований,легко травмований,,,,,,,49.880986,23.902841,,,,,,,,,,,
2021-04-30,11:50:00,п'ятниця,село,Рясне-Руське,Залізничний,вулиця,Торгова,,,зіткнення бокове,порушення правил маневрування,3,легко травмований,без ушкоджень,без ушкоджень,,,,,,,49.87365,23.903419,,,,,,,,,,,
2021-07-02,17:30,п'ятниця,село,Гряда,Шевченківський,вулиця,Горішня,,,наїзд на пішохода - пішохід рухався у зустрічному напрямку,порушення правил маневрування,2,без ушкоджень,легко травмований,,,,,,,,49.934097,24.051347,,,,,,,,,,,
2021-02-06,23:01,субота,село,Гряда,Шевченківський,вулиця,Т. Шевченка,44,,наїзд на пішохода - пішохід рухався у попутному напрямку,порушення правил маневрування,2,без ушкоджень,легко травмований,,,,,,,,49.935643,24.041219,,,,,,,,,,,
2021-01-07,23:52,четвер,село,Зашків,Шевченківський,вулиця,Коновальця Є.,,,наїзд на пішохода - пішохід рухався у зустрічному напрямку,"неочікуваний вихід на проїзну частину, пішохід у нетверезому стані",2,без ушкоджень,тяжко травмований,,,,,,,,49.885759,24.076774,,,,,,,,,,,
2021-07-25,16:41,неділя,село,Зашків,Шевченківський,вулиця,Центральна,,,перекидання тз,перевищення безпечної швидкості,1,тяжко травмований,,,,,,,,,49.731193,24.732542,,,,,,,,,,,
2021-11-08,0:30,понеділок,село,Малі Підліски,Шевченківський,,,,,накїзд на інші види перешкод,перевищення безпечної швидкості,1,легко травмований,,,,,,,,,49.921609,24.161339,,,,,,,,,,,
2021-11-08,2:46,понеділок,село,Малі Підліски,Шевченківський,вулиця,В. Чорновола,,,падіння пасажира,перевищення безпечної швидкості,2,без ушкоджень,легко травмований,,,,,,,,49.922853,24.158356,,,,,,,,,,,
2021-02-07,12:15:00,неділя,місто,Львів,Галицький,вулиця,Франка І.,24,,наїзд на пішохода - пішохід рухався у попутному напрямку,порушення правил проїзду пішохідних переходів,2,без ушкоджень,легко травмований,,,,,,,,49.834799,24.034374,,,,,,,,,,,
2021-02-11,14:01:00,четвер,місто,Львів,Франківський,вулиця,Володимира Великого,,,наїзд на пішохода - пішохід рухався у попутному напрямку,перехід у невстановленому місці,2,без ушкоджень,легко травмований,,,,,,,,49.810781,23.995535,,,,,,,,,,,
2021-02-17,22:29:00,середа,місто,Львів,Залізничний,вулиця,Яворницького Д.,,,зіткнення бокове,порушення правил проїзду перехресть,3,легко травмований,без ушкоджень,легко травмований,,,,,,,49.824058,23.977318,,,,,,,,,,,
2021-01-30,21:45:00,субота,місто,Львів,Галицький,вулиця,Городоцька,83,,наїзд на пішохода - пішохід рухався у попутному напрямку,"перевищення безпечної швидкості,недодержання дистанції",2,без ушкоджень,легко травмований,,,,,,,,49.839792,24.01444,,,,,,,,,,,
2021-02-10,13:30:00,середа,місто,Львів,Сихівський,вулиця,Вернадського В.,26,,наїзд на пішохода - пішохід рухався у попутному напрямку,порушення правил маневрування,2,без ушкоджень,легко травмований,,,,,,,,49.78161,24.05574,,,,,,,,,,,
2021-02-14,22:50:00,неділя,місто,Львів,Франківський,вулиця,Горбачевського І.,17,,наїзд на пішохода - пішохід рухався у попутному напрямку,перехід у невстановленому місці,2,без ушкоджень,легко травмований,,,,,,,,49.828782,24.009612,,,,,,,,,,,
2021-02-17,19:41:00,середа,місто,Львів,Франківський,вулиця,Княгині Ольги,32,,наїзд на пішохода,порушення правил проїзду пішохідних переходів,3,без ушкоджень,без ушкоджень,легко травмований,,,,,,,49.825384,24.008598,,,,,,,,,,,
2021-02-01,21:45:00,понеділок,місто,Львів,Галицький,вулиця,Хотинська,,вул. Городоцька - вул. Хотинська,наїзд на пішохода - пішохід рухався у попутному напрямку,порушення правил проїзду пішохідних переходів,2,без ушкоджень,легко травмований,,,,,,,,49.837477,24.00502,,,,,,,,,,,
2021-01-27,17:37:00,середа,місто,Львів,Личаківський,вулиця,Богданівська,11,,зіткнення бокове,порушення правил маневрування,2,помер у лікарні протягом 30 діб,без ушкоджень,,,,,,,,49.857187,24.073947,,,,,,,,,,,
2021-02-07,13:44:00,неділя,місто,Львів,Залізничний,вулиця,Городоцька,321,,зіткнення бокове,порушення правил проїзду перехресть,4,без ушкоджень,без ушкоджень,легко травмований,легко травмований,,,,,,49.826439,23.947111,,,,,,,,,,,
2021-02-15,8:40:00,понеділок,місто,Львів,Залізничний,вулиця,Суботівська,,вул. Суботівська - вул. Широка,наїзд на пішохода - пішохід рухався у попутному напрямку,порушення правил проїзду пішохідних переходів,2,без ушкоджень,легко травмований,,,,,,,,49.841747,23.967576,,,,,,,,,,,
2021-02-21,7:54:00,неділя,місто,Львів,Личаківський,вулиця,Хмельницького Б.,214,,зіткнення бокове,"перевищення безпечної швидкості,недодержання дистанції",4,без ушкоджень,без ушкоджень,без ушкоджень,легко травмований,,,,,,49.869553,24.057001,,,,,,,,,,,
2021-02-01,17:30:00,понеділок,місто,Львів,Шевченківський,проспект,"Чорновола В., просп.",43,,наїзд на пішохода - пішохід рухався у попутному напрямку,порушення правил проїзду пішохідних переходів,2,без ушкоджень,легко травмований,,,,,,,,49.85403,24.022642,,,,,,,,,,,
2021-02-17,19:46:00,середа,місто,Львів,Сихівський,вулиця,Стрийська,75,,зіткнення бокове,"перевищення безпечної швидкості,недодержання дистанції",3,без ушкоджень,без ушкоджень,легко травмований,,,,,,,49.791163,24.015722,,,,,,,,,,,
2021-02-16,20:50:00,вівторок,місто,Львів,Личаківський,вулиця,Зелена,109,,зіткнення бокове,порушення правил маневрування,3,без ушкоджень,без ушкоджень,легко травмований,,,,,,,49.822221,24.054565,,,,,,,,,,,
2021-01-30,7:05:00,субота,місто,Львів,Шевченківський,вулиця,Промислова,,вул. Промислова - вул. Липинського В.,зіткнення бокове,"порушення правил маневрування,порушення правил проїзду перехресть",3,без ушкоджень,без ушкоджень,легко травмований,,,,,,,49.865224,24.04433,,,,,,,,,,,
2021-02-03,19:01:00,середа,місто,Львів,Франківський,вулиця,Наукова,35,,наїзд на пішохода - пішохід рухався у попутному напрямку,порушення правил маневрування,2,без ушкоджень,легко травмований,,,,,,,,49.804435,23.992124,,,,,,,,,,,
2021-02-08,0:05:00,понеділок,місто,Львів,Шевченківський,вулиця,"Мазепи І., гетьм.",1,,зіткнення бокове,"керування транспортним засобом у нетверезому стані,перевищення безпечної швидкості,недодержання дистанції",3,легко травмований,без ушкоджень,без ушкоджень,,,,,,,49.832083,23.892404,,,,,,,,,,,
2021-02-11,6:25:00,четвер,місто,Львів,Залізничний,вулиця,Городоцька,151,,зіткнення з задньою частиною тз,порушення правил маневрування,2,без ушкоджень,легко травмований,,,,,,,,49.836536,24.000428,,,,,,,,,,,
2021-02-19,9:48:00,п'ятниця,місто,Львів,Личаківський,вулиця,Лисенка М.,26,,зіткнення з задньою частиною тз,"порушення правил маневрування,перевищення безпечної швидкості,недодержання дистанції",3,без ушкоджень,без ушкоджень,легко травмований,,,,,,,49.841944,24.045489,,,,,,,,,,,
2021-01-29,15:44:00,п'ятниця,місто,Львів,Франківський,вулиця,Кобилиці Л.,19,,зіткнення бокове,"порушення правил маневрування,порушення правил проїзду перехресть",2,без ушкоджень,легко травмований,,,,,,,,49.816873,23.998169,,,,,,,,,,,
2021-02-20,23:04:00,субота,місто,Львів,Залізничний,вулиця,Садова,,Перехрестя вул. Садова,зіткнення бокове,"порушення правил маневрування,порушення правил проїзду перехресть,невиконання вимог сигналів регулювання",3,легко травмований,без ушкоджень,легко травмований,,,,,,,49.82147,23.988605,,,,,,,,,,,
2021-02-12,16:10:00,п'ятниця,місто,Львів,Залізничний,вулиця,Городоцька,112,,наїзд на пішохода,"перевищення безпечної швидкості,порушення правил проїзду пішохідних переходів",2,без ушкоджень,легко травмований,,,,,,,,49.836228,23.998448,,,,,,,,,,,
2021-04-02,22:10:00,п'ятниця,місто,Львів,Сихівський,вулиця,Гориня М.,9,,"наїзд на транспортний засіб, що стоїть - по ходу руху","перевищення безпечної швидкості,керування транспортним засобом у нетверезому стані",1,легко травмований,,,,,,,,,49.78923,24.05554,,,,,,,,,,,
2021-04-09,12:37:00,п'ятниця,місто,Львів,Шевченківський,вулиця,Липинського В.,54,,наїзд на пішохода - пішохід рухався у попутному напрямку,порушення правил маневрування,2,без ушкоджень,легко травмований,,,,,,,,49.864432,24.041508,,,,,,,,,,,
2021-04-12,15:30:00,понеділок,місто,Львів,Франківський,вулиця,"Сахарова А., акад.",42,,зіткнення з задньою частиною тз,"перевищення безпечної швидкості,недодержання дистанції",3,без ушкоджень,без ушкоджень,легко травмований,,,,,,,49.829035,24.012927,,,,,,,,,,,
2021-04-13,1:27:00,вівторок,місто,Львів,Шевченківський,вулиця,Порічкова,15,,наїзд на інші види перешкод,перевищення безпечної швидкості,1,помер у лікарні протягом 30 діб,,,,,,,,,49.867717,23.961005,,,,,,,,,,,
2021-03-31,16:01:00,середа,місто,Львів,Личаківський,вулиця,Личаківська,42,,наїзд на велосипедиста - поза межами велосипедної доріжки,порушення правил маневрування,2,без ушкоджень,легко травмований,,,,,,,,49.798706,24.071113,,,,,,,,,,,
2021-03-28,9:50:00,неділя,місто,Львів,Галицький,проспект,"Чорновола В., просп.",14,,наїзд на інші види перешкод,"недодержання дистанції,перевищення безпечної швидкості",4,без ушкоджень,без ушкоджень,легко травмований,легко травмований,,,,,,49.847015,24.025662,,,,,,,,,,,
2021-04-07,17:50:00,середа,місто,Львів,Залізничний,вулиця,Кульпрківська,118,,падіння пасажира,порушення правил перевезення пасажирів,2,без ушкоджень,легко травмований,,,,,,,,49.819386,23.987896,,,,,,,,,,,
2021-03-30,17:22:00,вівторок,місто,Львів,Сихівський,вулиця,Чмоли І.,2,,зіткнення бокове,"перевищення безпечної швидкості,недодержання дистанції",3,легко травмований,легко травмований,без ушкоджень,,,,,,,49.814859,24.024015,,,,,,,,,,,