accidentDate,accidentTime,accidentDay,settlementType,settlement,district,streetType,streetName,houseNumber,locationComments,accidentType,mainAccidentCause,totalParticipantsAmount,injuryStatusParticipant1,injuryStatusParticipant2,injuryStatusParticipant3,injuryStatusParticipant4,injuryStatusParticipant5,injuryStatusParticipant6,injuryStatusParticipant7,injuryStatusParticipant8,injuryStatusParticipant9,latitude,longitude,injuryStatusParticipant10,injuryStatusParticipant11,injuryStatusParticipant12,injuryStatusParticipant13,injuryStatusParticipant14,injuryStatusParticipant15,injuryStatusParticipant16,injuryStatusParticipant17,injuryStatusParticipant18,injuryStatusParticipant19,injuryStatusParticipant20
2021-08-16,18:15:00,понеділок,місто,Львів,Шевченківський,проспект,"Чорновола В., просп.",167,,наїзд на пішохода - пішохід рухався у зустрічному напрямку,недодержання дистанції,2,без ушкоджень,легко травмований,,,,,,,,49.857589,24.020952,,,,,,,,,,,
2021-08-09,17:39:00,понеділок,місто,Львів,Залізничний,вулиця,Чернівецька,2,,зіткнення бокове,"недодержання дистанції,порушення правил маневрування",2,без ушкоджень,легко травмований,,,,,,,,49.837488,24.001377,,,,,,,,,,,
2021-08-19,21:03:00,четвер,місто,Львів,Залізничний,вулиця,Любінська,,вул. Любінська - вул. Петлюри С.,зіткнення бокове,порушення правил проїзду перехресть,2,без ушкоджень,легко травмований,,,,,,,,49.824058,23.977275,,,,,,,,,,,
2021-08-05,0:30:00,четвер,місто,Львів,Залізничний,вулиця,Білогорща,2,,наїзд на інші види перешкод,перевищення безпечної швидкості,1,легко травмований,,,,,,,,,49.843795,23.951708,,,,,,,,,,,
2021-08-03,17:20:00,вівторок,місто,Львів,Галицький,вулиця,Городоцька,2,,наїзд на пішохода - пішохід рухався у попутному напрямку,порушення правил маневрування,2,без ушкоджень,легко травмований,,,,,,,,49.844563,24.025201,,,,,,,,,,,
2021-08-15,4:05:00,неділя,місто,Львів,Сихівський,проспект,"Червоної Калини, просп.",60,,наїзд на пішохода - пішохід рухався у зустрічному напрямку,неочікуваний вихід на проїзну частину,2,без ушкоджень,легко травмований,,,,,,,,49.796201,24.053493,,,,,,,,,,,
2021-08-13,18:45:00,п'ятниця,місто,Львів,Шевченківський,вулиця,Тичини П.,17,,наїзд на пішохода - пішохід рухався у попутному напрямку,порушення правил маневрування,2,без ушкоджень,легко травмований,,,,,,,,49.868433,24.034165,,,,,,,,,,,
2021-07-31,20:30:00,субота,місто,Львів,Франківський,вулиця,Кульпарківська,200А,,зіткнення бокове,"порушення правил маневрування,перевищення безпечної швидкості,недодержання дистанції",4,без ушкоджень,без ушкоджень,без ушкоджень,легко травмований,,,,,,49.810414,23.983004,,,,,,,,,,,
2021-08-03,18:05:00,вівторок,місто,Львів,Залізничний,вулиця,Збиральна,21,,зіткнення бокове,порушення правил проїзду перехресть,2,без ушкоджень,легко травмований,,,,,,,,49.825709,23.928845,,,,,,,,,,,
2021-08-16,17:04:00,понеділок,місто,Львів,Шевченківський,вулиця,Промислова,45,,наїзд на пішохода - пішохід рухався у попутному напрямку,порушення правил маневрування,2,без ушкоджень,легко травмований,,,,,,,,49.860832,24.043279,,,,,,,,,,,
2021-07-30,18:40:00,п'ятниця,місто,Львів,Личаківський,вулиця,Личаківська,33,,зіткнення бокове,порушення правил маневрування,2,без ушкоджень,легко травмований,,,,,,,,49.840145,24.042882,,,,,,,,,,,
2021-07-30,10:50:00,п'ятниця,місто,Львів,Шевченківський,вулиця,Миколайчука І.,9,,наїзд на пішохода - пішохід рухався у зустрічному напрямку,"перевищення безпечної швидкості,недодержання дистанції",2,без ушкоджень,легко травмований,,,,,,,,49.877823,24.038419,,,,,,,,,,,
2021-08-05,11:57:00,четвер,місто,Львів,Личаківський,вулиця,Пасічна,,Перехрестя вул. Пасічна - вул. Лисинецька,зіткнення з задньою частиною тз,порушення правил проїзду перехресть,2,легко травмований,легко травмований,,,,,,,,49.81652,24.077375,,,,,,,,,,,
2021-07-31,15:27:00,субота,місто,Львів,Сихівський,вулиця,Зелена,273,,наїзд на пішохода - пішохід рухався у зустрічному напрямку,порушення правил проїзду пішохідних переходів,2,без ушкоджень,тяжко травмований,,,,,,,,49.802424,24.067242,,,,,,,,,,,
2021-08-18,13:42:00,середа,місто,Львів,Сихівський,вулиця,Луганська,18,,зіткнення бокове,"перевищення безпечної швидкості,недодержання дистанції",2,без ушкоджень,легко травмований,,,,,,,,49.80915,24.042141,,,,,,,,,,,
2021-08-06,20:20:00,п'ятниця,місто,Львів,Галицький,вулиця,Городоцька,101,,наїзд на пішохода - пішохід рухався у зустрічному напрямку,недодержання дистанції,2,без ушкоджень,легко травмований,,,,,,,,49.837325,24.004569,,,,,,,,,,,
2021-08-19,15:15:00,четвер,місто,Львів,Шевченківський,вулиця,Брюховицька,267,,наїзд на інші види перешкод,перевищення безпечної швидкості,2,без ушкоджень,легко травмований,,,,,,,,49.864546,23.969073,,,,,,,,,,,
2021-08-01,11:40:00,неділя,місто,Львів,Франківський,вулиця,Музики Я.,,Перехрестя вул. Музики Я. - вул. Молдавська,зіткнення бокове,порушення правил проїзду перехресть,2,без ушкоджень,легко травмований,,,,,,,,49.815205,23.995514,,,,,,,,,,,
2021-08-01,23:30:00,неділя,місто,Львів,Залізничний,вулиця,Городоцька,116,,зіткнення з задньою частиною тз,"перевищення безпечної швидкості,недодержання дистанції",4,без ушкоджень,легко травмований,легко травмований,без ушкоджень,,,,,,49.835609,23.99265,,,,,,,,,,,
2021-08-02,17:25:00,понеділок,місто,Львів,Шевченківський,вулиця,Бетховена Л.,,вул. Бетховена Л. - вул. Липинського В.,наїзд на пішохода - пішохід рухався у попутному напрямку,порушення правил маневрування,2,без ушкоджень,легко травмований,,,,,,,,49.863564,24.033258,,,,,,,,,,,
2021-08-17,16:50:00,вівторок,місто,Львів,Шевченківський,вулиця,Липинського В.,6,,наїзд на пішохода - пішохід рухався у зустрічному напрямку,порушення правил проїзду пішохідних переходів,2,без ушкоджень,легко травмований,,,,,,,,49.862264,24.029567,,,,,,,,,,,
2021-08-12,18:45:00,четвер,місто,Львів,Личаківський,вулиця,Личаківська,150,,наїзд на пішохода - пішохід рухався у попутному напрямку,перехід у невстановленому місці,2,без ушкоджень,легко травмований,,,,,,,,49.835803,24.069639,,,,,,,,,,,
2021-08-17,19:30:00,вівторок,місто,Львів,Шевченківський,вулиця,Величковського І.,,Перехрестя вул. Величковського І. - вул. Шевченка Т.,зіткнення з задньою частиною тз,порушення правил проїзду перехресть,3,легко травмований,легко травмований,без ушкоджень,,,,,,,49.872843,23.928656,,,,,,,,,,,
2021-08-17,18:40:00,вівторок,місто,Львів,Залізничний,вулиця,Петлюри С.,,Перехрестя вул. Петлюри С. - вул. Любінська,зіткнення з задньою частиною тз,"порушення правил проїзду перехресть,перевищення безпечної швидкості,недодержання дистанції",2,без ушкоджень,легко травмований,,,,,,,,49.823948,23.977468,,,,,,,,,,,
2021-08-12,16:50:00,четвер,місто,Львів,Шевченківський,вулиця,Шевченка Т.,376,,наїзд на пішохода - пішохід рухався у попутному напрямку,перехід у невстановленому місці,2,без ушкоджень,легко травмований,,,,,,,,49.870158,23.948044,,,,,,,,,,,
2021-08-18,19:01:00,середа,місто,Львів,Залізничний,вулиця,Широка,64,,наїзд на пішохода - пішохід рухався у зустрічному напрямку,порушення правил проїзду пішохідних переходів,2,без ушкоджень,легко травмований,,,,,,,,49.842003,23.96969,,,,,,,,,,,
2021-08-03,20:07:00,вівторок,місто,Львів,Залізничний,вулиця,Збиральна,21,,наїзд на пішохода - пішохід рухався у попутному напрямку,порушення правил маневрування,2,без ушкоджень,легко травмований,,,,,,,,49.82573,23.929113,,,,,,,,,,,
2021-08-06,16:52:00,п'ятниця,місто,Львів,Франківський,вулиця,Княгині Ольги,5,,наїзд на пішохода - на регульованому пішохідному переході,порушення правил проїзду пішохідних переходів,2,без ушкоджень,легко травмований,,,,,,,,49.826093,24.009861,,,,,,,,,,,
2021-07-27,22:04:00,вівторок,місто,Львів,Сихівський,вулиця,Стуса В.,57А,,наїзд на пішохода - пішохід рухався у попутному напрямку,перехід у невстановленому місці,2,без ушкоджень,легко травмований,,,,,,,,49.817385,24.044781,,,,,,,,,,,
2021-07-26,15:50:00,понеділок,місто,Львів,Сихівський,вулиця,Сихівська,,Сихівський Міст,наїзд на пішохода - пішохід рухався у попутному напрямку,"перехід у невстановленому місці,порушення правил маневрування",2,без ушкоджень,легко травмований,,,,,,,,49.79599,24.071753,,,,,,,,,,,
2021-08-20,17:20:00,п'ятниця,місто,Львів,Залізничний,вулиця,Залізнична,,,зіткнення бокове,недодержання дистанції,2,без ушкоджень,легко травмований,,,,,,,,49.836882,24.002584,,,,,,,,,,,
2021-08-12,19:59:00,четвер,місто,Львів,Франківський,вулиця,Городоцька,169,,падіння пасажира,порушення правил перевезення пасажирів,2,без ушкоджень,легко травмований,,,,,,,,49.835609,23.997005,,,,,,,,,,,
2021-08-14,12:30:00,субота,місто,Львів,Галицький,вулиця,Шевченка Т.,22,,наїзд на пішохода - пішохід рухався у зустрічному напрямку,порушення правил проїзду пішохідних переходів,2,без ушкоджень,легко травмований,,,,,,,,49.842982,24.015507,,,,,,,,,,,
2021-08-12,19:25:00,четвер,місто,Львів,Залізничний,вулиця,Чернівецька,2,,падіння пасажира,порушення правил перевезення пасажирів,2,без ушкоджень,тяжко травмований,,,,,,,,49.837508,24.001307,,,,,,,,,,,
2021-08-01,19:57:00,неділя,місто,Львів,Личаківський,вулиця,Личаківська,15,,наїзд на пішохода - пішохід рухався у попутному напрямку,порушення правил проїзду пішохідних переходів,2,без ушкоджень,легко травмований,,,,,,,,49.839954,24.039583,,,,,,,,,,,
2021-07-03,10:01:00,субота,місто,Львів,Франківський,вулиця,Коновальця Є.,89,,зіткнення бокове,порушення правил проїзду перехресть,1,легко травмований,,,,,,,,,49.827609,23.998389,,,,,,,,,,,
2021-08-09,14:10:00,понеділок,місто,Львів,Франківський,вулиця,Наукова,5,,зіткнення бокове,"перевищення безпечної швидкості,недодержання дистанції",2,легко травмований,без ушкоджень,,,,,,,,49.802216,24.007385,,,,,,,,,,,
2021-08-06,4:10:00,п'ятниця,місто,Львів,Галицький,вулиця,Митрополита Андрея,10,,"наїзд на транспортний засіб, що стоїть - по ходу руху",перевищення безпечної швидкості,2,легко травмований,легко травмований,,,,,,,,49.836477,24.010416,,,,,,,,,,,
2021-08-01,22:49:00,неділя,місто,Львів,Галицький,вулиця,Замарстинівська,14,,наїзд на пішохода - пішохід рухався у попутному напрямку,неочікуваний вихід на проїзну частину,2,без ушкоджень,легко травмований,,,,,,,,49.84872,24.0278,,,,,,,,,,,
2021-08-20,16:02:00,п'ятниця,місто,Львів,Франківський,вулиця,Стрийська,260,,наїзд на пішохода - пішохід рухався у попутному напрямку,порушення правил проїзду пішохідних переходів,2,без ушкоджень,легко травмований,,,,,,,,49.792056,24.015453,,,,,,,,,,,
2021-08-21,19:56:00,субота,місто,Львів,Сихівський,проспект,"Червоної Калини, просп.",68,,"наїзд на транспортний засіб, що стоїть - по ходу руху","недодержання дистанції,перевищення безпечної швидкості",2,легко травмований,без ушкоджень,,,,,,,,49.789951,24.058696,,,,,,,,,,,
2021-08-04,0:35:00,середа,місто,Львів,Шевченківський,вулиця,Замарстинівська,294,,зіткнення лобове,недодержання дистанції,2,помер на місці дтп,без ушкоджень,,,,,,,,49.885123,23.993196,,,,,,,,,,,
2021-08-13,13:32:00,п'ятниця,місто,Львів,Шевченківський,вулиця,Кульпарківська,226,,наїзд на велосипедиста - на велосипедній доріжці,"порушення правил проїзду пішохідних переходів,порушення правил маневрування",2,без ушкоджень,легко травмований,,,,,,,,49.880518,23.981384,,,,,,,,,,,
2021-08-15,16:10:00,неділя,місто,Львів,Личаківський,вулиця,Личаківська,54,,зіткнення з задньою частиною тз,недодержання дистанції,3,легко травмований,без ушкоджень,без ушкоджень,,,,,,,49.839834,24.049072,,,,,,,,,,,
2021-07-28,11:15:00,середа,місто,Львів,Шевченківський,вулиця,Липинського В.,50Б,,зіткнення бокове,"виїзд на смугу зустрічного руху,керування транспортним засобом у нетверезому стані",2,без ушкоджень,легко травмований,,,,,,,,49.864692,24.04011,,,,,,,,,,,
2021-08-03,13:40:00,вівторок,місто,Львів,Франківський,вулиця,Бойчука М.,38,,наїзд на пішохода - пішохід рухався у зустрічному напрямку,порушення правил маневрування,2,без ушкоджень,легко травмований,,,,,,,,49.813273,23.995369,,,,,,,,,,,
2021-09-22,20:48:00,середа,місто,Львів,Сихівський,вулиця,Зелена,407,,наїзд на пішохода - пішохід рухався у попутному напрямку,перехід у невстановленому місці,2,без ушкоджень,тяжко травмований,,,,,,,,49.785968,24.076511,,,,,,,,,,,
2021-10-03,21:50:00,неділя,місто,Львів,Личаківський,вулиця,Глинянський Тракт,163,,наїзд на пішохода,порушення правил маневрування,2,без ушкоджень,легко травмований,,,,,,,,49.842094,24.1021,,,,,,,,,,,
2021-09-23,16:01:00,четвер,місто,Львів,Залізничний,вулиця,Патона Є.,,Арсен,наїзд на пішохода - пішохід рухався у попутному напрямку,порушення правил маневрування,2,без ушкоджень,легко травмований,,,,,,,,49.823338,23.958757,,,,,,,,,,,
2021-10-01,16:55:00,п'ятниця,місто,Львів,Личаківський,вулиця,Личаківська,105,,наїзд на пішохода - на регульованому пішохідному переході,порушення правил проїзду пішохідних переходів,4,без ушкоджень,легко травмований,легко травмований,легко травмований,,,,,,49.838773,24.054049,,,,,,,,,,,
2021-09-27,17:39:00,понеділок,місто,Львів,Сихівський,вулиця,Литвиненка С.,8,,наїзд на пішохода - пішохід рухався у зустрічному напрямку,порушення правил маневрування,2,без ушкоджень,помер у лікарні протягом 30 діб,,,,,,,,49.813564,24.039829,,,,,,,,,,,
2021-09-23,14:10:00,четвер,місто,Львів,Франківський,вулиця,Музики Я.,,вул. Музики Я. - вул. Сонячна,зіткнення бокове,невиконання вимог сигналів регулювання,2,без ушкоджень,легко травмований,,,,,,,,49.815094,23.996576,,,,,,,,,,,
2021-09-29,14:40:00,середа,місто,Львів,Сихівський,вулиця,Сихівська,14,,наїзд на пішохода - пішохід рухався у зустрічному напрямку,порушення правил маневрування,2,без ушкоджень,легко травмований,,,,,,,,49.796094,24.062591,,,,,,,,,,,
2021-09-25,23:55:00,субота,місто,Львів,Залізничний,вулиця,Широка,100,,наїзд на інші види перешкод,"перевищення безпечної швидкості,недодержання дистанції,керування транспортним засобом у нетверезому стані",2,легко травмований,легко травмований,,,,,,,,49.842688,23.959905,,,,,,,,,,,
2021-09-27,16:27:00,понеділок,місто,Львів,Сихівський,вулиця,Демнянська,26,,наїзд на пішохода - пішохід рухався у попутному напрямку,пішоходи невиконання вимог сигналів регулювання,2,без ушкоджень,легко травмований,,,,,,,,49.798123,24.028709,,,,,,,,,,,
2021-09-24,20:30:00,п'ятниця,місто,Львів,Франківський,вулиця,Городоцька,138,,наїзд на пішохода - пішохід рухався у зустрічному напрямку,неочікуваний вихід на проїзну частину,2,без ушкоджень,легко травмований,,,,,,,,49.833367,23.983777,,,,,,,,,,,
2021-09-19,12:38:00,неділя,місто,Львів,Залізничний,вулиця,Любінська,152,,наїзд на інші види перешкод,перевищення безпечної швидкості,1,легко травмований,,,,,,,,,49.819992,23.965216,,,,,,,,,,,
2021-09-23,16:50:00,четвер,місто,Львів,Залізничний,вулиця,Городоцька,359,,наїзд на пішохода - пішохід рухався у попутному напрямку,порушення правил маневрування,2,без ушкоджень,легко травмований,,,,,,,,49.821321,23.921925,,,,,,,,,,,
2021-09-17,15:01:00,п'ятниця,місто,Львів,Галицький,вулиця,Свєнціцького І.,17,,наїзд на пішохода - на нерегульованому пішохідному переході,"порушення правил маневрування,порушення правил проїзду пішохідних переходів",2,без ушкоджень,легко травмований,,,,,,,,49.822994,24.037498,,,,,,,,,,,
2021-10-01,12:56:00,п'ятниця,місто,Львів,Залізничний,вулиця,Городоцька,174,,наїзд на пішохода - пішохід переходив дорогу поза межами піш.переходу,порушення правил маневрування,2,без ушкоджень,легко травмований,,,,,,,,49.830551,23.967752,,,,,,,,,,,
2021-10-11,21:01:00,понеділок,місто,Львів,Сихівський,проспект,"Червоної Калини, просп.",79,,наїзд на пішохода - пішохід рухався у попутному напрямку,пішоходи невиконання вимог сигналів регулювання,2,без ушкоджень,помер на місці дтп,,,,,,,,49.794986,24.056861,,,,,,,,,,,
2021-09-22,12:31:00,середа,місто,Львів,Франківський,вулиця,Княгині Ольги,26,,зіткнення бокове,порушення правил проїзду пішохідних переходів,2,без ушкоджень,легко травмований,,,,,,,,49.823854,24.006779,,,,,,,,,,,
2021-09-30,23:06:00,четвер,місто,Львів,Франківський,вулиця,Копистинського Т.,3,,наїзд на пішохода - пішохід рухався у зустрічному напрямку,"перевищення безпечної швидкості,порушення правил проїзду пішохідних переходів,керування транспортним засобом у нетверезому стані",2,без ушкоджень,легко травмований,,,,,,,,49.829194,23.988208,,,,,,,,,,,
2021-09-25,15:40:00,субота,місто,Львів,Сихівський,вулиця,Стрийська,,Перехрестя вул. Стрийська - вул. Рубчака,"наїзд на транспортний засіб, що стоїть - по ходу руху","перевищення безпечної швидкості,недодержання дистанції",4,без ушкоджень,легко травмований,без ушкоджень,легко травмований,,,,,,49.805146,24.018821,,,,,,,,,,,
2021-09-22,20:52:00,середа,місто,Львів,Сихівський,вулиця,Морозна,,вул. Морозна - вул. Сихівська,наїзд на інші види перешкод,перевищення безпечної швидкості,1,легко травмований,,,,,,,,,49.79545,24.069307,,,,,,,,,,,
2021-09-08,2:40:00,середа,місто,Львів,Шевченківський,вулиця,Базарна,11,,наїзд на пішохода - на нерегульованому пішохідному переході,порушення правил проїзду пішохідних переходів,2,без ушкоджень,легко травмований,,,,,,,,49.84623,24.018683,,,,,,,,,,,
2021-10-06,16:27:00,середа,місто,Львів,Шевченківський,вулиця,"Івана Мазепи І., гетьм.",23,,наїзд на пішохода,порушення правил проїзду пішохідних переходів,1,легко травмований,,,,,,,,,49.871925,24.038708,,,,,,,,,,,
2021-09-20,10:30:00,понеділок,місто,Львів,Шевченківський,вулиця,Замарстинівська,54,,наїзд на пішохода - пішохід рухався у попутному напрямку,"перевищення безпечної швидкості,недодержання дистанції",2,без ушкоджень,легко травмований,,,,,,,,49.854189,24.028435,,,,,,,,,,,
2021-09-24,20:50:00,п'ятниця,місто,Львів,Шевченківський,вулиця,Хмельницького Б.,225,,зіткнення бокове,"керування транспортним засобом у нетверезому стані,порушення правил проїзду пішохідних переходів",2,без ушкоджень,легко травмований,,,,,,,,49.864031,24.05243,,,,,,,,,,,
2021-10-07,8:40:00,четвер,місто,Львів,Шевченківський,вулиця,Хмельницького Б.,225,,наїзд на пішохода,"порушення правил маневрування,порушення правил проїзду пішохідних переходів",2,без ушкоджень,легко травмований,,,,,,,,49.863986,24.052361,,,,,,,,,,,
2021-09-30,19:30:00,четвер,місто,Львів,Шевченківський,вулиця,Липинського В.,54,,наїзд на пішохода - пішохід рухався у зустрічному напрямку,"порушення правил проїзду пішохідних переходів,керування транспортним засобом у нетверезому стані",2,без ушкоджень,легко травмований,,,,,,,,49.862952,24.031493,,,,,,,,,,,
2021-09-24,13:01:00,п'ятниця,місто,Львів,Галицький,вулиця,Коперника М.,40,,наїзд на пішохода - на регульованому пішохідному переході,"порушення правил маневрування,порушення правил проїзду пішохідних переходів",2,без ушкоджень,легко травмований,,,,,,,,49.836109,24.022442,,,,,,,,,,,
2021-09-18,12:50:00,субота,місто,Львів,Шевченківський,вулиця,Замарстинівська,67,,зіткнення бокове,порушення правил маневрування,3,без ушкоджень,без ушкоджень,легко травмований,,,,,,,49.856921,24.027566,,,,,,,,,,,
2021-10-06,7:53:00,середа,місто,Львів,Залізничний,вулиця,Виговського І.,21,,наїзд на пішохода,порушення правил обгону,2,без ушкоджень,легко травмований,,,,,,,,49.825321,23.967678,,,,,,,,,,,
2021-09-20,23:20:00,понеділок,місто,Львів,Шевченківський,вулиця,Студинського К.,15,,наїзд на пішохода - на регульованому пішохідному переході,перевищення безпечної швидкості,2,без ушкоджень,легко травмований,,,,,,,,49.879219,24.043268,,,,,,,,,,,
2021-10-12,14:36:00,вівторок,місто,Львів,Шевченківський,вулиця,Шевченка Т.,34,,зіткнення бокове,перевищення безпечної швидкості,2,легко травмований,без ушкоджень,,,,,,,,49.8435,24.013785,,,,,,,,,,,
2021-09-30,9:02:00,четвер,місто,Львів,Сихівський,вулиця,Мирного Панаса,,Перехрестя вул. Мирного Панаса - вул. Ярославенка Я.,наїзд на велосипедиста - поза межами велосипедної доріжки,"порушення правил маневрування,порушення правил проїзду перехресть",2,без ушкоджень,помер у лікарні протягом 30 діб,,,,,,,,49.815052,24.032121,,,,,,,,,,,
2021-09-21,21:21:00,вівторок,місто,Львів,Франківський,вулиця,Городоцька,165,,перекидання тз,перевищення безпечної швидкості,1,легко травмований,,,,,,,,,49.835862,23.997788,,,,,,,,,,,
2021-09-24,15:20:00,п'ятниця,місто,Львів,Личаківський,вулиця,Личаківська,35,,зіткнення бокове,перевищення безпечної швидкості,2,без ушкоджень,легко травмований,,,,,,,,49.840314,24.043552,,,,,,,,,,,
2021-10-01,7:30:00,п'ятниця,місто,Львів,Личаківський,вулиця,Пасічна,71,,зіткнення з задньою частиною тз,порушення правил маневрування,5,без ушкоджень,без ушкоджень,без ушкоджень,легко травмований,легко травмований,,,,,49.821718,24.073352,,,,,,,,,,,
2021-09-27,17:18:00,понеділок,місто,Львів,Шевченківський,вулиця,Липинського В.,13А,,зіткнення бокове,порушення правил маневрування,2,без ушкоджень,легко травмований,,,,,,,,49.858215,24.024299,,,,,,,,,,,
2021-10-05,17:44:00,вівторок,місто,Львів,Личаківський,вулиця,Глинянський Тракт,70,,наїзд на велосипедиста - велосипедист рухався у попутному напрямку,порушення правил маневрування,2,легко травмований,без ушкоджень,,,,,,,,49.840183,24.085153,,,,,,,,,,,
2021-10-07,9:30:00,четвер,місто,Львів,Шевченківський,вулиця,Шевченка Т.,132,,зіткнення бокове,порушення правил маневрування,3,легко травмований,без ушкоджень,без ушкоджень,,,,,,,49.851097,23.991523,,,,,,,,,,,
2021-10-08,9:40:00,п'ятниця,місто,Львів,Шевченківський,вулиця,Шевченка Т.,24,,наїзд на пішохода - на нерегульованому пішохідному переході,"керування транспортним засобом у нетверезому стані,порушення правил проїзду пішохідних переходів",2,без ушкоджень,легко травмований,,,,,,,,49.842957,24.015627,,,,,,,,,,,
2021-09-27,11:10:00,понеділок,місто,Львів,Шевченківський,вулиця,"Мазепи І., гетьм.",16,,зіткнення бокове,недодержання дистанції,3,легко травмований,без ушкоджень,легко травмований,,,,,,,49.83499,23.891396,,,,,,,,,,,
2021-10-01,19:10:00,п'ятниця,місто,Львів,Франківський,вулиця,Житомирська,,вул. Житомирська - вул. Антоновича В.,наїзд на пішохода - пішохід рухався у попутному напрямку,порушення правил проїзду пішохідних переходів,2,без ушкоджень,легко травмований,,,,,,,,49.825879,23.990976,,,,,,,,,,,
2021-09-23,20:01:00,четвер,місто,Львів,Франківський,вулиця,Володимира Великого,121,,наїзд на пішохода - пішохід рухався у попутному напрямку,перевищення безпечної швидкості,2,без ушкоджень,легко травмований,,,,,,,,49.811719,23.986995,,,,,,,,,,,
2021-10-01,22:02:00,п'ятниця,місто,Львів,Шевченківський,вулиця,Варшавська,125,,наїзд на пішохода - пішохід рухався у попутному напрямку,порушення правил проїзду пішохідних переходів,2,без ушкоджень,легко травмований,,,,,,,,49.864813,24.007562,,,,,,,,,,,
2021-10-04,18:56:00,понеділок,місто,Львів,Шевченківський,проспект,"Чорновола В., просп.",,"Перехрестя Чорновола В.,просп. - вул. Хімічна",зіткнення бокове,"перевищення безпечної швидкості,порушення правил маневрування",4,легко травмований,легко травмований,легко травмований,легко травмований,,,,,,49.853798,24.023173,,,,,,,,,,,
2021-10-05,15:45:00,вівторок,місто,Львів,Галицький,вулиця,Вітовського Д.,55,,наїзд на велосипедиста - велосипедист рухався у зустрічному напрямку,порушення правил маневрування,2,без ушкоджень,легко травмований,,,,,,,,49.831602,24.019648,,,,,,,,,,,
2021-10-05,18:29:00,вівторок,місто,Львів,Личаківський,вулиця,Мечникова І.,6,,зіткнення бокове,порушення правил маневрування,3,легко травмований,без ушкоджень,без ушкоджень,,,,,,,49.836861,24.054024,,,,,,,,,,,
2021-10-05,21:30:00,вівторок,місто,Львів,Сихівський,вулиця,Пасічна,,,наїзд на пішохода,"перевищення безпечної швидкості,недодержання дистанції",2,без ушкоджень,легко травмований,,,,,,,,49.813959,24.078212,,,,,,,,,,,
2021-09-29,9:01:00,середа,місто,Львів,Личаківський,вулиця,Богданівська,44,,наїзд на велосипедиста - поза межами велосипедної доріжки,порушення правил проїзду пішохідних переходів,2,без ушкоджень,тяжко травмований,,,,,,,,49.851156,24.078019,,,,,,,,,,,
2021-11-26,22:15:00,п'ятниця,місто,Львів,Сихівський,вулиця,Луганська,10,,наїзд на пішохода - на регульованому пішохідному переході,порушення правил проїзду пішохідних переходів,2,без ушкоджень,легко травмований,,,,,,,,49.807874,24.051515,,,,,,,,,,,
2021-11-17,17:55:00,середа,місто,Львів,Франківський,вулиця,Трускавецька,,вул. Трускавецька - вул. Тролейбусна,наїзд на пішохода - пішохід рухався у попутному напрямку,порушення правил проїзду пішохідних переходів,2,без ушкоджень,легко травмований,,,,,,,,49.797874,24.005105,,,,,,,,,,,
2021-11-29,10:12:00,понеділок,місто,Львів,Франківський,вулиця,Антоновича В.,81,,наїзд на пішохода - пішохід рухався у попутному напрямку,перехід у невстановленому місці,2,без ушкоджень,легко травмований,,,,,,,,49.829568,23.997767,,,,,,,,,,,
2021-11-20,6:09:00,субота,місто,Львів,Галицький,проспект,"Свободи, просп.",,"Свободи, просп. - вул. Дорошенка П.",наїзд на пішохода - пішохід рухався у попутному напрямку,порушення правил проїзду перехресть,3,без ушкоджень,легко травмований,помер на місці дтп,,,,,,,49.840487,24.027894,,,,,,,,,,,
2021-11-16,17:15:00,вівторок,місто,Львів,Залізничний,вулиця,Левандівська,10,,наїзд на велосипедиста - велосипедист рухався у попутному напрямку,порушення правил маневрування,2,без ушкоджень,легко травмований,,,,,,,,49.848769,23.994731,,,,,,,,,,,
2021-11-17,18:40:00,середа,місто,Львів,Шевченківський,вулиця,Чигиринська,7,,наїзд на пішохода - пішохід рухався у попутному напрямку,порушення правил проїзду пішохідних переходів,2,без ушкоджень,легко травмований,,,,,,,,49.869297,24.053482,,,,,,,,,,,
2021-11-19,12:50:00,п'ятниця,місто,Львів,Франківський,вулиця,Наукова,62,,зіткнення бокове,порушення правил маневрування,2,легко травмований,без ушкоджень,,,,,,,,49.804362,23.99501,,,,,,,,,,,
2021-11-09,9:25:00,вівторок,місто,Львів,Личаківський,вулиця,Пекарська,50,,наїзд на пішохода - пішохід рухався у попутному напрямку,"порушення правил проїзду пішохідних переходів,керування транспортним засобом у нетверезому стані",2,легко травмований,легко травмований,,,,,,,,49.836616,24.043418,,,,,,,,,,,