accidentDate,accidentTime,accidentDay,settlementType,settlement,district,streetType,streetName,houseNumber,locationComments,accidentType,mainAccidentCause,totalParticipantsAmount,injuryStatusParticipant1,injuryStatusParticipant2,injuryStatusParticipant3,injuryStatusParticipant4,injuryStatusParticipant5,injuryStatusParticipant6,injuryStatusParticipant7,injuryStatusParticipant8,injuryStatusParticipant9,latitude,longitude,injuryStatusParticipant10,injuryStatusParticipant11,injuryStatusParticipant12,injuryStatusParticipant13,injuryStatusParticipant14,injuryStatusParticipant15,injuryStatusParticipant16,injuryStatusParticipant17,injuryStatusParticipant18,injuryStatusParticipant19,injuryStatusParticipant20
2021-11-29,17:05:00,понеділок,місто,Львів,Шевченківський,вулиця,Хімічна,,"вул. Хімічна - Чорновола В., просп.",наїзд на пішохода - пішохід рухався у попутному напрямку,порушення правил проїзду пішохідних переходів,2,без ушкоджень,легко травмований,,,,,,,,49.853777,24.023259,,,,,,,,,,,
2021-11-20,15:27:00,субота,місто,Львів,Залізничний,вулиця,Городоцька,,Перехрестя Городоцька - Виговського І.,зіткнення бокове,порушення правил маневрування,2,без ушкоджень,легко травмований,,,,,,,,49.830592,23.968327,,,,,,,,,,,
2021-11-14,0:30:00,неділя,місто,Львів,Галицький,площа,"Міцкевича А., пл.",,,наїзд на пішохода - пішохід рухався у попутному напрямку,порушення правил маневрування,2,без ушкоджень,легко травмований,,,,,,,,49.839532,24.029953,,,,,,,,,,,
2021-11-08,6:58:00,понеділок,місто,Львів,Залізничний,вулиця,Сяйво,21,,наїзд на інші види перешкод,"перевищення безпечної швидкості,керування транспортним засобом у нетверезому стані",1,легко травмований,,,,,,,,,49.840923,23.978385,,,,,,,,,,,
2021-11-28,16:47:00,неділя,місто,Львів,Франківський,вулиця,Копистинського Т.,,вул. Любінська - вул. Копистинського Т.,зіткнення бокове,порушення правил проїзду перехресть,3,без ушкоджень,легко травмований,легко травмований,,,,,,,49.829242,23.98766,,,,,,,,,,,
2021-11-29,2:28:00,понеділок,місто,Львів,Галицький,проспект,"Свободи, просп.",14,,наїзд на пішохода - на регульованому пішохідному переході,"порушення правил маневрування,перехід у невстановленому місці",2,без ушкоджень,легко травмований,,,,,,,,49.841006,24.027502,,,,,,,,,,,
2021-11-08,16:50:00,понеділок,місто,Львів,Шевченківський,вулиця,Шевченка Т.,386,,наїзд на пішохода - пішохід рухався у попутному напрямку,перехід у невстановленому місці,3,без ушкоджень,легко травмований,легко травмований,,,,,,,49.871213,23.945523,,,,,,,,,,,
2021-11-21,19:30:00,неділя,місто,Львів,Галицький,вулиця,Дорошенка П.,,,падіння пасажира,порушення техніки безпеки пасажиром,2,без ушкоджень,легко травмований,,,,,,,,49.836861,24.021392,,,,,,,,,,,
2021-11-26,7:14:00,п'ятниця,місто,Львів,Сихівський,вулиця,Луганська,9,,зіткнення лобове,"перевищення безпечної швидкості,недодержання дистанції",2,без ушкоджень,легко травмований,,,,,,,,49.808256,24.041358,,,,,,,,,,,
2021-12-02,21:58:00,четвер,місто,Львів,Личаківський,вулиця,Туган-Барановського М.,32,,падіння пасажира,порушення техніки безпеки пасажиром,2,без ушкоджень,легко травмований,,,,,,,,49.83609,24.040098,,,,,,,,,,,
2021-11-28,20:50:00,неділя,місто,Львів,Залізничний,вулиця,Виговського І.,100,,наїзд на пішохода - на регульованому пішохідному переході,невиконання вимог сигналів регулювання,2,без ушкоджень,легко травмований,,,,,,,,49.812832,23.978421,,,,,,,,,,,
2021-11-26,9:55:00,п'ятниця,місто,Львів,Франківський,вулиця,Кульпарківська,93,,зіткнення з задньою частиною тз,недодержання дистанції,4,без ушкоджень,без ушкоджень,без ушкоджень,легко травмований,,,,,,49.822911,23.98916,,,,,,,,,,,
2021-11-13,15:39:00,субота,місто,Львів,Галицький,вулиця,Коперника М.,22,,наїзд на велосипедиста - велосипедист рухався у попутному напрямку,порушення правил маневрування,2,без ушкоджень,легко травмований,,,,,,,,49.838218,24.026016,,,,,,,,,,,
2021-12-01,15:35:00,середа,місто,Львів,Залізничний,вулиця,Городоцька,280/2,,зіткнення бокове,"перевищення безпечної швидкості,недодержання дистанції",4,легко травмований,без ушкоджень,без ушкоджень,без ушкоджень,,,,,,49.824037,23.930545,,,,,,,,,,,
2021-11-16,19:04:00,вівторок,місто,Львів,Сихівський,вулиця,Угорська,,"вул. Угорська - Червоної Калини, просп.",зіткнення бокове,порушення правил маневрування,2,без ушкоджень,легко травмований,,,,,,,,49.810255,24.046197,,,,,,,,,,,
2021-11-17,17:50:00,середа,місто,Львів,Залізничний,вулиця,Сорохтея О.,5,,зіткнення бокове,недодержання дистанції,2,без ушкоджень,легко травмований,,,,,,,,49.844903,24.001825,,,,,,,,,,,
2021-11-28,0:59:00,неділя,місто,Львів,Шевченківський,вулиця,Тунельна,2,,зіткнення бокове,невиконання вимог сигналів регулювання,4,легко травмований,легко травмований,легко травмований,легко травмований,,,,,,49.862209,24.003137,,,,,,,,,,,
2021-11-10,11:59:00,середа,місто,Львів,Личаківський,вулиця,Зелена,172,,наїзд на пішохода - пішохід рухався у попутному напрямку,порушення правил проїзду пішохідних переходів,2,без ушкоджень,легко травмований,,,,,,,,49.816946,24.064334,,,,,,,,,,,
2021-11-19,18:37:00,п'ятниця,місто,Львів,Франківський,вулиця,Кульпарківська,,вул. Кульпарківська - Копистинського Т.,зіткнення бокове,"порушення правил маневрування,порушення правил проїзду перехресть",2,без ушкоджень,легко травмований,,,,,,,,49.83063,23.990664,,,,,,,,,,,
2021-11-22,20:48:00,понеділок,місто,Львів,Залізничний,вулиця,Кульпарківська,204,,наїзд на пішохода - на регульованому пішохідному переході,порушення правил проїзду пішохідних переходів,2,без ушкоджень,легко травмований,,,,,,,,49.811274,23.983533,,,,,,,,,,,
2021-11-22,19:56:00,понеділок,місто,Львів,Франківський,вулиця,Кульпарківська,93,,наїзд на пішохода - на регульованому пішохідному переході,пішоходи невиконання вимог сигналів регулювання,2,без ушкоджень,легко травмований,,,,,,,,49.821473,23.988695,,,,,,,,,,,
2021-11-20,14:40:00,субота,місто,Львів,Шевченківський,вулиця,"Чорновола В., просп.",12,,наїзд на пішохода - на регульованому пішохідному переході,порушення правил маневрування,2,без ушкоджень,легко травмований,,,,,,,,49.857242,24.022604,,,,,,,,,,,
2021-11-23,12:40:00,вівторок,місто,Львів,Шевченківський,вулиця,Шевченка Т.,,Перехрестя вул. Шевченка Т. - вул. о. Омеляна Ковча,наїзд на пішохода - на регульованому пішохідному переході,порушення правил проїзду пішохідних переходів,2,без ушкоджень,легко травмований,,,,,,,,49.853406,23.987108,,,,,,,,,,,
2021-11-08,10:40:00,понеділок,місто,Львів,Шевченківський,вулиця,Варшавська,,вул. Варшавська - вул. Замарстинівська,наїзд на пішохода - пішохід рухався у попутному напрямку,порушення правил проїзду пішохідних переходів,2,без ушкоджень,легко травмований,,,,,,,,49.870853,24.018967,,,,,,,,,,,
2021-11-20,22:52:00,субота,місто,Львів,Сихівський,проспект,"Червоної Калини, просп.",109,,наїзд на пішохода - на регульованому пішохідному переході,порушення правил проїзду пішохідних переходів,2,без ушкоджень,легко травмований,,,,,,,,49.784406,24.059367,,,,,,,,,,,
2021-11-22,6:55:00,понеділок,місто,Львів,Сихівський,вулиця,Пасічна,,Перехресття вул. Пасічна - вул. Пирогівка,зіткнення бокове,порушення правил проїзду перехресть,3,легко травмований,без ушкоджень,легко травмований,,,,,,,49.807264,24.07553,,,,,,,,,,,
2021-11-26,20:33:00,п'ятниця,місто,Львів,Галицький,вулиця,Городоцька,,ТЦ Магнус,наїзд на пішохода - пішохід переходив дорогу поза межами піш.переходу,перехід у невстановленому місці,2,без ушкоджень,легко травмований,,,,,,,,49.844129,24.024262,,,,,,,,,,,
2021-12-02,17:45:00,четвер,місто,Львів,Сихівський,вулиця,Луганська,,,зіткнення бокове,порушення правил маневрування,3,без ушкоджень,без ушкоджень,легко травмований,,,,,,,49.808358,24.040575,,,,,,,,,,,
2021-11-15,23:01:00,понеділок,місто,Львів,Шевченківський,вулиця,"Мазепи І., гетьм.",11,,зіткнення бокове,недодержання дистанції,2,без ушкоджень,легко травмований,,,,,,,,49.834062,23.8919,,,,,,,,,,,
2021-11-08,11:40:00,понеділок,місто,Львів,Залізничний,вулиця,Кульпарківська,226А,,наїзд на пішохода - пішохід рухався у попутному напрямку,"порушення правил проїзду пішохідних переходів,порушення правил маневрування",2,без ушкоджень,легко травмований,,,,,,,,49.804681,23.981121,,,,,,,,,,,
2021-11-12,14:23:00,п'ятниця,місто,Львів,Залізничний,вулиця,Любінська,101,,наїзд на пішохода - стояв на проїздній частині,порушення правил маневрування,2,без ушкоджень,легко травмований,,,,,,,,49.82085,23.970596,,,,,,,,,,,
2021-12-31,6:46:00,п'ятниця,місто,Львів,Личаківський,вулиця,Личаківська,22,,наїзд на пішохода - пішохід рухався у попутному напрямку,порушення правил проїзду пішохідних переходів,2,без ушкоджень,помер на місці дтп,,,,,,,,49.839885,24.040945,,,,,,,,,,,
2021-12-25,10:16:00,субота,місто,Львів,Личаківський,площа,"Митна, пл.",2,,падіння пасажира,порушення правил маневрування,1,легко травмований,,,,,,,,,49.839512,24.035795,,,,,,,,,,,
2021-12-16,14:35:00,четвер,місто,Львів,Сихівський,проспект,"Червоної Калини, просп.",36,,падіння пасажира,порушення правил маневрування,2,без ушкоджень,легко травмований,,,,,,,,49.800658,24.046637,,,,,,,,,,,
2021-12-30,20:36:00,четвер,місто,Львів,Франківський,вулиця,Володимира Великого,61,,зіткнення бокове,"недодержання дистанції,керування транспортним засобом у нетверезому стані",2,легко травмований,без ушкоджень,,,,,,,,49.810376,23.99582,,,,,,,,,,,
2021-12-28,16:47:00,вівторок,місто,Львів,Личаківський,вулиця,Богданівська,11,,наїзд на пішохода - на регульованому пішохідному переході,порушення правил маневрування,2,без ушкоджень,легко травмований,,,,,,,,49.855555,24.075513,,,,,,,,,,,
2021-12-30,16:01:00,четвер,місто,Львів,Франківський,вулиця,Володимира Великого,,,падіння пасажира,порушення правил перевезення пасажирів,2,без ушкоджень,легко травмований,,,,,,,,49.810947,23.995042,,,,,,,,,,,
2021-12-31,18:46:00,п'ятниця,місто,Львів,Галицький,вулиця,Дорошенка П.,25,,наїзд на пішохода - на нерегульованому пішохідному переході,порушення правил проїзду пішохідних переходів,3,без ушкоджень,легко травмований,легко травмований,,,,,,,49.839169,24.025324,,,,,,,,,,,
2021-01-03,2:18:00,неділя,місто,Львів,Галицький,проспект,"Чорновола В., просп.",2,,наїзд на пішохода - пішохід рухався у попутному напрямку,"неочікуваний вихід на проїзну частину,перехід у невстановленому місці",2,без ушкоджень,легко травмований,,,,,,,,49.846455,24.02541,,,,,,,,,,,
2021-01-10,19:57:00,неділя,місто,Львів,Шевченківський,вулиця,Окуневського Т.,3,,зіткнення бокове,порушення правил проїзду перехресть,2,без ушкоджень,легко травмований,,,,,,,,49.858868,24.018007,,,,,,,,,,,
2021-01-05,19:17:00,вівторок,місто,Львів,Франківський,вулиця,Опільського Ю.,9,,наїзд на пішохода - на нерегульованому пішохідному переході,перевищення безпечної швидкості,2,без ушкоджень,легко травмований,,,,,,,,49.834315,24.004017,,,,,,,,,,,
2021-01-09,18:30:00,субота,місто,Львів,Залізничний,вулиця,Кульпарківська,226А,,наїзд на інші види перешкод,перевищення безпечної швидкості,1,помер на місці дтп,,,,,,,,,49.804712,23.980365,,,,,,,,,,,
2021-01-02,11:56:00,субота,місто,Львів,Франківський,вулиця,"Сахарова А., акад.",,"вул. Стрийська - вул. Сахарова А.,акад.",наїзд на велосипедиста - велосипедист рухався у попутному напрямку,невиконання вимог сигналів регулювання,2,без ушкоджень,легко травмований,,,,,,,,49.81985,24.020276,,,,,,,,,,,
2021-01-16,12:38:00,субота,місто,Львів,Сихівський,вулиця,Сихівська,2,,наїзд на пішохода - пішохід рухався у попутному напрямку,перехід у невстановленому місці,2,без ушкоджень,легко травмований,,,,,,,,49.795311,24.066469,,,,,,,,,,,
2021-01-14,18:40:00,четвер,місто,Львів,Шевченківський,вулиця,Шевченка Т.,307А,,зіткнення бокове,порушення правил проїзду перехресть,4,легко травмований,легко травмований,легко травмований,без ушкоджень,,,,,,49.867517,23.953156,,,,,,,,,,,
2021-01-12,18:30:00,вівторок,місто,Львів,Сихівський,вулиця,Пасічна,125Б,,зіткнення бокове,"керування транспортним засобом у нетверезому стані,перевищення безпечної швидкості,недодержання дистанції",3,без ушкоджень,легко травмований,без ушкоджень,,,,,,,49.808306,24.078759,,,,,,,,,,,
2021-01-15,12:23:00,п'ятниця,місто,Львів,Галицький,площа,"Данила Галицького, пл.",,,наїзд на пішохода - пішохід рухався у попутному напрямку,порушення правил зупинки і стоянки транспортного засобу,1,легко травмований,,,,,,,,,49.844334,24.031992,,,,,,,,,,,
2021-01-24,17:42:00,неділя,місто,Львів,Франківський,вулиця,Копистинського Т.,2,,наїзд на пішохода - пішохід рухався у попутному напрямку,порушення правил проїзду пішохідних переходів,2,без ушкоджень,легко травмований,,,,,,,,49.829024,23.989908,,,,,,,,,,,
2021-01-26,12:35:00,вівторок,місто,Львів,Личаківський,вулиця,Хмельницького Б.,212,,зіткнення бокове,порушення правил проїзду перехресть,2,легко травмований,легко травмований,,,,,,,,49.868633,24.057548,,,,,,,,,,,
2021-01-05,7:45:00,вівторок,місто,Львів,Сихівський,вулиця,Хуторівка,23,,наїзд на пішохода - на нерегульованому пішохідному переході,"перевищення безпечної швидкості,порушення правил проїзду пішохідних переходів",2,без ушкоджень,помер по дорозі в лікарню,,,,,,,,49.80117,24.025168,,,,,,,,,,,
2021-01-05,8:40:00,вівторок,місто,Львів,Франківський,вулиця,Кульпарківська,,Перехрестя вул. Кульпарківська - вул. Володимира Великого,зіткнення з задньою частиною тз,"порушення правил маневрування,недодержання дистанції",3,без ушкоджень,без ушкоджень,легко травмований,,,,,,,49.812166,23.984603,,,,,,,,,,,
2021-01-05,20:57:00,вівторок,місто,Львів,Сихівський,вулиця,Стрийська,341,,зіткнення бокове,порушення правил проїзду перехресть,3,без ушкоджень,без ушкоджень,легко травмований,,,,,,,49.783723,24.013973,,,,,,,,,,,
2021-01-01,8:45:00,п'ятниця,місто,Львів,Личаківський,вулиця,Личаківська,261,,зіткнення з задньою частиною тз,"порушення правил маневрування,порушення правил обгону",2,без ушкоджень,легко травмований,,,,,,,,49.834291,24.084333,,,,,,,,,,,
2021-01-10,20:15:00,неділя,місто,Львів,Шевченківський,вулиця,Миколайчука І.,,вул. Миколайчука І. - вул. Липинського В.,наїзд на пішохода - пішохід рухався у попутному напрямку,порушення правил маневрування,2,без ушкоджень,легко травмований,,,,,,,,49.865224,24.044309,,,,,,,,,,,
2021-01-12,18:40:00,вівторок,місто,Львів,Личаківський,вулиця,Франка І.,33,,падіння пасажира,порушення правил маневрування,2,без ушкоджень,легко травмований,,,,,,,,49.83399,24.034454,,,,,,,,,,,
2021-01-16,21:20:00,субота,місто,Львів,Галицький,вулиця,Стрийська,20,,зіткнення бокове,"виїзд на смугу зустрічного руху,керування транспортним засобом у нетверезому стані",2,легко травмований,без ушкоджень,,,,,,,,49.827927,24.030828,,,,,,,,,,,
2021-01-14,13:15:00,четвер,місто,Львів,Галицький,вулиця,Замарстинівська,7,,зіткнення бокове,порушення правил маневрування,3,без ушкоджень,без ушкоджень,легко травмований,,,,,,,49.84824,24.027502,,,,,,,,,,,
2021-01-03,1:33:00,неділя,місто,Львів,Личаківський,вулиця,Зелена,,вул. Конопницька - вул. Зелена,зіткнення бокове,невиконання вимог сигналів регулювання,2,без ушкоджень,легко травмований,,,,,,,,49.833658,24.03771,,,,,,,,,,,
2021-01-03,10:27:00,неділя,місто,Львів,Сихівський,вулиця,Хуторівка,,Хуторівка - Хоткевича Г.,наїзд на пішохода - пішохід рухався у попутному напрямку,порушення правил проїзду пішохідних переходів,3,без ушкоджень,легко травмований,легко травмований,,,,,,,49.800374,24.040167,,,,,,,,,,,
2021-01-04,22:58:00,понеділок,місто,Львів,Галицький,вулиця,Листопадового Чину,26,,"наїзд на транспортний засіб, що стоїть - по ходу руху","перевищення безпечної швидкості,недодержання дистанції,керування транспортним засобом у нетверезому стані",3,легко травмований,без ушкоджень,легко травмований,,,,,,,49.838827,24.017465,,,,,,,,,,,
2021-01-03,19:40:00,неділя,місто,Львів,Сихівський,вулиця,Зелена,284,,зіткнення бокове,порушення правил маневрування,5,легко травмований,легко травмований,без ушкоджень,без ушкоджень,легко травмований,,,,,49.795782,24.072928,,,,,,,,,,,
2021-01-25,17:30:00,понеділок,місто,Львів,Шевченківський,вулиця,Грінченка Б.,,вул. Грінченка Б. - вул. Чигиринська,зіткнення бокове,порушення правил маневрування,3,без ушкоджень,без ушкоджень,легко травмований,,,,,,,49.870756,24.055059,,,,,,,,,,,
2021-01-19,14:51:00,вівторок,місто,Львів,Личаківський,вулиця,Личаківська,14,,наїзд на пішохода - пішохід рухався у попутному напрямку,"порушення правил проїзду пішохідних переходів,керування транспортним засобом у нетверезому стані",3,без ушкоджень,без ушкоджень,легко травмований,,,,,,,49.839844,24.039899,,,,,,,,,,,
2021-01-14,22:01:00,четвер,місто,Львів,Шевченківський,вулиця,Лінкольна А.,10F,,наїзд на пішохода - на нерегульованому пішохідному переході,порушення правил проїзду пішохідних переходів,2,без ушкоджень,легко травмований,,,,,,,,49.865805,24.032384,,,,,,,,,,,
2021-01-09,11:54:00,субота,місто,Львів,Шевченківський,проспект,"Чорновола В., просп.",,,наїзд на велосипедиста - велосипедист рухався у попутному напрямку,порушення правил маневрування,2,легко травмований,легко травмований,,,,,,,,49.858128,24.020598,,,,,,,,,,,
2021-01-09,15:30:00,субота,місто,Львів,Шевченківський,вулиця,Липинського В.,44,,зіткнення бокове,"керування транспортним засобом у нетверезому стані,перевищення безпечної швидкості,недодержання дистанції",3,легко травмований,без ушкоджень,без ушкоджень,,,,,,,49.863447,24.034175,,,,,,,,,,,
2021-01-12,9:01:00,вівторок,місто,Львів,Личаківський,вулиця,Круп'ярська,9,,наїзд на пішохода - пішохід рухався у попутному напрямку,порушення правил маневрування,2,без ушкоджень,легко травмований,,,,,,,,49.839353,24.056261,,,,,,,,,,,
2021-01-24,9:09:00,неділя,місто,Львів,Личаківський,вулиця,Хмельницького Б.,,,зіткнення бокове,"перевищення безпечної швидкості,недодержання дистанції",3,без ушкоджень,легко травмований,легко травмований,,,,,,,49.869774,24.057033,,,,,,,,,,,
2021-01-19,8:25:00,вівторок,місто,Львів,Сихівський,вулиця,Навроцького В.,,вул. Навроцького В. - вул. Зелена,зіткнення бокове,перевищення безпечної швидкості,2,без ушкоджень,легко травмований,,,,,,,,49.809133,24.061239,,,,,,,,,,,
2021-01-02,18:44:00,субота,місто,Львів,Франківський,вулиця,Городоцька,223,,наїзд на пішохода - пішохід рухався у попутному напрямку,порушення правил проїзду пішохідних переходів,2,без ушкоджень,легко травмований,,,,,,,,49.832301,23.979238,,,,,,,,,,,
2021-01-24,0:25:00,неділя,місто,Львів,Франківський,вулиця,"Сахарова А., акад.",27,,"наїзд на транспортний засіб, що стоїть - по ходу руху",перевищення безпечної швидкості,3,легко травмований,без ушкоджень,без ушкоджень,,,,,,,49.8231,24.01459,,,,,,,,,,,
2021-01-23,21:24:00,субота,місто,Львів,Сихівський,проспект,"Червоної Калини, просп.",80,,наїзд на пішохода - пішохід рухався у попутному напрямку,перевищення безпечної швидкості,2,без ушкоджень,легко травмований,,,,,,,,49.787713,24.05816,,,,,,,,,,,
2021-01-24,21:50:00,неділя,місто,Львів,Залізничний,вулиця,Любінська,,вул. Любінська - вул. Петлюри С.,зіткнення бокове,порушення правил проїзду перехресть,4,легко травмований,без ушкоджень,без ушкоджень,легко травмований,,,,,,49.8241,23.977339,,,,,,,,,,,
2021-01-21,16:44:00,четвер,місто,Львів,Шевченківський,вулиця,Хмельницького Б.,231,,наїзд на пішохода - пішохід рухався у попутному напрямку,перехід у невстановленому місці,2,без ушкоджень,легко травмований,,,,,,,,49.866434,24.053986,,,,,,,,,,,
2021-01-22,15:01:00,п'ятниця,місто,Львів,Франківський,вулиця,Копистинського Т.,,вул. Копистинського Т. - вул. Кульпарківська,зіткнення бокове,"порушення правил маневрування,порушення правил проїзду перехресть",2,без ушкоджень,легко травмований,,,,,,,,49.828841,23.990128,,,,,,,,,,,
2021-03-19,11:19:00,п'ятниця,місто,Львів,Франківський,вулиця,Тролейбусна,,вул. Тролейбусна - вул. Трускавецька,зіткнення бокове,порушення правил проїзду перехресть,3,без ушкоджень,без ушкоджень,легко травмований,,,,,,,49.797832,24.005148,,,,,,,,,,,
2021-03-09,19:04:00,вівторок,місто,Львів,Шевченківський,вулиця,Миколайчука І.,8,,зіткнення бокове,"керування транспортним засобом у нетверезому стані,виїзд на смугу зустрічного руху,перевищення безпечної швидкості",2,без ушкоджень,легко травмований,,,,,,,,49.871403,24.042479,,,,,,,,,,,
2021-03-13,13:30:00,субота,місто,Львів,Сихівський,вулиця,Зелена,176,,перекидання тз,перевищення безпечної швидкості,2,легко травмований,без ушкоджень,,,,,,,,49.815497,24.060447,,,,,,,,,,,
2021-03-17,10:15:00,середа,місто,Львів,Галицький,вулиця,Коперника М.,11,,наїзд на пішохода - пішохід рухався у попутному напрямку,порушення правил проїзду пішохідних переходів,2,без ушкоджень,легко травмований,,,,,,,,49.838436,24.026939,,,,,,,,,,,
2021-03-09,22:05:00,вівторок,місто,Львів,Франківський,вулиця,Копистинського Т.,,Перехрестя Копистинського Т.,зіткнення бокове,порушення правил проїзду перехресть,4,легко травмований,легко травмований,легко травмований,легко травмований,,,,,,49.829266,23.987644,,,,,,,,,,,
2021-03-10,17:45:00,середа,місто,Львів,Сихівський,вулиця,Довженка О.,,,наїзд на пішохода,порушення правил проїзду пішохідних переходів,2,без ушкоджень,легко травмований,,,,,,,,49.797296,24.052897,,,,,,,,,,,
2021-03-05,23:33:00,п'ятниця,місто,Львів,Шевченківський,вулиця,Миколайчука І.,,"вул. Миколайчука І. - вул. Мазепи І., гетьм.",наїзд на пішохода - пішохід переходив дорогу поза межами піш.переходу,"порушення правил маневрування,керування транспортним засобом у нетверезому стані",2,легко травмований,без ушкоджень,,,,,,,,49.872291,24.042206,,,,,,,,,,,
2021-03-15,9:05:00,понеділок,місто,Львів,Франківський,вулиця,Народна,5,,зіткнення бокове,порушення правил маневрування,2,без ушкоджень,легко травмований,,,,,,,,49.829568,23.987194,,,,,,,,,,,
2021-03-16,20:08:00,вівторок,місто,Львів,Залізничний,вулиця,Виговського І.,10,,наїзд на пішохода - пішохід рухався у попутному напрямку,порушення правил проїзду пішохідних переходів,2,без ушкоджень,легко травмований,,,,,,,,49.829221,23.967823,,,,,,,,,,,
2021-03-23,18:30:00,вівторок,місто,Львів,Личаківський,вулиця,Личаківська,75,,наїзд на пішохода - пішохід рухався у попутному напрямку,порушення правил проїзду пішохідних переходів,2,без ушкоджень,легко травмований,,,,,,,,49.840228,24.050365,,,,,,,,,,,
2021-03-09,21:22:00,вівторок,місто,Львів,Шевченківський,проспект,"Чорновола В., просп.",101,,наїзд на пішохода,порушення правил проїзду пішохідних переходів,2,без ушкоджень,легко травмований,,,,,,,,49.865649,24.016703,,,,,,,,,,,
2021-02-23,11:56:00,вівторок,місто,Львів,Франківський,вулиця,Княгині Ольги,100,,зіткнення бокове,перевищення безпечної швидкості,3,без ушкоджень,без ушкоджень,легко травмований,,,,,,,49.815907,24.001994,,,,,,,,,,,
2021-03-23,20:25:00,вівторок,місто,Львів,Личаківський,вулиця,Пасічна,,вул. Пасічна - вул. Лисеницька,наїзд на пішохода - пішохід рухався у попутному напрямку,порушення правил проїзду перехресть,2,без ушкоджень,легко травмований,,,,,,,,49.81652,24.077396,,,,,,,,,,,
2021-03-26,13:30:00,п'ятниця,місто,Львів,Шевченківський,вулиця,Хмельницького Б.,271,,наїзд на пішохода - на нерегульованому пішохідному переході,порушення правил проїзду пішохідних переходів,2,без ушкоджень,легко травмований,,,,,,,,49.87327,24.059597,,,,,,,,,,,
2021-03-12,4:30:00,п'ятниця,місто,Львів,Залізничний,вулиця,Сяйво,12,,наїзд на інші види перешкод,перевищення безпечної швидкості,2,без ушкоджень,легко травмований,,,,,,,,49.839041,23.978208,,,,,,,,,,,
2021-03-03,12:47:00,середа,місто,Львів,Шевченківський,вулиця,"Мазепи І., гетьм.",2,,наїзд на пішохода,порушення правил маневрування,2,без ушкоджень,легко травмований,,,,,,,,49.869968,24.028462,,,,,,,,,,,
2021-03-19,19:28:00,п'ятниця,місто,Львів,Залізничний,вулиця,Городоцька,234,,наїзд на пішохода - пішохід рухався у попутному напрямку,неочікуваний вихід на проїзну частину,2,без ушкоджень,помер на місці дтп,,,,,,,,49.826789,23.94688,,,,,,,,,,,
2021-03-14,17:50:00,неділя,місто,Львів,Шевченківський,проспект,"Чорновола В., просп.",67,,наїзд на велосипедиста - велосипедист рухався у попутному напрямку,пішоходи невиконання вимог сигналів регулювання,2,без ушкоджень,легко травмований,,,,,,,,49.859539,24.01915,,,,,,,,,,,
2021-03-13,6:29:00,субота,місто,Львів,Залізничний,вулиця,Шевченка Т.,107,,зіткнення бокове,"перевищення безпечної швидкості,керування транспортним засобом у нетверезому стані",3,без ушкоджень,легко травмований,легко травмований,,,,,,,49.850384,23.99259,,,,,,,,,,,
2021-03-27,21:44:00,субота,місто,Львів,Франківський,вулиця,Тролейбусна,13,,зіткнення бокове,"перевищення безпечної швидкості,недодержання дистанції,керування транспортним засобом у нетверезому стані",2,без ушкоджень,тяжко травмований,,,,,,,,49.796873,24.005787,,,,,,,,,,,
2021-03-22,15:30:00,понеділок,місто,Львів,Шевченківський,вулиця,"Чорновола В., просп.",63,,зіткнення бокове,"перевищення безпечної швидкості,недодержання дистанції",2,без ушкоджень,легко травмований,,,,,,,,49.858363,24.019825,,,,,,,,,,,
2021-02-21,16:45:00,неділя,місто,Львів,Личаківський,вулиця,Хмельницького Б.,275,,зіткнення лобове,порушення правил маневрування,2,легко травмований,без ушкоджень,,,,,,,,49.87421,24.06155,,,,,,,,,,,
2021-02-26,18:09:00,п'ятниця,місто,Львів,Залізничний,вулиця,Городоцька,,вул. Городоцька - вул. Каховська,зіткнення лобове,порушення правил маневрування,2,без ушкоджень,легко травмований,,,,,,,,49.826767,23.947652,,,,,,,,,,,
2021-03-17,20:30:00,середа,місто,Львів,Сихівський,вулиця,Хлібна,,вул. Хлібна - вул. Вашингтона Дж.,наїзд на пішохода - пішохід рухався у попутному напрямку,порушення правил проїзду пішохідних переходів,2,без ушкоджень,легко травмований,,,,,,,,49.815271,24.069269,,,,,,,,,,,
2021-03-02,13:39:00,вівторок,місто,Львів,Франківський,вулиця,Стрийська,202,,наїзд на пішохода,порушення правил проїзду пішохідних переходів,2,без ушкоджень,легко травмований,,,,,,,,49.79857,24.017106,,,,,,,,,,,
2021-03-17,18:30:00,середа,місто,Львів,Сихівський,вулиця,Сихівська,42,,зіткнення бокове,перевищення безпечної швидкості,2,без ушкоджень,легко травмований,,,,,,,,49.795921,24.061732,,,,,,,,,,,