accidentDate,accidentTime,accidentDay,settlementType,settlement,district,streetType,streetName,houseNumber,locationComments,accidentType,mainAccidentCause,totalParticipantsAmount,injuryStatusParticipant1,injuryStatusParticipant2,injuryStatusParticipant3,injuryStatusParticipant4,injuryStatusParticipant5,injuryStatusParticipant6,injuryStatusParticipant7,injuryStatusParticipant8,injuryStatusParticipant9,latitude,longitude,injuryStatusParticipant10,injuryStatusParticipant11,injuryStatusParticipant12,injuryStatusParticipant13,injuryStatusParticipant14,injuryStatusParticipant15,injuryStatusParticipant16,injuryStatusParticipant17,injuryStatusParticipant18,injuryStatusParticipant19,injuryStatusParticipant20
2021-11-02,13:35:00,вівторок,місто,Львів,Шевченківський,проспект,"Чорновола В., просп.",47,,наїзд на інші види перешкод,"перевищення безпечної швидкості,недодержання дистанції",1,легко травмований,,,,,,,,,49.855603,24.022057,,,,,,,,,,,
2021-10-19,15:40:00,вівторок,місто,Львів,Сихівський,вулиця,Трильовського К.,14,,зіткнення бокове,порушення правил проїзду перехресть,2,легко травмований,без ушкоджень,,,,,,,,49.783975,24.064334,,,,,,,,,,,
2021-10-28,16:39:00,четвер,місто,Львів,Личаківський,вулиця,Пасічна,51,,наїзд на пішохода,порушення правил проїзду пішохідних переходів,2,без ушкоджень,легко травмований,,,,,,,,49.827813,24.071222,,,,,,,,,,,
2021-10-21,16:35:00,четвер,місто,Львів,Шевченківський,вулиця,Шевченка Т.,358,,зіткнення бокове,порушення правил проїзду перехресть,2,легко травмований,без ушкоджень,,,,,,,,49.868526,23.952373,,,,,,,,,,,
2021-11-01,17:05:00,понеділок,місто,Львів,Залізничний,вулиця,Яворницького Д.,11,,наїзд на пішохода - пішохід рухався у попутному напрямку,перевищення безпечної швидкості,2,без ушкоджень,легко травмований,,,,,,,,49.826996,23.973729,,,,,,,,,,,
2021-11-01,20:25:00,понеділок,місто,Львів,Франківський,вулиця,Наукова,,вул. Стрийська - вул. Наукова,наїзд на пішохода - пішохід рухався у попутному напрямку,пішоходи невиконання вимог сигналів регулювання,2,без ушкоджень,легко травмований,,,,,,,,49.801932,24.017959,,,,,,,,,,,
2021-10-29,10:45:00,п'ятниця,місто,Львів,Франківський,вулиця,Наукова,96,,наїзд на пішохода - на нерегульованому пішохідному переході,перевищення безпечної швидкості,2,без ушкоджень,помер у лікарні протягом 30 діб,,,,,,,,49.805121,23.987398,,,,,,,,,,,
2021-10-15,21:10:00,п'ятниця,місто,Львів,Залізничний,вулиця,Городоцька,302,,зіткнення бокове,недодержання дистанції,3,без ушкоджень,без ушкоджень,легко травмований,,,,,,,49.8241,23.914511,,,,,,,,,,,
2021-11-02,11:05:00,вівторок,місто,Львів,Шевченківський,проспект,"Чорновола В., просп.",55,,зіткнення бокове,перевищення безпечної швидкості,3,без ушкоджень,легко травмований,без ушкоджень,,,,,,,49.85522,24.0196,,,,,,,,,,,
2021-10-17,15:50:00,неділя,місто,Львів,Франківський,вулиця,Володимира Великого,99,,наїзд на пішохода - пішохід рухався у попутному напрямку,порушення правил маневрування,2,без ушкоджень,легко травмований,,,,,,,,49.809362,23.990327,,,,,,,,,,,
2021-10-23,13:54:00,субота,місто,Львів,Личаківський,вулиця,Липова Алея,,,падіння пасажира,"порушення техніки безпеки пасажиром,порушення правил маневрування",2,без ушкоджень,легко травмований,,,,,,,,49.8224082,24.0544042,,,,,,,,,,,
2021-10-18,17:54:00,понеділок,місто,Львів,Сихівський,вулиця,Дністерcька,,,наїзд на пішохода - пішохід рухався у попутному напрямку,порушення правил маневрування,2,без ушкоджень,легко травмований,,,,,,,,49.816139,24.048488,,,,,,,,,,,
2021-10-27,14:20:00,середа,місто,Львів,Шевченківський,вулиця,Хмельницького Б.,195,,наїзд на пішохода - пішохід рухався у попутному напрямку,перевищення безпечної швидкості,2,без ушкоджень,легко травмований,,,,,,,,49.857727,24.046744,,,,,,,,,,,
2021-10-29,22:55:00,п'ятниця,місто,Львів,Залізничний,вулиця,Скнилівська,57,,наїзд на пішохода - пішохід рухався у попутному напрямку,перехід у невстановленому місці,2,без ушкоджень,легко травмований,,,,,,,,49.813152,23.974523,,,,,,,,,,,
2021-10-29,13:40:00,п'ятниця,місто,Львів,Сихівський,вулиця,Тернопільська,34,,зіткнення бокове,порушення правил маневрування,2,без ушкоджень,легко травмований,,,,,,,,49.813955,24.037056,,,,,,,,,,,
2021-10-19,16:18:00,вівторок,місто,Львів,Франківський,вулиця,"Єфремова С., акад.",32,,наїзд на пішохода - пішохід рухався у попутному напрямку,порушення правил проїзду пішохідних переходів,2,без ушкоджень,легко травмований,,,,,,,,49.832329,24.007401,,,,,,,,,,,
2021-10-22,16:40:00,п'ятниця,місто,Львів,Личаківський,вулиця,Личаківська,223,,наїзд на пішохода - пішохід рухався у попутному напрямку,порушення правил проїзду перехресть,2,без ушкоджень,легко травмований,,,,,,,,49.835834,24.074988,,,,,,,,,,,
2021-11-02,17:01:00,вівторок,місто,Львів,Шевченківський,вулиця,Хмельницького Б.,296,,наїзд на пішохода - пішохід рухався у попутному напрямку,"пішоходи невиконання вимог сигналів регулювання,неочікуваний вихід на проїзну частину",2,без ушкоджень,помер у лікарні протягом 30 діб,,,,,,,,49.873847,24.060772,,,,,,,,,,,
2021-10-23,9:16:00,субота,місто,Львів,Личаківський,вулиця,Вашингтона Дж.,11,,зіткнення бокове,порушення правил маневрування,2,без ушкоджень,легко травмований,,,,,,,,49.815769,24.071962,,,,,,,,,,,
2021-11-06,14:15:00,субота,місто,Львів,Шевченківський,вулиця,Липинського В.,11,,наїзд на пішохода - пішохід рухався у попутному напрямку,порушення правил проїзду пішохідних переходів,2,без ушкоджень,легко травмований,,,,,,,,49.857551,24.02313,,,,,,,,,,,
2021-10-28,8:01:00,четвер,місто,Львів,Шевченківський,вулиця,Грінченка Б.,13,,наїзд на пішохода,порушення правил проїзду пішохідних переходів,2,без ушкоджень,легко травмований,,,,,,,,49.872125,24.051894,,,,,,,,,,,
2021-10-19,11:01:00,вівторок,місто,Львів,Сихівський,вулиця,Мікльоша К.,,вул. Стрийська - вул. Мікльоша К.,зіткнення бокове,порушення правил маневрування,2,легко травмований,без ушкоджень,,,,,,,,49.783716,24.014225,,,,,,,,,,,
2021-10-19,19:39:00,вівторок,місто,Львів,Шевченківський,вулиця,Нагірна,4,,наїзд на пішохода - пішохід рухався у попутному напрямку,перехід у невстановленому місці,2,без ушкоджень,легко травмований,,,,,,,,49.8783,24.062247,,,,,,,,,,,
2021-10-22,19:01:00,п'ятниця,місто,Львів,Франківський,вулиця,Наукова,,,наїзд на пішохода - пішохід рухався у попутному напрямку,порушення правил маневрування,2,без ушкоджень,легко травмований,,,,,,,,49.804452,23.992252,,,,,,,,,,,
2021-10-27,13:20:00,середа,місто,Львів,Галицький,проспект,"Чорновола В., просп.",7,,падіння пасажира,порушення техніки безпеки пасажиром,2,без ушкоджень,легко травмований,,,,,,,,49.846261,24.024943,,,,,,,,,,,
2021-10-28,22:19:00,четвер,місто,Львів,Галицький,проспект,"Свободи, просп.",3,,наїзд на пішохода,порушення правил проїзду пішохідних переходів,2,без ушкоджень,легко травмований,,,,,,,,48.8871,23.29299,,,,,,,,,,,
2021-10-20,20:46:00,середа,місто,Львів,Галицький,вулиця,Стуса В.,39,,зіткнення бокове,перевищення безпечної швидкості,2,легко травмований,легко травмований,,,,,,,,49.819213,24.042007,,,,,,,,,,,
2021-10-26,16:38:00,вівторок,місто,Львів,Галицький,вулиця,Шевченка Т.,30,,наїзд на пішохода - пішохід рухався у попутному напрямку,порушення правил маневрування,2,без ушкоджень,легко травмований,,,,,,,,49.835938,24.032292,,,,,,,,,,,
2021-10-08,10:27:00,п'ятниця,місто,Львів,Шевченківський,вулиця,Брюховицька,175,,зіткнення бокове,недодержання дистанції,2,без ушкоджень,легко травмований,,,,,,,,49.873218,23.954331,,,,,,,,,,,
2021-10-08,18:01:00,п'ятниця,місто,Львів,Шевченківський,вулиця,Окуневського Т.,3,,наїзд на пішохода - стояв на проїздній частині,недодержання дистанції,2,без ушкоджень,легко травмований,,,,,,,,49.85828,24.018688,,,,,,,,,,,
2021-12-22,18:45:00,середа,місто,Львів,Сихівський,вулиця,Хуторівка,4Б,,зіткнення бокове,"перевищення безпечної швидкості,недодержання дистанції",3,без ушкоджень,без ушкоджень,легко травмований,,,,,,,49.799574,24.026923,,,,,,,,,,,
2021-12-22,14:01:00,середа,місто,Львів,Сихівський,вулиця,Навроцького В.,23,,наїзд на пішохода - пішохід рухався у попутному напрямку,порушення правил маневрування,2,без ушкоджень,легко травмований,,,,,,,,49.811324,24.052817,,,,,,,,,,,
2021-12-25,22:10:00,субота,місто,Львів,Франківський,вулиця,Наукова,29,,наїзд на інші види перешкод,порушення правил маневрування,2,без ушкоджень,легко травмований,,,,,,,,49.804375,23.993127,,,,,,,,,,,
2021-12-11,12:30:00,субота,місто,Львів,Сихівський,вулиця,Трильовського К.,,вул. Трильовського К. - вул. Антонича Б.-І.,зіткнення бокове,порушення правил проїзду перехресть,3,без ушкоджень,без ушкоджень,легко травмований,,,,,,,49.785919,24.06921,,,,,,,,,,,
2021-12-19,17:50:00,неділя,місто,Львів,Личаківський,вулиця,Мечникова І.,,вул. Мечникова І. - вул. Личаківська,наїзд на пішохода - пішохід рухався у попутному напрямку,порушення правил маневрування,2,без ушкоджень,легко травмований,,,,,,,,49.838398,24.055102,,,,,,,,,,,
2021-12-11,13:30:00,субота,місто,Львів,Личаківський,вулиця,Франка І.,35,,наїзд на пішохода - пішохід рухався у попутному напрямку,порушення правил проїзду пішохідних переходів,2,без ушкоджень,легко травмований,,,,,,,,49.833931,24.034207,,,,,,,,,,,
2021-12-20,20:09:00,понеділок,місто,Львів,Франківський,вулиця,Кульпарківська,93,,зіткнення бокове,перевищення безпечної швидкості,3,без ушкоджень,без ушкоджень,легко травмований,,,,,,,49.822972,23.989077,,,,,,,,,,,
2021-12-13,11:40:00,понеділок,місто,Львів,Галицький,вулиця,Підвальна,6,,наїзд на пішохода - пішохід рухався у попутному напрямку,"перевищення безпечної швидкості,недодержання дистанції",5,без ушкоджень,без ушкоджень,без ушкоджень,без ушкоджень,легко травмований,,,,,49.843943,24.03373,,,,,,,,,,,
2021-12-20,6:48:00,понеділок,місто,Львів,Шевченківський,вулиця,"Мазепи І., гетьм.",11,,наїзд на пішохода - пішохід рухався у попутному напрямку,порушення правил проїзду пішохідних переходів,2,без ушкоджень,легко травмований,,,,,,,,49.870635,24.032314,,,,,,,,,,,
2021-12-04,1:10:00,субота,місто,Львів,Шевченківський,вулиця,Замарстинівська,174,,зіткнення бокове,порушення правил проїзду перехресть,3,легко травмований,без ушкоджень,без ушкоджень,,,,,,,49.870725,24.019568,,,,,,,,,,,
2021-12-11,11:20:00,субота,місто,Львів,Шевченківський,вулиця,"Кучера Р., акад.",,"вул. Кучера Р., акад. - вул. Леонтовича М.",наїзд на пішохода - пішохід рухався у попутному напрямку,порушення правил маневрування,2,без ушкоджень,легко травмований,,,,,,,,49.843829,24.018302,,,,,,,,,,,
2021-12-24,12:10:00,п'ятниця,місто,Львів,Франківський,вулиця,Городоцька,233,,наїзд на пішохода - на нерегульованому пішохідному переході,порушення правил проїзду пішохідних переходів,2,без ушкоджень,легко травмований,,,,,,,,49.831921,23.97544,,,,,,,,,,,
2021-12-13,10:26:00,понеділок,місто,Львів,Франківський,вулиця,Народна,10,,зіткнення бокове,перевищення безпечної швидкості,2,без ушкоджень,легко травмований,,,,,,,,49.832184,23.983975,,,,,,,,,,,
2021-12-23,15:10:00,четвер,місто,Львів,Сихівський,вулиця,Тернопільська,9,,наїзд на пішохода - пішохід рухався у попутному напрямку,порушення правил маневрування,2,без ушкоджень,легко травмований,,,,,,,,49.816157,24.040725,,,,,,,,,,,
2021-12-03,13:01:00,п'ятниця,місто,Львів,Шевченківський,вулиця,Клепарівська,24,,наїзд на пішохода - на нерегульованому пішохідному переході,порушення правил маневрування,2,без ушкоджень,легко травмований,,,,,,,,49.850114,24.015073,,,,,,,,,,,
2021-12-18,19:30:00,субота,місто,Львів,Шевченківський,вулиця,Варшавська,,вул. Варшавська - вул. Замарстинівська,наїзд на пішохода - пішохід рухався у попутному напрямку,порушення правил проїзду пішохідних переходів,2,без ушкоджень,легко травмований,,,,,,,,49.870936,24.019042,,,,,,,,,,,
2021-12-03,22:47:00,п'ятниця,місто,Львів,Шевченківський,вулиця,Лінкольна А.,6А,,зіткнення бокове,перевищення безпечної швидкості,3,без ушкоджень,без ушкоджень,легко травмований,,,,,,,49.864429,24.028918,,,,,,,,,,,
2021-12-03,19:57:00,п'ятниця,місто,Львів,Залізничний,вулиця,Бортнянського Д.,58,,наїзд на пішохода,"порушення правил проїзду пішохідних переходів,керування транспортним засобом у нетверезому стані",2,без ушкоджень,легко травмований,,,,,,,,49.845638,23.99803,,,,,,,,,,,
2021-12-15,11:27:00,середа,місто,Львів,Личаківський,вулиця,Грицька Чубая,,,наїзд на пішохода - пішохід рухався у попутному напрямку,порушення правил проїзду пішохідних переходів,2,без ушкоджень,легко травмований,,,,,,,,49.834955,24.040328,,,,,,,,,,,
2021-12-16,19:42:00,четвер,місто,Львів,Франківський,вулиця,Городоцька,187,,наїзд на пішохода - пішохід рухався у попутному напрямку,порушення правил проїзду пішохідних переходів,2,без ушкоджень,легко травмований,,,,,,,,49.834561,23.990471,,,,,,,,,,,
2021-12-10,22:20:00,п'ятниця,місто,Львів,Сихівський,вулиця,Сихівська,46,,наїзд на інші види перешкод,перевищення безпечної швидкості,1,легко травмований,,,,,,,,,49.793923,24.060423,,,,,,,,,,,
2021-12-24,20:55:00,п'ятниця,місто,Львів,Галицький,вулиця,Руставелі Ш.,,вул. Руставелі Ш. - вул. Франка І.,зіткнення,"порушення правил маневрування,недодержання дистанції",2,легко травмований,без ушкоджень,,,,,,,,49.829344,24.032113,,,,,,,,,,,
2021-12-27,12:10:00,понеділок,місто,Львів,Франківський,вулиця,Кульпарківська,,вул. Кульпарківська - вул. Наукова,наїзд на пішохода - пішохід рухався у попутному напрямку,порушення правил проїзду пішохідних переходів,2,без ушкоджень,легко травмований,,,,,,,,49.805754,23.981802,,,,,,,,,,,
2021-12-19,17:01:00,неділя,місто,Львів,Сихівський,вулиця,Стуса В.,38,,зіткнення бокове,"недодержання дистанції,порушення правил маневрування",2,без ушкоджень,легко травмований,,,,,,,,49.815322,24.044899,,,,,,,,,,,
2021-12-06,16:55:00,понеділок,місто,Львів,Личаківський,вулиця,Хмельницького Б.,192Б,,наїзд на пішохода - пішохід рухався у попутному напрямку,"порушення правил проїзду пішохідних переходів,керування транспортним засобом у нетверезому стані",2,без ушкоджень,легко травмований,,,,,,,,49.866175,24.054855,,,,,,,,,,,
2021-12-20,17:32:00,понеділок,місто,Львів,Личаківський,вулиця,Богданівська,44,,зіткнення бокове,"перевищення безпечної швидкості,керування транспортним засобом у нетверезому стані",4,легко травмований,без ушкоджень,без ушкоджень,без ушкоджень,,,,,,49.856371,24.074714,,,,,,,,,,,
2021-12-19,16:45:00,неділя,місто,Львів,Залізничний,вулиця,Шевченка Т.,111,,наїзд на пішохода - пішохід рухався у попутному напрямку,порушення правил проїзду пішохідних переходів,2,без ушкоджень,легко травмований,,,,,,,,49.85046,23.991416,,,,,,,,,,,
2021-12-23,13:30:00,четвер,місто,Львів,Шевченківський,вулиця,Шевченка Т.,374,,наїзд на пішохода - пішохід рухався у попутному напрямку,порушення правил проїзду пішохідних переходів,2,без ушкоджень,легко травмований,,,,,,,,49.869695,23.948833,,,,,,,,,,,
2021-12-09,15:01:00,четвер,місто,Львів,Франківський,вулиця,"Чупринки Т., ген.",58,,наїзд на пішохода - пішохід рухався у попутному напрямку,перехід у невстановленому місці,2,без ушкоджень,легко травмований,,,,,,,,49.831076,24.00922,,,,,,,,,,,
2021-12-15,11:25:00,середа,місто,Львів,Залізничний,вулиця,Виговського І.,,вул. Виговського І. - вул. Кульчицької О.,зіткнення бокове,порушення правил проїзду перехресть,4,без ушкоджень,без ушкоджень,легко травмований,легко травмований,,,,,,49.817122,23.971846,,,,,,,,,,,
2021-12-22,8:45:00,середа,місто,Львів,Залізничний,вулиця,Любінська,152,,наїзд на пішохода - пішохід рухався у попутному напрямку,перехід у невстановленому місці,2,без ушкоджень,легко травмований,,,,,,,,49.820002,23.965205,,,,,,,,,,,
2021-12-26,23:23:00,неділя,місто,Львів,Залізничний,вулиця,Сяйво,23,,наїзд на інші види перешкод,перевищення безпечної швидкості,1,легко травмований,,,,,,,,,49.837121,23.976755,,,,,,,,,,,
2021-12-11,12:23:00,субота,місто,Львів,Франківський,вулиця,Кондукторська,,вул. Городоцька - вул. Кондукторська,наїзд на пішохода - пішохід рухався у попутному напрямку,порушення правил проїзду пішохідних переходів,2,без ушкоджень,легко травмований,,,,,,,,49.832626,23.979785,,,,,,,,,,,
2021-12-24,17:44:00,п'ятниця,місто,Львів,Сихівський,вулиця,Навроцького В.,25,,наїзд на пішохода - пішохід переходив дорогу поза межами піш.переходу,перехід у невстановленому місці,2,без ушкоджень,легко травмований,,,,,,,,49.811065,24.052554,,,,,,,,,,,
2021-12-16,18:48:00,четвер,місто,Львів,Личаківський,вулиця,Поліська,2,,наїзд на пішохода - пішохід рухався у попутному напрямку,перехід у невстановленому місці,2,без ушкоджень,легко травмований,,,,,,,,49.874307,24.064656,,,,,,,,,,,
2021-12-16,21:17:00,четвер,місто,Львів,Галицький,вулиця,Городоцька,125,,наїзд на пішохода - пішохід рухався у попутному напрямку,перехід у невстановленому місці,2,без ушкоджень,легко травмований,,,,,,,,49.83763,24.005958,,,,,,,,,,,
2021-12-06,1:01:00,понеділок,місто,Львів,Личаківський,вулиця,Личаківська,44,,наїзд на пішохода - на регульованому пішохідному переході,перехід у невстановленому місці,2,без ушкоджень,легко травмований,,,,,,,,49.840428,24.047581,,,,,,,,,,,
2021-12-20,10:10:00,понеділок,місто,Львів,Шевченківський,вулиця,"Мазепи І., гетьм.",26,,наїзд на пішохода - на нерегульованому пішохідному переході,перевищення безпечної швидкості,2,без ушкоджень,легко травмований,,,,,,,,49.871973,24.040661,,,,,,,,,,,
2021-07-29,13:44:00,четвер,місто,Винники,Личаківський,,,,,наїзд на пішохода - пішохід рухався у попутному напрямку,порушення правил маневрування,2,без ушкоджень,легко травмований,,,,,,,,,,,,,,,,,,,,
2021-12-13,21:30:00,понеділок,місто,Винники,Личаківський,,,,Тютюнова фабрика,наїзд на пішохода - пішохід рухався у попутному напрямку,порушення правил маневрування,2,без ушкоджень,легко травмований,,,,,,,,49.810518,24.136963,,,,,,,,,,,
2021-02-05,10:01:00,п'ятниця,місто,Винники,Личаківський,вулиця,Галицька,,,наїзд на пішохода - пішохід рухався у попутному напрямку,порушення правил проїзду пішохідних переходів,2,без ушкоджень,тяжко травмований,,,,,,,,49.816762,24.136491,,,,,,,,,,,
2021-04-10,11:44:00,субота,місто,Винники,Личаківський,вулиця,Галицька,24,,наїзд на пішохода - пішохід рухався у зустрічному напрямку,порушення правил маневрування,2,без ушкоджень,тяжко травмований,,,,,,,,49.816859,24.137735,,,,,,,,,,,
2021-03-04,21:08:00,четвер,місто,Винники,Личаківський,вулиця,Галицька,18,,наїзд на пішохода,перехід у невстановленому місці,2,без ушкоджень,легко травмований,,,,,,,,49.816849,24.136534,,,,,,,,,,,
2021-07-17,16:05:00,субота,місто,Винники,Личаківський,вулиця,Галицька,84,,зіткнення бокове,"перевищення безпечної швидкості, недодержання дистанції",3,легко травмований,без ушкоджень,легко травмований,,,,,,,49.817711,24.155288,,,,,,,,,,,
2021-07-13,14:14:00,вівторок,місто,Винники,Личаківський,вулиця,Галицька,59,,зіткнення бокове,порушення правил проїзду перехресть,2,без ушкоджень,легко травмований,,,,,,,,49.81733,24.14414,,,,,,,,,,,
2021-10-16,19:25:00,субота,місто,Винники,Личаківський,вулиця,Галицька,44,,зіткнення бокове,порушення правил маневрування,3,без ушкоджень,без ушкоджень,легко травмований,,,,,,,49.817313,24.144194,,,,,,,,,,,
2021-10-30,10:50:00,субота,місто,Винники,Личаківський,вулиця,Галицька,61,,зіткнення бокове,"перевищення безпечної швидкості, недодержання дистанції",4,без ушкоджень,без ушкоджень,без ушкоджень,легко травмований,,,,,,49.817479,24.146066,,,,,,,,,,,
2021-05-18,12:48:00,вівторок,місто,Винники,Личаківський,вулиця,Кільцева,1,,наїзд на пішохода - пішохід рухався у зустрічному напрямку,порушення правил маневрування,2,легко травмований,легко травмований,,,,,,,,49.806474,24.15282,,,,,,,,,,,
2021-07-28,11:26:00,середа,місто,Винники,Личаківський,вулиця,Шевченка,3,,наїзд на велосипедиста - поза межами велосипедної доріжки,недодержання дистанції,2,без ушкоджень,легко травмований,,,,,,,,49.815388,24.136071,,,,,,,,,,,
2021-04-27,15:01:00,вівторок,селище,Брюховичі,Шевченківський,,,,,наїзд на пішохода - пішохід рухався у зустрічному напрямку,порушення правил маневрування,2,без ушкоджень,легко травмований,,,,,,,,49.904406,24.089134,,,,,,,,,,,
2021-04-12,13:32:00,понеділок,селище,Брюховичі,Шевченківський,вулиця,Володимира Великого,22,,наїзд на пішохода - пішохід переходив дорогу поза межами піш.переходу,неочікуваний вихід на проїзну частину,2,без ушкоджень,легко травмований,,,,,,,,49.892768,24.090781,,,,,,,,,,,
2021-02-08,12:40:00,понеділок,селище,Брюховичі,Шевченківський,вулиця,Київська,2А,,наїзд на пішохода - пішохід рухався у попутному напрямку,порушення правил маневрування,2,без ушкоджень,помер у лікарні протягом 30 діб,,,,,,,,49.891704,24.091167,,,,,,,,,,,
2021-10-19,19:10:00,вівторок,селище,Брюховичі,Шевченківський,вулиця,Центральна,,,наїзд на пішохода - стояв на проїздній частині,неочікуваний вихід на проїзну частину,2,без ушкоджень,легко травмований,,,,,,,,49.499462,23.425083,,,,,,,,,,,
2021-05-16,22:14:00,неділя,селище,Рудне,Залізничний,вулиця,Вербицького,,,наїзд на інші види перешкод,перевищення безпечної швидкості,1,легко травмований,,,,,,,,,49.839754,23.874836,,,,,,,,,,,
2021-08-07,9:49:00,субота,селище,Рудне,Залізничний,вулиця,Грушевського М.,120,,наїзд на велосипедиста - поза межами велосипедної доріжки,порушення правил проїзду перехресть,2,без ушкоджень,легко травмований,,,,,,,,49.838453,23.86386,,,,,,,,,,,
2021-09-05,0:16:00,неділя,селище,Рудне,Залізничний,вулиця,Грушевського М.,88,,наїзд на інші види перешкод,перевищення безпечної швидкості,1,помер по дорозі в лікарню,,,,,,,,,49.83818,23.8693,,,,,,,,,,,
2021-05-10,6:01:00,понеділок,селище,Брюховичі,Шевченківський,,,,,перекидання тз,перевищення безпечної швидкості,1,легко травмований,,,,,,,,,49.903563,23.950238,,,,,,,,,,,
2021-04-10,15:45:00,субота,селище,Брюховичі,Шевченківський,вулиця,Володимира Івасюка,4,,наїзд на пішохода - пішохід рухався у попутному напрямку,"недодержання дистанції, керування транспортним засобом у нетверезому стані",2,без ушкоджень,легко травмований,,,,,,,,49.830761,24.046315,,,,,,,,,,,
2021-10-05,14:30:00,вівторок,селище,Брюховичі,Шевченківський,вулиця,Замарстинівська,274,,зіткнення з задньою частиною тз,недодержання дистанції,2,без ушкоджень,легко травмований,,,,,,,,49.877553,24.004017,,,,,,,,,,,
2021-02-17,8:11:00,середа,селище,Брюховичі,Шевченківський,вулиця,Львівська,4,,наїзд на інші види перешкод,"перевтома, сон за кермом",1,легко травмований,,,,,,,,,49.912421,23.965087,,,,,,,,,,,
2021-09-12,23:01:00,неділя,селище,Брюховичі,Шевченківський,вулиця,Львівська,,вул. Львівська - вул. За Мостом,наїзд на пішохода - пішохід рухався у попутному напрямку,"неочікуваний вихід на проїзну частину, перехід у невстановленому місці",2,без ушкоджень,тяжко травмований,,,,,,,,,,,,,,,,,,,,
2021-12-17,18:40:00,п'ятниця,селище,Брюховичі,Шевченківський,вулиця,Львівська,,,наїзд на пішохода - пішохід рухався у попутному напрямку,перехід у невстановленому місці,2,без ушкоджень,помер у лікарні протягом 30 діб,,,,,,,,49.910666,23.964958,,,,,,,,,,,
2021-01-21,18:20:00,четвер,селище,Брюховичі,Шевченківський,вулиця,Незалежності України,,вул. Незалежності УКРАЇНИ - вул. Сухомлинського В.,наїзд на пішохода - пішохід рухався у попутному напрямку,"порушення правил проїзду пішохідних переходів, порушення правил маневрування",2,без ушкоджень,легко травмований,,,,,,,,49.901974,23.941526,,,,,,,,,,,
2021-09-10,16:50:00,п'ятниця,селище,Брюховичі,Шевченківський,вулиця,Незалежності України,2,,зіткнення бокове,порушення правил маневрування,2,без ушкоджень,легко травмований,,,,,,,,49.90649,23.935003,,,,,,,,,,,
2021-06-27,12:21:00,неділя,селище,Брюховичі,Шевченківський,вулиця,Чебуречна,,,наїзд на велосипедиста - поза межами велосипедної доріжки,недодержання дистанції,2,без ушкоджень,легко травмований,,,,,,,,49.905875,23.956608,,,,,,,,,,,
2021-06-08,8:20:00,вівторок,село,Малехів,Шевченківський,вулиця,Жовківська,1,,зіткнення з задньою частиною тз,"перевищення безпечної швидкості, недодержання дистанції",3,легко травмований,без ушкоджень,без ушкоджень,,,,,,,49.852141,24.032266,,,,,,,,,,,
2021-10-02,18:40:00,субота,село,Малехів,Шевченківський,вулиця,Київська,,,зіткнення бокове,"перевищення безпечної швидкості, недодержання дистанції",4,без ушкоджень,легко травмований,легко травмований,легко травмований,,,,,,49.879994,24.068449,,,,,,,,,,,
2021-12-30,18:20:00,четвер,село,Малехів,Шевченківський,вулиця,Київська,,,зіткнення бокове,перевищення безпечної швидкості,4,легко травмований,без ушкоджень,легко травмований,легко травмований,,,,,,49.879206,24.066839,,,,,,,,,,,
2021-01-10,23:42:00,неділя,село,Малехів,Шевченківський,вулиця,Київська,,,наїзд на інші види перешкод,керування транспортним засобом у нетверезому стані,3,легко травмований,легко травмований,легко травмований,,,,,,,49.892146,24.091923,,,,,,,,,,,
2021-03-07,16:01:00,неділя,село,Малехів,Шевченківський,вулиця,Київська,13,,зіткнення бокове,"виїзд на смугу зустрічного руху, керування транспортним засобом у нетверезому стані",3,без ушкоджень,без ушкоджень,легко травмований,,,,,,,49.889471,24.089493,,,,,,,,,,,
2021-03-11,15:23:00,четвер,село,Малехів,Шевченківський,вулиця,Київська,6,,зіткнення бокове,порушення правил маневрування,2,без ушкоджень,легко травмований,,,,,,,,49.891514,24.092331,,,,,,,,,,,
2021-07-09,14:25:00,п'ятниця,село,Малехів,Шевченківський,вулиця,Київська,,Перехрестя вул. Київська - вул. Франка І.,зіткнення бокове,"порушення правил обгону, порушення правил маневрування",3,легко травмований,без ушкоджень,без ушкоджень,,,,,,,49.891814,24.090443,,,,,,,,,,,
2021-12-08,18:23:00,середа,село,Малехів,Шевченківський,вулиця,Київська,7,,наїзд на пішохода - пішохід рухався у попутному напрямку,порушення правил проїзду пішохідних переходів,2,без ушкоджень,легко травмований,,,,,,,,49.87998,24.068727,,,,,,,,,,,
2021-09-12,8:40,неділя,село,Лисиничі,Личаківський,вулиця,Глинянський Тракт,25,,наїзд на інші види перешкод,перевищення безпечної швидкості,1,легко травмований,,,,,,,,,49.84203,24.141517,,,,,,,,,,,
2021-12-20,18:01,понеділок,село,Підбірці,Личаківський,вулиця,Глинянський Тракт,,,наїзд на пішохода - пішохід рухався у попутному напрямку,недодержання дистанції,2,без ушкоджень,помер у лікарні протягом 30 діб,,,,,,,,49.843117,24.133637,,,,,,,,,,,