accidentDate,accidentTime,accidentDay,settlementType,settlement,district,streetType,streetName,houseNumber,locationComments,accidentType,mainAccidentCause,totalParticipantsAmount,injuryStatusParticipant1,injuryStatusParticipant2,injuryStatusParticipant3,injuryStatusParticipant4,injuryStatusParticipant5,injuryStatusParticipant6,injuryStatusParticipant7,injuryStatusParticipant8,injuryStatusParticipant9,latitude,longitude,injuryStatusParticipant10,injuryStatusParticipant11,injuryStatusParticipant12,injuryStatusParticipant13,injuryStatusParticipant14,injuryStatusParticipant15,injuryStatusParticipant16,injuryStatusParticipant17,injuryStatusParticipant18,injuryStatusParticipant19,injuryStatusParticipant20
2021-11-15,2:50,понеділок,село,Підбірці,Личаківський,вулиця,Залізнична,,вул. Залізнична - вул. Спортивна,наїзд на інші види перешкод,"керування транспортним засобом у нетверезому стані, порушення правил маневрування, перевищення безпечної швидкості, недодержання дистанції",2,легко травмований,без ушкоджень,,,,,,,,49.846175,24.147177,,,,,,,,,,,
2021-06-11,17:30:00,п'ятниця,село,Рясне-Руське,Залізничний,,,,,наїзд на пішохода - пішохід рухався у попутному напрямку,порушення правил маневрування,2,легко травмований,без ушкоджень,,,,,,,,49.873896,23.890543,,,,,,,,,,,
2021-03-29,20:15:00,понеділок,село,Рясне-Руське,Залізничний,вулиця,Володимира Великого,1,,наїзд на інші види перешкод,перевищення безпечної швидкості,1,легко травмований,,,,,,,,,49.836176,23.875313,,,,,,,,,,,
2021-11-08,22:19:00,понеділок,село,Рясне-Руське,Залізничний,вулиця,Залізнична,35,,зіткнення бокове,недодержання дистанції,3,тяжко травмований,помер на місці дтп,тяжко травмований,,,,,,,49.836765,23.870072,,,,,,,,,,,
2021-07-01,0:05:00,четвер,село,Рясне-Руське,Залізничний,вулиця,Озерна,1,,наїзд на інші види перешкод,"перевищення безпечної швидкості, недодержання дистанції",3,помер на місці дтп,легко травмований,легко травмований,,,,,,,49.880986,23.902841,,,,,,,,,,,
2021-04-30,11:50:00,п'ятниця,село,Рясне-Руське,Залізничний,вулиця,Торгова,,,зіткнення бокове,порушення правил маневрування,3,легко травмований,без ушкоджень,без ушкоджень,,,,,,,49.87365,23.903419,,,,,,,,,,,
2021-07-02,17:30,п'ятниця,село,Гряда,Шевченківський,вулиця,Горішня,,,наїзд на пішохода - пішохід рухався у зустрічному напрямку,порушення правил маневрування,2,без ушкоджень,легко травмований,,,,,,,,49.934097,24.051347,,,,,,,,,,,
2021-02-06,23:01,субота,село,Гряда,Шевченківський,вулиця,Т. Шевченка,44,,наїзд на пішохода - пішохід рухався у попутному напрямку,порушення правил маневрування,2,без ушкоджень,легко травмований,,,,,,,,49.935643,24.041219,,,,,,,,,,,
2021-01-07,23:52,четвер,село,Зашків,Шевченківський,вулиця,Коновальця Є.,,,наїзд на пішохода - пішохід рухався у зустрічному напрямку,"неочікуваний вихід на проїзну частину, пішохід у нетверезому стані",2,без ушкоджень,тяжко травмований,,,,,,,,49.885759,24.076774,,,,,,,,,,,
2021-07-25,16:41,неділя,село,Зашків,Шевченківський,вулиця,Центральна,,,перекидання тз,перевищення безпечної швидкості,1,тяжко травмований,,,,,,,,,49.731193,24.732542,,,,,,,,,,,
2021-11-08,0:30,понеділок,село,Малі Підліски,Шевченківський,,,,,накїзд на інші види перешкод,перевищення безпечної швидкості,1,легко травмований,,,,,,,,,49.921609,24.161339,,,,,,,,,,,
2021-11-08,2:46,понеділок,село,Малі Підліски,Шевченківський,вулиця,В. Чорновола,,,падіння пасажира,перевищення безпечної швидкості,2,без ушкоджень,легко травмований,,,,,,,,49.922853,24.158356,,,,,,,,,,,
2022-01-07,22:05:00,п'ятниця,місто,Львів,Шевченківський,вулиця,Винниця,2б,,зіткнення бокове,порушення правил маневрування,5,без ушкоджень,без ушкоджень,легко травмований,легко травмований,легко травмований,,,,,49.861673,24.000739,,,,,,,,,,,
2022-01-03,17:08:00,понеділок,місто,Львів,Личаківський,вулиця,Богданівська,11,,наїзд на пішохода - пішохід рухався у попутному напрямку,порушення правил проїзду пішохідних переходів,2,без ушкоджень,легко травмований,,,,,,,,49.857288,24.07215,,,,,,,,,,,
2022-01-04,18:10:00,вівторок,місто,Львів,Франківський,вулиця,Кондукторська,,вул. Городоцька - вул. Кондукторська,наїзд на пішохода - пішохід рухався у попутному напрямку,порушення правил проїзду пішохідних переходів,2,без ушкоджень,легко травмований,,,,,,,,49.83264,23.979807,,,,,,,,,,,
2022-01-16,3:01:00,неділя,місто,Львів,Личаківський,вулиця,Личаківська,232,,наїзд на пішохода - пішохід рухався у попутному напрямку,порушення правил маневрування,2,без ушкоджень,легко травмований,,,,,,,,49.831844,24.091934,,,,,,,,,,,
2022-01-12,10:31:00,середа,місто,Львів,Шевченківський,вулиця,Панча П.,26,,наїзд на пішохода - пішохід рухався у попутному напрямку,порушення правил проїзду пішохідних переходів,2,без ушкоджень,легко травмований,,,,,,,,49.862146,24.008222,,,,,,,,,,,
2022-01-16,15:01:00,неділя,місто,Львів,Залізничний,площа,"Двірцева, пл.",1,,наїзд на пішохода - пішохід рухався у попутному напрямку,порушення правил маневрування,2,без ушкоджень,легко травмований,,,,,,,,49.839733,23.994505,,,,,,,,,,,
2022-01-12,17:15:00,середа,село,Рясне-Руське,Залізничний,,,,,зіткнення бокове,виїзд на смугу зустрічного руху,2,легко травмований,легко травмований,,,,,,,,49.8773634,23.8896281,,,,,,,,,,,
2022-01-09,17:15:00,неділя,місто,Львів,Галицький,вулиця,Козельницька,2,,наїзд на інші види перешкод,порушення правил маневрування,2,без ушкоджень,легко травмований,,,,,,,,49.817898,24.02445,,,,,,,,,,,
2022-01-01,19:41:00,субота,місто,Львів,Сихівський,вулиця,Дністерcька,4,,наїзд на пішохода - пішохід рухався у попутному напрямку,порушення правил маневрування,2,без ушкоджень,легко травмований,,,,,,,,49.818303,24.05684,,,,,,,,,,,
2022-01-03,21:01:00,понеділок,місто,Львів,Шевченківський,вулиця,Опришківська,,вул. Опришківська - вул. Хмельницького Б.,зіткнення бокове,порушення правил проїзду перехресть,2,без ушкоджень,легко травмований,,,,,,,,49.85366,24.041101,,,,,,,,,,,
2022-01-17,7:34:00,понеділок,місто,Львів,Галицький,вулиця,Шептицьких,,,наїзд на пішохода - пішохід переходив дорогу поза межами піш.переходу,порушення правил проїзду пішохідних переходів,2,без ушкоджень,легко травмований,,,,,,,,49.836695,24.006194,,,,,,,,,,,
2022-01-19,16:23:00,середа,місто,Львів,Личаківський,вулиця,Руставелі Ш.,4,,падіння пасажира,перевищення безпечної швидкості,2,без ушкоджень,легко травмований,,,,,,,,49.833893,24.035391,,,,,,,,,,,
2022-01-19,19:05:00,середа,місто,Львів,Галицький,вулиця,Листопадового Чину,14,,"наїзд на транспортний засіб, що стоїть - по ходу руху",недодержання дистанції,3,без ушкоджень,без ушкоджень,легко травмований,,,,,,,49.840145,24.020013,,,,,,,,,,,
2022-01-14,14:05:00,п'ятниця,місто,Львів,Франківський,вулиця,Володимира Великого,,вул. Володимира Великого - вул. Янева В.,зіткнення бокове,порушення правил проїзду перехресть,4,легко травмований,легко травмований,легко травмований,легко травмований,,,,,,49.808968,24.011826,,,,,,,,,,,
2022-01-07,21:20:00,п'ятниця,місто,Львів,Франківський,вулиця,Княгині Ольги,5а,,зіткнення бокове,порушення правил маневрування,2,без ушкоджень,легко травмований,,,,,,,,49.822376,24.007627,,,,,,,,,,,
2022-01-01,7:47:00,субота,місто,Львів,Шевченківський,проспект,"Чорновола В., просп.",93,,зіткнення бокове,"перевищення безпечної швидкості, недодержання дистанції, керування транспортним засобом у нетверезому стані",2,без ушкоджень,легко травмований,,,,,,,,49.862613,24.018323,,,,,,,,,,,
2022-01-05,17:30:00,середа,місто,Львів,Шевченківський,вулиця,Городницька,,вул. Городницька - вул. Липинського В.,зіткнення бокове,порушення правил маневрування,4,без ушкоджень,без ушкоджень,без ушкоджень,легко травмований,,,,,,49.865314,24.045575,,,,,,,,,,,
2022-01-04,17:20:00,вівторок,місто,Львів,Шевченківський,вулиця,Лушпинського О.,,вул. Лушпинського О. - вул. Шевченка Т.,наїзд на пішохода - пішохід рухався у попутному напрямку,порушення правил маневрування,2,без ушкоджень,легко травмований,,,,,,,,49.8666108,23.95627502,,,,,,,,,,,
2022-01-17,19:30:00,понеділок,місто,Львів,Франківський,вулиця,Трускавецька,2б,,зіткнення бокове,перевищення безпечної швидкості,2,без ушкоджень,легко травмований,,,,,,,,49.798191,24.010373,,,,,,,,,,,
2022-01-15,18:38:00,субота,місто,Львів,Залізничний,вулиця,Левандівська,,вул. Левандівська - вул. Шевченка Т.,наїзд на пішохода - пішохід рухався у попутному напрямку,перевищення безпечної швидкості,2,без ушкоджень,легко травмований,,,,,,,,49.849288,23.995814,,,,,,,,,,,
2022-01-15,7:15:00,субота,місто,Львів,Франківський,вулиця,Симоненка В.,,вул. Симоненка В. - вул. Наукова,наїзд на пішохода - пішохід рухався у попутному напрямку,перевищення безпечної швидкості,2,без ушкоджень,легко травмований,,,,,,,,49.805173,23.986652,,,,,,,,,,,
2022-01-14,7:20:00,п'ятниця,місто,Львів,Шевченківський,вулиця,Липинського В.,54б,,наїзд на пішохода - стояв на проїздній частині,"порушення правил проїзду пішохідних переходів, порушення правил проїзду перехресть",2,без ушкоджень,легко травмований,,,,,,,,49.865259,24.04497,,,,,,,,,,,
2022-01-11,22:01:00,вівторок,місто,Львів,Личаківський,вулиця,Личаківська,150,,наїзд на пішохода - пішохід рухався у попутному напрямку,порушення правил маневрування,2,без ушкоджень,легко травмований,,,,,,,,49.835803,24.069677,,,,,,,,,,,
2022-01-22,19:40:00,субота,місто,Львів,Шевченківський,вулиця,Шевченка Т.,60,,наїзд на пішохода - стояв на проїздній частині,"порушення правил маневрування, керування транспортним засобом у нетверезому стані",2,без ушкоджень,легко травмований,,,,,,,,49.844964,24.00959,,,,,,,,,,,
2022-01-14,7:30:00,п'ятниця,місто,Львів,Залізничний,вулиця,Любінська,,вул. Любінська - вул. Зоряна,"наїзд на дорожний знак, бордюрний камінь",порушення правил маневрування,1,помер на місці дтп,,,,,,,,,49.825086,23.979263,,,,,,,,,,,
2022-01-21,9:07:00,п'ятниця,місто,Львів,Шевченківський,вулиця,Бетховена Л.,,вул. Бетховена Л. - вул. Липинського В.,зіткнення бокове,порушення правил проїзду перехресть,2,без ушкоджень,легко травмований,,,,,,,,49.863433,24.034073,,,,,,,,,,,
2022-01-05,14:48:00,середа,місто,Львів,Личаківський,вулиця,Богданівська,44,,наїзд на пішохода - пішохід рухався у попутному напрямку,порушення правил проїзду пішохідних переходів,2,без ушкоджень,легко травмований,,,,,,,,49.855303,24.075733,,,,,,,,,,,
2022-01-23,19:30:00,неділя,місто,Львів,Залізничний,вулиця,Городоцька,224,,наїзд на пішохода - пішохід рухався у попутному напрямку,перехід у невстановленому місці,2,без ушкоджень,легко травмований,,,,,,,,49.827789,23.951386,,,,,,,,,,,
2022-01-02,1:30:00,неділя,місто,Львів,Галицький,площа,"Данила Галицького, пл.",2,,наїзд на пішохода - стояв на проїздній частині,порушення правил маневрування,2,без ушкоджень,легко травмований,,,,,,,,49.8445228,24.0320051,,,,,,,,,,,
2022-05-22,12:28:00,неділя,місто,Львів,Сихівський,вулиця,Трильовського К.,33,,зіткнення бокове,порушення правил маневрування,3,без ушкоджень,без ушкоджень,легко травмований,,,,,,,49.782113,24.065364,,,,,,,,,,,
2022-02-24,9:08:00,четвер,місто,Львів,Галицький,вулиця,Бандери С.,87,,зіткнення бокове,порушення правил маневрування,2,без ушкоджень,легко травмований,,,,,,,,49.835474,24.005325,,,,,,,,,,,
2022-03-23,15:46:00,середа,місто,Львів,Залізничний,вулиця,Городоцька,190,,зіткнення бокове,порушення правил маневрування,2,легко травмований,легко травмований,,,,,,,,49.829841,23.963827,,,,,,,,,,,
2022-05-28,14:46:00,субота,місто,Львів,Франківський,вулиця,Федьковича Ю.,6,,наїзд на пішохода - пішохід на тротуарі чи велосипедній доріжці,порушення правил маневрування,2,без ушкоджень,тяжко травмований,,,,,,,,49.836073,24.004553,,,,,,,,,,,
2022-04-16,11:10:00,субота,місто,Львів,Галицький,вулиця,Підвальна,13,,наїзд на пішохода - пішохід переходив дорогу поза межами піш.переходу,перехід у невстановленому місці,2,без ушкоджень,легко травмований,,,,,,,,49.843009,24.034975,,,,,,,,,,,
2022-04-30,12:15:00,субота,місто,Львів,Шевченківський,вулиця,Клепарівська,28,,наїзд на пішохода - на нерегульованому пішохідному переході,"порушення правил обгону, порушення правил проїзду пішохідних переходів",2,без ушкоджень,легко травмований,,,,,,,,49.851252,24.015003,,,,,,,,,,,
2022-05-29,20:43:00,неділя,місто,Львів,Личаківський,вулиця,Хмельницького Б.,225,,падіння пасажира,порушення правил маневрування,3,без ушкоджень,легко травмований,легко травмований,,,,,,,49.863697,24.052221,,,,,,,,,,,
2022-05-22,14:04:00,неділя,місто,Львів,Залізничний,вулиця,Городоцька,321,,зіткнення бокове,порушення правил маневрування,2,без ушкоджень,легко травмований,,,,,,,,49.826816,23.947577,,,,,,,,,,,
2022-05-15,21:54:00,неділя,село,Підбірці,Личаківський,вулиця,Сонячна,,вул. Тракт Глинянський,зіткнення бокове,порушення правил маневрування,2,без ушкоджень,тяжко травмований,,,,,,,,49.843269,24.130939,,,,,,,,,,,
2022-05-04,18:02:00,середа,місто,Львів,Франківський,вулиця,Володимира Великого,54,,зіткнення бокове,порушення техніки безпеки пасажиром,4,без ушкоджень,без ушкоджень,без ушкоджень,легко травмований,,,,,,49.811629,23.988009,,,,,,,,,,,
2022-05-19,17:39:00,четвер,місто,Львів,Франківський,вулиця,Стрийська,330б,,наїзд на інші види перешкод,перевищення безпечної швидкості,7,без ушкоджень,легко травмований,легко травмований,легко травмований,легко травмований,легко травмований,легко травмований,,,49.785282,24.014171,,,,,,,,,,,
2022-03-05,13:45:00,субота,місто,Львів,Шевченківський,вулиця,Величковського І.,,вул. Величковського І. - вул. Шевченка Т.,зіткнення бокове,перевищення безпечної швидкості,3,без ушкоджень,легко травмований,тяжко травмований,,,,,,,49.872803,23.928566,,,,,,,,,,,
2022-05-05,11:47:00,четвер,місто,Львів,Личаківський,вулиця,Пасічна,38,,наїзд на пішохода - пішохід на тротуарі чи велосипедній доріжці,перевищення безпечної швидкості,2,без ушкоджень,легко травмований,,,,,,,,49.831277,24.0673,,,,,,,,,,,
2022-04-25,19:23:00,понеділок,селище,Брюховичі,Шевченківський,вулиця,Львівська,2,,"наїзд на транспортний засіб, що стоїть - по ходу руху",недодержання дистанції,5,без ушкоджень,легко травмований,легко травмований,легко травмований,легко травмований,,,,,49.897763,23.963396,,,,,,,,,,,
2022-04-29,21:56:00,п'ятниця,місто,Львів,Сихівський,вулиця,Стрийська,,вул. Стрийська - вул. Наукова,зіткнення бокове,порушення правил проїзду перехресть,2,без ушкоджень,легко травмований,,,,,,,,49.801918,24.018044,,,,,,,,,,,
2022-03-20,12:01:00,неділя,місто,Львів,Сихівський,вулиця,Пимоненка М.,,вул. Пимоненка М. - вул. Зелена,зіткнення бокове,порушення правил маневрування,4,легко травмований,легко травмований,легко травмований,легко травмований,,,,,,49.809131,24.061222,,,,,,,,,,,
2022-02-26,21:05:00,субота,місто,Львів,Франківський,вулиця,"Сахарова А., акад.",,"вул. Сахарова А., акад. - вул. Княгині Ольги",наїзд на пішохода - пішохід рухався у попутному напрямку,порушення правил маневрування,2,без ушкоджень,легко травмований,,,,,,,,49.826522,24.01032,,,,,,,,,,,
2022-04-18,11:30:00,понеділок,місто,Львів,Шевченківський,вулиця,Величковського І.,8,,наїзд на пішохода - на нерегульованому пішохідному переході,порушення правил маневрування,2,без ушкоджень,легко травмований,,,,,,,,49.87654,23.936704,,,,,,,,,,,
2022-05-06,15:45:00,п'ятниця,місто,Львів,Галицький,вулиця,Городоцька,109,,наїзд на пішохода - на нерегульованому пішохідному переході,порушення правил маневрування,2,без ушкоджень,легко травмований,,,,,,,,49.838484,24.007782,,,,,,,,,,,
2022-05-03,8:58:00,вівторок,місто,Львів,Личаківський,вулиця,Зелена,37,,зіткнення бокове,порушення правил проїзду перехресть,2,без ушкоджень,легко травмований,,,,,,,,49.83272,24.040586,,,,,,,,,,,
2022-05-10,9:06:00,вівторок,місто,Львів,Шевченківський,вулиця,Хмельницького Б.,109,,наїзд на пішохода - на нерегульованому пішохідному переході,порушення правил проїзду пішохідних переходів,3,без ушкоджень,легко травмований,легко травмований,,,,,,,49.853207,24.036471,,,,,,,,,,,
2022-03-05,22:15:00,субота,місто,Львів,Личаківський,площа,"Петрушевича Є., пл.",,,наїзд на інші види перешкод,порушення правил маневрування,1,легко травмований,,,,,,,,,49.833208,24.036949,,,,,,,,,,,
2022-05-31,12:01:00,вівторок,місто,Львів,Галицький,проспект,"Чорновола В., просп.",1,,наїзд на пішохода - пішохід рухався у попутному напрямку,порушення правил маневрування,2,без ушкоджень,легко травмований,,,,,,,,49.846455,24.025421,,,,,,,,,,,
2022-03-04,20:01:00,п'ятниця,село,Малехів,Шевченківський,,,,,наїзд на інші види перешкод,перевищення безпечної швидкості,1,легко травмований,,,,,,,,,49.884736,24.073019,,,,,,,,,,,
2022-05-31,10:45:00,вівторок,місто,Львів,Шевченківський,вулиця,Липинського В.,29б,,наїзд на пішохода - пішохід рухався у попутному напрямку,порушення правил маневрування,2,без ушкоджень,легко травмований,,,,,,,,49.862793,24.031064,,,,,,,,,,,
2022-04-08,15:40:00,п'ятниця,місто,Львів,Залізничний,вулиця,Городоцька,,Скнилівський міст,зіткнення бокове,"невиконання вимог сигналів регулювання, порушення правил маневрування",2,без ушкоджень,помер на місці дтп,,,,,,,,49.825138,23.938887,,,,,,,,,,,
2022-04-11,11:55:00,понеділок,місто,Львів,Сихівський,проспект,"Червоної Калини, просп.",,просп. Червоної Калини - вул. Коломийська,наїзд на пішохода - пішохід рухався у попутному напрямку,порушення правил перевезення пасажирів,2,без ушкоджень,легко травмований,,,,,,,,49.787776,24.05935,,,,,,,,,,,
2022-03-26,16:01:00,субота,місто,Львів,Шевченківський,вулиця,Липи Ю.,45,,наїзд на пішохода - пішохід рухався у попутному напрямку,порушення правил проїзду пішохідних переходів,2,без ушкоджень,легко травмований,,,,,,,,49.8653,24.013689,,,,,,,,,,,
2022-04-04,16:30:00,понеділок,місто,Львів,Шевченківський,вулиця,Хмельницького Б.,,вул. Хмельницького Б. - вул. Грінченка Б.,зіткнення бокове,порушення правил маневрування,3,без ушкоджень,без ушкоджень,легко травмований,,,,,,,49.869788,24.057162,,,,,,,,,,,
2022-04-05,12:15:00,вівторок,місто,Львів,Личаківський,вулиця,Личаківська,109,,наїзд на пішохода - пішохід переходив дорогу поза межами піш.переходу,перехід у невстановленому місці,2,без ушкоджень,легко травмований,,,,,,,,49.838498,24.054957,,,,,,,,,,,
2022-05-03,14:35:00,вівторок,місто,Львів,Залізничний,вулиця,Городоцька,321,,зіткнення бокове,порушення правил проїзду перехресть,2,без ушкоджень,легко травмований,,,,,,,,49.826726,23.947143,,,,,,,,,,,
2022-05-07,16:30:00,субота,місто,Львів,Галицький,вулиця,Шевченка Т.,6,,наїзд на пішохода - пішохід на тротуарі чи велосипедній доріжці,порушення правил маневрування,2,легко травмований,легко травмований,,,,,,,,49.842798,24.01695,,,,,,,,,,,
2022-04-14,8:35:00,четвер,місто,Львів,Личаківський,вулиця,Пасічна,,вул. Пасічна - вул. Вашингтона Дж.,зіткнення бокове,"перевищення безпечної швидкості, недодержання дистанції",3,без ушкоджень,без ушкоджень,легко травмований,,,,,,,49.814191,24.078217,,,,,,,,,,,
2022-04-26,9:40:00,вівторок,селище,Брюховичі,Шевченківський,вулиця,Незалежності України,,,перекидання тз,"перевищення безпечної швидкості, керування транспортним засобом у нетверезому стані",1,легко травмований,,,,,,,,,49.911413,23.928416,,,,,,,,,,,
2022-04-08,10:01:00,п'ятниця,місто,Львів,Галицький,вулиця,Франка І.,47,,наїзд на пішохода - пішохід рухався у попутному напрямку,"порушення правил проїзду пішохідних переходів, керування транспортним засобом у нетверезому стані",2,без ушкоджень,легко травмований,,,,,,,,49.832395,24.033746,,,,,,,,,,,
2022-04-06,16:01:00,середа,місто,Львів,Сихівський,вулиця,Сихівська,8,,наїзд на пішохода - пішохід рухався у попутному напрямку,порушення правил маневрування,2,без ушкоджень,легко травмований,,,,,,,,49.79473,24.065005,,,,,,,,,,,
2022-02-22,7:01:00,вівторок,місто,Львів,Франківський,вулиця,Кульпарківська,93,,падіння пасажира,порушення техніки безпеки пасажиром,2,без ушкоджень,легко травмований,,,,,,,,49.82049,23.988374,,,,,,,,,,,
2022-04-12,9:18:00,вівторок,місто,Львів,Залізничний,вулиця,Городоцька,168,,наїзд на пішохода - на нерегульованому пішохідному переході,неочікуваний вихід на проїзну частину,2,без ушкоджень,легко травмований,,,,,,,,49.833183,23.970038,,,,,,,,,,,
2022-05-18,18:01:00,середа,місто,Львів,Личаківський,вулиця,Вишенського І.,,,наїзд на велосипедиста - велосипедист рухався у попутному напрямку,порушення правил маневрування,2,без ушкоджень,тяжко травмований,,,,,,,,49.840491,24.049727,,,,,,,,,,,
2022-03-31,17:05:00,четвер,місто,Львів,Шевченківський,вулиця,Миколайчука І.,28,,"наїзд на опори (леп, телефонних та телеграфних ліній, рекламоносіїв, щогли антен мобільного зв'язку, тощо)",перевищення безпечної швидкості,2,без ушкоджень,легко травмований,,,,,,,,49.879185,24.036847,,,,,,,,,,,
2022-03-21,13:35:00,понеділок,місто,Львів,Сихівський,вулиця,Угорська,19,,наїзд на пішохода - на регульованому пішохідному переході,порушення правил маневрування,2,без ушкоджень,легко травмований,,,,,,,,49.811079,24.043643,,,,,,,,,,,
2022-04-04,8:20:00,понеділок,місто,Львів,Личаківський,вулиця,Пасічна,51,,наїзд на пішохода - пішохід рухався у попутному напрямку,"порушення правил проїзду пішохідних переходів, перевищення безпечної швидкості",2,без ушкоджень,легко травмований,,,,,,,,49.827872,24.071576,,,,,,,,,,,
2022-04-14,11:10:00,четвер,місто,Львів,Залізничний,вулиця,Городоцька,300,,зіткнення бокове,порушення правил проїзду перехресть,2,без ушкоджень,легко травмований,,,,,,,,49.821636,23.918931,,,,,,,,,,,
2022-03-17,15:01:00,четвер,місто,Львів,Залізничний,площа,"Двірцева, пл.",1,,наїзд на пішохода - пішохід рухався у попутному напрямку,порушення правил маневрування,2,без ушкоджень,тяжко травмований,,,,,,,,49.838937,23.995214,,,,,,,,,,,
2022-05-05,11:52:00,четвер,місто,Винники,Личаківський,вулиця,Хмельницького Б.,,траса,наїзд на інші види перешкод,"перевищення безпечної швидкості, недодержання дистанції",1,легко травмований,,,,,,,,,49.820488,24.112369,,,,,,,,,,,
2022-05-19,15:05:00,четвер,місто,Львів,Залізничний,вулиця,Городоцька,,кільцева,наїзд на пішохода - пішохід переходив дорогу поза межами піш.переходу,перехід у невстановленому місці,2,без ушкоджень,легко травмований,,,,,,,,49.82075,23.913825,,,,,,,,,,,
2022-03-15,16:45:00,вівторок,місто,Львів,Личаківський,вулиця,Богданівська,44,,зіткнення бокове,порушення правил маневрування,3,без ушкоджень,без ушкоджень,легко травмований,,,,,,,49.855707,24.075395,,,,,,,,,,,
2022-04-15,11:42:00,п'ятниця,місто,Львів,Личаківський,вулиця,Личаківська,7,,наїзд на пішохода - пішохід рухався у попутному напрямку,перевищення безпечної швидкості,2,без ушкоджень,легко травмований,,,,,,,,49.839782,24.038279,,,,,,,,,,,
2022-04-16,18:40:00,субота,місто,Дубляни,Шевченківський,вулиця,Львівська,4,,зіткнення бокове,перевищення безпечної швидкості,4,без ушкоджень,легко травмований,легко травмований,легко травмований,,,,,,49.889654,24.090434,,,,,,,,,,,
2022-04-26,14:01:00,вівторок,село,Малехів,Шевченківський,вулиця,Київська,,АЗС Вог,зіткнення бокове,"порушення правил маневрування, виїзд на смугу зустрічного руху",3,легко травмований,легко травмований,легко травмований,,,,,,,49.877729,24.064624,,,,,,,,,,,
2022-04-21,21:19:00,четвер,місто,Львів,Залізничний,вулиця,Городоцька,302,,наїзд на пішохода,порушення правил проїзду пішохідних переходів,2,без ушкоджень,легко травмований,,,,,,,,49.826543,23.917156,,,,,,,,,,,
2022-05-05,12:20:00,четвер,місто,Львів,Сихівський,проспект,"Червоної Калини, просп.",90,,наїзд на пішохода - на нерегульованому пішохідному переході,невиконання вимог сигналів регулювання,2,без ушкоджень,легко травмований,,,,,,,,49.786054,24.058916,,,,,,,,,,,
2022-04-28,18:18:00,четвер,місто,Львів,Сихівський,вулиця,Стрийська,199,,зіткнення бокове,порушення правил проїзду перехресть,3,без ушкоджень,легко травмований,легко травмований,,,,,,,49.774752,24.025555,,,,,,,,,,,
2022-04-27,13:20:00,середа,місто,Львів,Шевченківський,вулиця,Хвильового М.,14,,наїзд на пішохода - пішохід рухався у попутному напрямку,порушення правил проїзду пішохідних переходів,2,без ушкоджень,легко травмований,,,,,,,,49.868512,24.032459,,,,,,,,,,,
2022-04-28,17:10:00,четвер,місто,Львів,Франківський,вулиця,Княгині Ольги,1а,,наїзд на пішохода - пішохід рухався у попутному напрямку,порушення правил проїзду пішохідних переходів,2,без ушкоджень,легко травмований,,,,,,,,49.825228,24.008732,,,,,,,,,,,
2022-05-14,15:38:00,субота,місто,Львів,Сихівський,проспект,"Святого Івана Павла ІІ, просп.",4б,,зіткнення бокове,порушення правил маневрування,3,без ушкоджень,легко травмований,легко травмований,,,,,,,49.79991,24.034781,,,,,,,,,,,
2022-03-28,7:05:00,понеділок,місто,Львів,Сихівський,вулиця,Луганська,,"просп. Червоної Калини, міст",наїзд на дорожне огородження,"перевищення безпечної швидкості, недодержання дистанції",1,тяжко травмований,,,,,,,,,49.807956,24.051068,,,,,,,,,,,
2022-06-02,10:01:00,четвер,місто,Львів,Шевченківський,проспект,"Чорновола В., просп.",57а,,наїзд на велосипедиста - поза межами велосипедної доріжки,порушення правил проїзду пішохідних переходів,2,без ушкоджень,легко травмований,,,,,,,,49.856368,24.021687,,,,,,,,,,,
2022-04-13,12:10:00,середа,місто,Львів,Личаківський,вулиця,Богданівська,44,,зіткнення бокове,порушення правил маневрування,3,без ушкоджень,без ушкоджень,легко травмований,,,,,,,49.857167,24.074513,,,,,,,,,,,
2022-04-16,15:09:00,субота,місто,Львів,Франківський,вулиця,Наукова,96,,наїзд на пішохода - на нерегульованому пішохідному переході,порушення правил проїзду пішохідних переходів,3,без ушкоджень,легко травмований,легко травмований,,,,,,,49.804998,23.988527,,,,,,,,,,,
2022-05-07,21:55:00,субота,місто,Львів,Галицький,вулиця,Шевченка Т.,4,,наїзд на пішохода - пішохід рухався у попутному напрямку,порушення правил маневрування,2,без ушкоджень,легко травмований,,,,,,,,49.842691,24.017921,,,,,,,,,,,
2022-03-15,11:52:00,вівторок,місто,Львів,Галицький,проспект,"Свободи, просп.",,,наїзд на пішохода,порушення правил надання безперешкодного проїзду,2,без ушкоджень,легко травмований,,,,,,,,49.841359,24.027336,,,,,,,,,,,