accidentDate,accidentTime,accidentDay,settlementType,settlement,district,streetType,streetName,houseNumber,locationComments,accidentType,mainAccidentCause,totalParticipantsAmount,injuryStatusParticipant1,injuryStatusParticipant2,injuryStatusParticipant3,injuryStatusParticipant4,injuryStatusParticipant5,injuryStatusParticipant6,injuryStatusParticipant7,injuryStatusParticipant8,injuryStatusParticipant9,latitude,longitude,injuryStatusParticipant10,injuryStatusParticipant11,injuryStatusParticipant12,injuryStatusParticipant13,injuryStatusParticipant14,injuryStatusParticipant15,injuryStatusParticipant16,injuryStatusParticipant17,injuryStatusParticipant18,injuryStatusParticipant19,injuryStatusParticipant20
2022-03-30,21:01:00,середа,місто,Львів,Залізничний,вулиця,Патона Є.,2,,наїзд на пішохода - пішохід рухався у попутному напрямку,порушення правил проїзду пішохідних переходів,2,без ушкоджень,легко травмований,,,,,,,,49.823065,23.961364,,,,,,,,,,,
2022-06-01,10:24:00,середа,місто,Львів,Личаківський,вулиця,Пасічна,49,,зіткнення бокове,порушення правил маневрування,2,легко травмований,легко травмований,,,,,,,,49.828415,24.070723,,,,,,,,,,,
2022-03-24,18:50:00,четвер,місто,Львів,Галицький,вулиця,Зарицьких,40,,наїзд на велосипедиста - поза межами велосипедної доріжки,порушення правил маневрування,2,без ушкоджень,легко травмований,,,,,,,,49.829135,24.025834,,,,,,,,,,,
2022-05-30,7:30:00,понеділок,місто,Львів,Галицький,вулиця,Вітовського Д.,3,,наїзд на пішохода - на нерегульованому пішохідному переході,перехід у невстановленому місці,2,без ушкоджень,легко травмований,,,,,,,,49.8299,24.030168,,,,,,,,,,,
2022-04-09,14:30:00,субота,місто,Львів,Галицький,вулиця,Вітовського Д.,55,,наїзд на пішохода - пішохід переходив дорогу поза межами піш.переходу,порушення правил проїзду пішохідних переходів,2,без ушкоджень,легко травмований,,,,,,,,49.831769,24.019441,,,,,,,,,,,
2022-05-18,19:30:00,середа,місто,Львів,Залізничний,площа,"Двірцева, пл.",1,,наїзд на пішохода - пішохід переходив дорогу поза межами піш.переходу,неочікуваний вихід на проїзну частину,2,без ушкоджень,легко травмований,,,,,,,,49.839391,23.995444,,,,,,,,,,,
2022-05-30,12:30:00,понеділок,місто,Львів,Шевченківський,вулиця,Шевченка Т.,4,,падіння пасажира,порушення правил маневрування,2,без ушкоджень,легко травмований,,,,,,,,49.842861,24.017966,,,,,,,,,,,
2022-05-28,21:01:00,субота,місто,Львів,Личаківський,вулиця,Глинянський Тракт,66,,зіткнення бокове,"порушення правил маневрування, керування транспортним засобом у нетверезому стані, перевищення безпечної швидкості",4,без ушкоджень,без ушкоджень,легко травмований,легко травмований,,,,,,49.840131,24.084456,,,,,,,,,,,
2022-04-27,16:47:00,середа,місто,Львів,Шевченківський,проспект,"Чорновола В., просп.",,,наїзд на пішохода - пішохід рухався у попутному напрямку,порушення правил маневрування,2,без ушкоджень,легко травмований,,,,,,,,49.857934,24.020684,,,,,,,,,,,
2022-05-11,14:10:00,середа,місто,Львів,Сихівський,вулиця,Угорська,19,,зіткнення бокове,порушення правил маневрування,2,без ушкоджень,легко травмований,,,,,,,,49.811201,24.04331,,,,,,,,,,,
2022-05-20,19:01:00,п'ятниця,місто,Львів,Франківський,вулиця,Наукова,12,,зіткнення бокове,порушення правил маневрування,2,без ушкоджень,легко травмований,,,,,,,,49.80339,24.004285,,,,,,,,,,,
2022-05-30,11:01:00,понеділок,селище,Брюховичі,Шевченківський,вулиця,Курортна,,вул. Курортна - вул. Широка - вул. Лікарська,зіткнення бокове,порушення правил проїзду перехресть,3,без ушкоджень,без ушкоджень,легко травмований,,,,,,,49.907077,23.948022,,,,,,,,,,,
2022-06-01,2:01:00,середа,місто,Львів,Личаківський,вулиця,Поліська,1,,наїзд на пішохода - на нерегульованому пішохідному переході,порушення правил маневрування,2,без ушкоджень,легко травмований,,,,,,,,49.874138,24.061947,,,,,,,,,,,
2022-04-21,21:01:00,четвер,місто,Львів,Личаківський,вулиця,Личаківська,,,наїзд на пішохода,порушення правил маневрування,2,без ушкоджень,легко травмований,,,,,,,,49.836156,24.066131,,,,,,,,,,,
2022-03-07,10:01:00,понеділок,місто,Львів,Франківський,вулиця,Володимира Великого,,біля АТБ,наїзд на пішохода - пішохід рухався у попутному напрямку,порушення правил проїзду пішохідних переходів,2,без ушкоджень,легко травмований,,,,,,,,49.811196,23.991673,,,,,,,,,,,
2022-04-17,21:37:00,неділя,місто,Львів,Залізничний,вулиця,Бортнянського Д.,8,,наїзд на пішохода - пішохід рухався у попутному напрямку,перехід у невстановленому місці,2,без ушкоджень,легко травмований,,,,,,,,49.845742,24.005089,,,,,,,,,,,
2022-06-03,20:26:00,п'ятниця,місто,Львів,Франківський,вулиця,Володимира Великого,31,,наїзд на велосипедиста - поза межами велосипедної доріжки,порушення правил маневрування,2,без ушкоджень,легко травмований,,,,,,,,49.809836,24.007707,,,,,,,,,,,
2022-05-18,12:43:00,середа,місто,Львів,Франківський,вулиця,Богуна І.,9,,зіткнення бокове,порушення правил проїзду перехресть,2,легко травмований,легко травмований,,,,,,,,49.832543,24.015099,,,,,,,,,,,
2022-04-04,11:30:00,понеділок,місто,Львів,Галицький,вулиця,Наливайка С.,20,,наїзд на пішохода - на регульованому пішохідному переході,порушення правил проїзду пішохідних переходів,2,без ушкоджень,легко травмований,,,,,,,,49.843653,24.023981,,,,,,,,,,,
2022-06-03,0:01:00,п'ятниця,місто,Львів,Галицький,вулиця,Під Дубом,7,,наїзд на пішохода - на нерегульованому пішохідному переході,порушення правил маневрування,2,без ушкоджень,легко травмований,,,,,,,,49.850516,24.022384,,,,,,,,,,,
2022-06-01,9:01:00,середа,місто,Львів,Личаківський,вулиця,Глинянський Тракт,,вул. Глинянський Тракт - вул. Личаківська,наїзд на пішохода - на нерегульованому пішохідному переході,порушення правил проїзду пішохідних переходів,2,без ушкоджень,помер по дорозі в лікарню,,,,,,,,49.835983,24.070289,,,,,,,,,,,
2022-04-20,8:10:00,середа,місто,Львів,Сихівський,проспект,"Святого Івана Павла ІІ, просп.",23,,зіткнення бокове,перевищення безпечної швидкості,2,без ушкоджень,помер у лікарні протягом 30 діб,,,,,,,,49.801416,24.023007,,,,,,,,,,,
2022-03-30,11:24:00,середа,місто,Львів,Франківський,вулиця,"Сахарова А., акад.",35,,наїзд на пішохода - на нерегульованому пішохідному переході,порушення правил маневрування,2,без ушкоджень,легко травмований,,,,,,,,49.822182,24.016086,,,,,,,,,,,
2022-03-20,16:01:00,неділя,місто,Львів,Галицький,проспект,"Свободи, просп.",41,,наїзд на пішохода - пішохід рухався у попутному напрямку,порушення правил проїзду пішохідних переходів,2,без ушкоджень,тяжко травмований,,,,,,,,49.843407,24.025844,,,,,,,,,,,
2022-04-26,17:26:00,вівторок,місто,Львів,Галицький,вулиця,Городоцька,3,,наїзд на пішохода - пішохід рухався у попутному напрямку,порушення правил маневрування,2,без ушкоджень,легко травмований,,,,,,,,49.844089,24.025147,,,,,,,,,,,
2022-04-16,17:30:00,субота,місто,Львів,Сихівський,проспект,"Червоної Калини, просп.",,просп. Червоної Калини - вул. Хоткевича Г.,зіткнення бокове,"керування транспортним засобом у нетверезому стані, порушення правил проїзду перехресть",2,без ушкоджень,легко травмований,,,,,,,,49.7963602,24.0531741,,,,,,,,,,,
2022-04-21,19:20:00,четвер,місто,Львів,Шевченківський,вулиця,Брюховицька,37,,наїзд на пішохода,порушення правил маневрування,2,без ушкоджень,легко травмований,,,,,,,,49.866849,23.967549,,,,,,,,,,,
2022-05-07,22:25:00,субота,місто,Львів,Франківський,вулиця,Володимира Великого,,вул. Володимира Великого - вул. Княгині Ольги,зіткнення бокове,порушення правил проїзду перехресть,2,без ушкоджень,легко травмований,,,,,,,,49.81029,23.999318,,,,,,,,,,,
2022-05-30,11:48:00,понеділок,місто,Львів,Галицький,вулиця,Краківська,,вул. Краківська,наїзд на пішохода - пішохід на тротуарі чи велосипедній доріжці,порушення правил маневрування,2,без ушкоджень,легко травмований,,,,,,,,49.844318,24.02959,,,,,,,,,,,
2022-04-28,1:54:00,четвер,місто,Винники,Личаківський,,,,,наїзд на пішохода - пішохід рухався у попутному напрямку,порушення правил маневрування,2,без ушкоджень,легко травмований,,,,,,,,49.811404,24.13765,,,,,,,,,,,
2022-05-30,15:18:00,понеділок,місто,Львів,Залізничний,вулиця,Сяйво,12,,наїзд на пішохода - пішохід рухався у зустрічному напрямку,порушення правил маневрування,2,без ушкоджень,легко травмований,,,,,,,,49.839643,23.977854,,,,,,,,,,,
2022-03-29,11:49:00,вівторок,місто,Львів,Галицький,проспект,"Свободи, просп.",41,,наїзд на пішохода - на нерегульованому пішохідному переході,порушення правил маневрування,3,без ушкоджень,легко травмований,легко травмований,,,,,,,49.843483,24.026075,,,,,,,,,,,
2022-05-22,13:30:00,неділя,місто,Львів,Сихівський,вулиця,Зубрівська,38,,наїзд на пішохода - на нерегульованому пішохідному переході,"порушення правил маневрування, порушення правил проїзду пішохідних переходів",2,без ушкоджень,легко травмований,,,,,,,,49.795238,24.059721,,,,,,,,,,,
2022-05-24,12:31:00,вівторок,місто,Львів,Франківський,вулиця,Володимира Великого,34,,наїзд на пішохода - пішохід на тротуарі чи велосипедній доріжці,перевищення безпечної швидкості,2,без ушкоджень,легко травмований,,,,,,,,49.811421,23.992476,,,,,,,,,,,
2022-05-21,22:05:00,субота,місто,Львів,Галицький,вулиця,Городоцька,32,,наїзд на пішохода - пішохід переходив дорогу поза межами піш.переходу,порушення правил маневрування,2,без ушкоджень,легко травмований,,,,,,,,49.842265,24.017277,,,,,,,,,,,
2022-02-27,20:05:00,неділя,місто,Львів,Личаківський,вулиця,Мечникова І.,10,,наїзд на пішохода - пішохід рухався у попутному напрямку,порушення правил маневрування,2,без ушкоджень,помер у лікарні протягом 30 діб,,,,,,,,49.835564,24.052817,,,,,,,,,,,
2022-04-19,8:40:00,вівторок,місто,Львів,Сихівський,вулиця,Хортицька,4б,,наїзд на пішохода - пішохід рухався у попутному напрямку,недодержання дистанції,2,без ушкоджень,легко травмований,,,,,,,,49.79522,24.03675,,,,,,,,,,,
2022-05-11,11:12:00,середа,місто,Львів,Франківський,вулиця,Наукова,55а,,наїзд на пішохода - на регульованому пішохідному переході,порушення правил проїзду пішохідних переходів,2,без ушкоджень,легко травмований,,,,,,,,49.804937,23.987113,,,,,,,,,,,
2022-04-27,23:30:00,середа,місто,Львів,Галицький,проспект,"Свободи, просп.",1,,наїзд на пішохода - пішохід рухався у попутному напрямку,порушення правил маневрування,2,без ушкоджень,легко травмований,,,,,,,,49.840902,24.027593,,,,,,,,,,,
2022-04-17,13:15:00,неділя,місто,Львів,Личаківський,вулиця,Личаківська,,вул. Личаківська - вул. Долішня,зіткнення бокове,невиконання вимог сигналів регулювання,3,без ушкоджень,без ушкоджень,легко травмований,,,,,,,49.836506,24.064533,,,,,,,,,,,
2022-05-14,12:24:00,субота,місто,Львів,Сихівський,вулиця,Пасічна,,вул. Пасічна - вул. Пимоненка М.,зіткнення бокове,невиконання вимог сигналів регулювання,2,без ушкоджень,легко травмований,,,,,,,,49.809213,24.078877,,,,,,,,,,,
2022-05-07,16:01:00,субота,місто,Львів,Шевченківський,вулиця,Яцкова М.,22,,зіткнення бокове,"перевищення безпечної швидкості, недодержання дистанції",2,без ушкоджень,легко травмований,,,,,,,,49.849538,24.00583,,,,,,,,,,,
2022-03-28,14:50:00,понеділок,місто,Львів,Личаківський,вулиця,Тершаковців,5,,наїзд на велосипедиста - поза межами велосипедної доріжки,"порушення правил маневрування, перевищення безпечної швидкості",2,без ушкоджень,легко травмований,,,,,,,,49.834308,24.04065,,,,,,,,,,,
2022-03-27,18:15:00,неділя,місто,Львів,Залізничний,вулиця,Вигоди,21,,наїзд на пішохода - на регульованому пішохідному переході,порушення правил маневрування,2,без ушкоджень,помер на місці дтп,,,,,,,,49.841239,23.97363,,,,,,,,,,,
2022-03-31,16:15:00,четвер,місто,Львів,Галицький,площа,"Старий Ринок, пл.",2,,зіткнення бокове,порушення правил маневрування,2,легко травмований,легко травмований,,,,,,,,49.846642,24.029894,,,,,,,,,,,
2022-04-18,20:02:00,понеділок,місто,Львів,Шевченківський,вулиця,Грінченка Б.,,вул. Грінченка Б. - вул. Хмельницького Б.,зіткнення бокове,"керування транспортним засобом у нетверезому стані, порушення правил маневрування",2,без ушкоджень,легко травмований,,,,,,,,49.869837,24.057226,,,,,,,,,,,
2022-04-05,18:30:00,вівторок,місто,Львів,Шевченківський,проспект,"Чорновола В., просп.",59,,зіткнення бокове,"перевищення безпечної швидкості, недодержання дистанції",3,без ушкоджень,без ушкоджень,легко травмований,,,,,,,49.85716,24.019772,,,,,,,,,,,
2022-03-22,19:10:00,вівторок,місто,Львів,Залізничний,вулиця,Кульпарківська,,вул. Кульпарківська - вул. Садова,зіткнення бокове,"порушення правил маневрування, перевищення встановленої швидкості",4,без ушкоджень,без ушкоджень,без ушкоджень,легко травмований,,,,,,49.821417,23.988657,,,,,,,,,,,
2022-04-11,16:02:00,понеділок,місто,Львів,Галицький,вулиця,Бандери С.,87,,зіткнення бокове,"порушення правил маневрування, порушення правил проїзду перехресть",4,без ушкоджень,легко травмований,легко травмований,легко травмований,,,,,,49.835408,24.005454,,,,,,,,,,,
2022-05-14,12:01:00,субота,місто,Львів,Франківський,вулиця,Антоновича В.,138,,зіткнення бокове,недодержання дистанції,2,без ушкоджень,легко травмований,,,,,,,,49.826062,23.991297,,,,,,,,,,,
2022-05-05,15:18:00,четвер,місто,Львів,Франківський,вулиця,Кульпарківська,64,,наїзд на пішохода - на нерегульованому пішохідному переході,порушення правил маневрування,2,без ушкоджень,легко травмований,,,,,,,,49.826134,23.989849,,,,,,,,,,,
2022-03-28,18:45:00,понеділок,місто,Львів,Сихівський,вулиця,Гашека Я.,18,,наїзд на пішохода - на нерегульованому пішохідному переході,"порушення правил маневрування, перевищення безпечної швидкості",4,без ушкоджень,без ушкоджень,без ушкоджень,легко травмований,,,,,,49.796347,24.021027,,,,,,,,,,,
2022-02-28,15:15:00,понеділок,місто,Львів,Франківський,вулиця,Окружна,,,наїзд на пішохода - пішохід рухався у попутному напрямку,порушення правил маневрування,2,без ушкоджень,легко травмований,,,,,,,,49.826495,23.984013,,,,,,,,,,,
2022-03-28,19:01:00,понеділок,місто,Львів,Шевченківський,вулиця,Шевченка Т.,235,,зіткнення з задньою частиною тз,перевищення безпечної швидкості,4,легко травмований,легко травмований,легко травмований,легко травмований,,,,,,49.862627,23.964121,,,,,,,,,,,
2022-04-11,20:50:00,понеділок,місто,Львів,Франківський,вулиця,Княгині Ольги,3,,наїзд на пішохода - пішохід переходив дорогу поза межами піш.переходу,"порушення правил проїзду пішохідних переходів, керування транспортним засобом у нетверезому стані",2,без ушкоджень,легко травмований,,,,,,,,49.823597,24.007532,,,,,,,,,,,
2022-09-06,20:06:00,вівторок,місто,Львів,Франківський,вулиця,Бандери С.,55,,наїзд на пішохода - пішохід рухався у попутному напрямку,порушення правил маневрування,2,без ушкоджень,легко травмований,,,,,,,,49.8345882,24.0097736,,,,,,,,,,,
2022-09-05,17:40:00,понеділок,місто,Львів,Франківський,вулиця,"Чупринки Т., ген.",48,,зіткнення бокове,порушення правил маневрування,3,без ушкоджень,без ушкоджень,тяжко травмований,,,,,,,49.831758,24.010824,,,,,,,,,,,
2022-08-05,9:54:00,п'ятниця,місто,Львів,Шевченківський,вулиця,Варшавська,,вул. Варшавська - вул. Тунельна,зіткнення бокове,порушення правил проїзду перехресть,2,легко травмований,тяжко травмований,,,,,,,,49.864339,24.007031,,,,,,,,,,,
2022-08-29,11:55:00,понеділок,місто,Львів,Залізничний,вулиця,Левандівська,23,,зіткнення бокове,порушення правил маневрування,2,без ушкоджень,легко травмований,,,,,,,,49.844096,23.982795,,,,,,,,,,,
2022-07-15,10:30:00,п'ятниця,місто,Львів,Галицький,вулиця,Городоцька,103,,падіння пасажира,порушення правил маневрування,2,без ушкоджень,легко травмований,,,,,,,,49.838674,24.008195,,,,,,,,,,,
2022-08-20,11:30:00,субота,місто,Львів,Франківський,вулиця,Володимира Великого,113,,падіння пасажира,порушення правил маневрування,2,без ушкоджень,тяжко травмований,,,,,,,,49.811407,23.990187,,,,,,,,,,,
2022-09-07,10:15:00,середа,місто,Львів,Галицький,вулиця,Дорошенка П.,70,,зіткнення бокове,порушення правил маневрування,2,без ушкоджень,тяжко травмований,,,,,,,,49.835751,24.019418,,,,,,,,,,,
2022-09-06,15:07:00,вівторок,місто,Львів,Франківський,вулиця,Горської А.,1,,наїзд на пішохода - пішохід на тротуарі чи велосипедній доріжці,порушення правил маневрування,2,без ушкоджень,легко травмований,,,,,,,,49.836163,24.001098,,,,,,,,,,,
2022-09-06,20:56:00,вівторок,місто,Львів,Залізничний,вулиця,Чернівецька,2,,наїзд на пішохода - на нерегульованому пішохідному переході,порушення правил маневрування,3,без ушкоджень,без ушкоджень,тяжко травмований,,,,,,,49.837259,24.001195,,,,,,,,,,,
2022-08-14,10:29:00,неділя,місто,Львів,Франківський,вулиця,Володимира Великого,34,,"наїзд на транспортний засіб, що стоїть - по ходу руху",перевищення безпечної швидкості,3,без ушкоджень,без ушкоджень,легко травмований,,,,,,,49.811086,23.993422,,,,,,,,,,,
2022-08-21,2:35:00,неділя,місто,Львів,Франківський,вулиця,Героїв Упа,72,,наїзд на інші види перешкод,порушення правил маневрування,1,легко травмований,,,,,,,,,49.831374,23.997359,,,,,,,,,,,
2022-08-22,13:05:00,понеділок,місто,Львів,Галицький,площа,"Міцкевича А., пл.",4,,"наїзд на транспортний засіб, що стоїть - по ходу руху","перевищення безпечної швидкості, недодержання дистанції",5,без ушкоджень,без ушкоджень,без ушкоджень,без ушкоджень,легко травмований,,,,,49.839052,24.030399,,,,,,,,,,,
2022-08-29,21:39:00,понеділок,місто,Львів,Личаківський,вулиця,Пекарська,53,,зіткнення бокове,недодержання дистанції,2,без ушкоджень,легко травмований,,,,,,,,49.836852,24.044655,,,,,,,,,,,
2022-08-01,17:09:00,понеділок,місто,Винники,Личаківський,вулиця,Івасюка В.,2б,,наїзд на інші види перешкод,"порушення правил маневрування, недодержання дистанції, перевтома, сон за кермом",2,без ушкоджень,легко травмований,,,,,,,,49.819061,24.137274,,,,,,,,,,,
2022-08-16,7:40:00,вівторок,місто,Винники,Личаківський,вулиця,Хмельницького Б.,,вул. Хмельницького Б. - вул. Личаківська,зіткнення бокове,"перевищення безпечної швидкості, недодержання дистанції",2,без ушкоджень,легко травмований,,,,,,,,49.820545,24.112729,,,,,,,,,,,
2022-08-30,14:30:00,вівторок,місто,Львів,Шевченківський,вулиця,Бальзака О.,,вул. Бальзака О. - вул. Липинського В.,зіткнення бокове,порушення правил маневрування,2,без ушкоджень,легко травмований,,,,,,,,49.85445,24.01469,,,,,,,,,,,
2022-08-12,18:09:00,п'ятниця,місто,Львів,Сихівський,проспект,"Червоної Калини, просп.",56,,зіткнення бокове,порушення правил маневрування,2,без ушкоджень,легко травмований,,,,,,,,49.795145,24.054662,,,,,,,,,,,
2022-08-24,11:32:00,середа,місто,Львів,Франківський,вулиця,Тролейбусна,,вул. Тролейбусна - вул. Трускавецька,зіткнення бокове,порушення правил проїзду перехресть,3,без ушкоджень,без ушкоджень,легко травмований,,,,,,,49.797884,24.005148,,,,,,,,,,,
2022-08-30,21:01:00,вівторок,місто,Львів,Личаківський,вулиця,Лисеницька,1,,наїзд на пішохода - пішохід рухався у попутному напрямку,порушення правил маневрування,2,без ушкоджень,легко травмований,,,,,,,,49.816697,24.079252,,,,,,,,,,,
2022-08-19,18:44:00,п'ятниця,місто,Львів,Залізничний,вулиця,Патона Є.,9,,наїзд на пішохода - на нерегульованому пішохідному переході,порушення правил проїзду пішохідних переходів,3,без ушкоджень,легко травмований,легко травмований,,,,,,,49.822719,23.965162,,,,,,,,,,,
2022-09-11,20:51:00,неділя,місто,Львів,Сихівський,вулиця,Зелена,299,,зіткнення бокове,порушення правил проїзду перехресть,4,без ушкоджень,без ушкоджень,легко травмований,легко травмований,,,,,,49.798608,24.070846,,,,,,,,,,,
2022-08-10,17:56:00,середа,місто,Львів,Франківський,вулиця,Княгині Ольги,106,,наїзд на пішохода - пішохід на тротуарі чи велосипедній доріжці,порушення правил маневрування,2,без ушкоджень,легко травмований,,,,,,,,49.808776,23.998308,,,,,,,,,,,
2022-08-14,18:17:00,неділя,місто,Львів,Галицький,вулиця,Городоцька,31,,зіткнення бокове,порушення правил маневрування,2,легко травмований,легко травмований,,,,,,,,49.843049,24.021849,,,,,,,,,,,
2022-09-11,20:06:00,неділя,місто,Львів,Шевченківський,вулиця,Хмельницького Б.,87,,наїзд на пішохода - на нерегульованому пішохідному переході,порушення правил маневрування,2,без ушкоджень,легко травмований,,,,,,,,49.852283,24.033129,,,,,,,,,,,
2022-08-08,21:25:00,понеділок,місто,Львів,Франківський,вулиця,Кульпарківська,59,,наїзд на пішохода - на нерегульованому пішохідному переході,перевищення безпечної швидкості,2,без ушкоджень,тяжко травмований,,,,,,,,49.826675,23.989956,,,,,,,,,,,
2022-08-02,19:19:00,вівторок,місто,Львів,Залізничний,вулиця,Кульпарківська,122,,зіткнення бокове,"порушення правил проїзду перехресть, керування транспортним засобом у нетверезому стані",3,без ушкоджень,без ушкоджень,легко травмований,,,,,,,49.81885,23.987736,,,,,,,,,,,
2022-08-23,17:40:00,вівторок,місто,Львів,Галицький,проспект,"Свободи, просп.",7,,наїзд на пішохода - на регульованому пішохідному переході,неочікуваний вихід на проїзну частину,2,легко травмований,легко травмований,,,,,,,,49.840339,24.028022,,,,,,,,,,,
2022-08-12,18:25:00,п'ятниця,місто,Львів,Сихівський,проспект,"Червоної Калини, просп.",36,,зіткнення бокове,порушення правил маневрування,2,без ушкоджень,легко травмований,,,,,,,,49.798675,24.04925,,,,,,,,,,,
2022-09-02,13:41:00,п'ятниця,місто,Львів,Франківський,вулиця,"Сахарова А., акад.",30,,зіткнення бокове,"перевищення безпечної швидкості, недодержання дистанції",3,без ушкоджень,без ушкоджень,легко травмований,,,,,,,49.830305,24.014348,,,,,,,,,,,
2022-09-01,20:57:00,четвер,місто,Львів,Франківський,вулиця,Кульпарківська,,вул. Антоновича В. - вул. Кульпарківська,зіткнення бокове,невиконання вимог сигналів регулювання,3,без ушкоджень,без ушкоджень,легко травмований,,,,,,,49.825404,23.989769,,,,,,,,,,,
2022-08-23,14:49:00,вівторок,місто,Львів,Галицький,вулиця,Куліша П.,47,,наїзд на пішохода - пішохід на тротуарі чи велосипедній доріжці,недодержання дистанції,2,без ушкоджень,легко травмований,,,,,,,,49.848935,24.024337,,,,,,,,,,,
2022-08-06,13:15:00,субота,місто,Львів,Залізничний,вулиця,Городоцька,302,,наїзд на велосипедиста - велосипедист рухався у попутному напрямку,невиконання вимог сигналів регулювання,2,без ушкоджень,легко травмований,,,,,,,,49.825159,23.91082,,,,,,,,,,,
2022-08-23,7:47:00,вівторок,місто,Львів,Залізничний,вулиця,Виговського І.,1,,наїзд на велосипедиста - велосипедист рухався у зустрічному напрямку,порушення правил маневрування,2,без ушкоджень,тяжко травмований,,,,,,,,49.830533,23.968247,,,,,,,,,,,
2022-08-24,9:42:00,середа,місто,Львів,Личаківський,вулиця,Пекарська,,вул. Пекарська - вул. Мечникова І.,наїзд на пішохода - на нерегульованому пішохідному переході,недодержання дистанції,2,без ушкоджень,легко травмований,,,,,,,,49.833848,24.052017,,,,,,,,,,,
2022-09-06,0:05:00,вівторок,місто,Львів,Сихівський,вулиця,Зелена,407,,наїзд на інші види перешкод,"перевищення безпечної швидкості, недодержання дистанції, керування транспортним засобом у нетверезому стані",2,легко травмований,легко травмований,,,,,,,,49.784032,24.078104,,,,,,,,,,,
2022-08-15,9:38:00,понеділок,місто,Львів,Личаківський,вулиця,Руставелі Ш.,6,,зіткнення бокове,порушення правил маневрування,2,без ушкоджень,легко травмований,,,,,,,,49.83336,24.035254,,,,,,,,,,,
2022-08-25,14:48:00,четвер,місто,Львів,Галицький,проспект,"Свободи, просп.",,"просп. Свободи - вул. Гнатюка В., акад.",наїзд на пішохода - пішохід на тротуарі чи велосипедній доріжці,порушення правил маневрування,2,без ушкоджень,легко травмований,,,,,,,,49.841293,24.027303,,,,,,,,,,,
2022-09-04,16:53:00,неділя,село,Малехів,Шевченківський,вулиця,Стуса Василя,,,зіткнення бокове,"порушення правил маневрування, недодержання дистанції, перевищення безпечної швидкості",5,без ушкоджень,без ушкоджень,без ушкоджень,легко травмований,легко травмований,,,,,49.88349,24.0751359,,,,,,,,,,,
2022-08-16,13:12:00,вівторок,місто,Львів,Галицький,вулиця,Дорошенка П.,13,,наїзд на пішохода - на нерегульованому пішохідному переході,порушення правил проїзду пішохідних переходів,2,без ушкоджень,легко травмований,,,,,,,,49.839913,24.02666,,,,,,,,,,,
2022-08-15,10:10:00,понеділок,місто,Львів,Шевченківський,проспект,"Чорновола В., просп.",101,,падіння пасажира,порушення правил маневрування,1,легко травмований,,,,,,,,,49.865992,24.01651,,,,,,,,,,,
2022-08-25,15:40:00,четвер,місто,Львів,Галицький,вулиця,Городоцька,105,,наїзд на пішохода - на нерегульованому пішохідному переході,порушення правил проїзду пішохідних переходів,2,легко травмований,тяжко травмований,,,,,,,,49.838616,24.008152,,,,,,,,,,,
2022-08-25,22:30:00,четвер,місто,Львів,Сихівський,вулиця,Стрийська,59,,зіткнення бокове,"недодержання дистанції, керування транспортним засобом у нетверезому стані",3,без ушкоджень,без ушкоджень,легко травмований,,,,,,,49.796748,24.016993,,,,,,,,,,,
2022-09-06,19:55:00,вівторок,місто,Львів,Сихівський,вулиця,Пасічна,164,,наїзд на пішохода - пішохід рухався у попутному напрямку,порушення правил маневрування,2,без ушкоджень,легко травмований,,,,,,,,49.8069,24.063964,,,,,,,,,,,
2022-08-18,18:04:00,четвер,місто,Львів,Шевченківський,вулиця,Липинського В.,6,,наїзд на пішохода - на нерегульованому пішохідному переході,порушення правил проїзду пішохідних переходів,2,без ушкоджень,тяжко травмований,,,,,,,,49.856233,24.019863,,,,,,,,,,,
2022-08-03,13:10:00,середа,місто,Львів,Сихівський,вулиця,Зубрівська,27,,наїзд на пішохода - пішохід рухався у попутному напрямку,порушення правил маневрування,2,без ушкоджень,легко травмований,,,,,,,,49.794126,24.06089,,,,,,,,,,,
2022-08-01,16:07:00,понеділок,місто,Львів,Сихівський,вулиця,"Буйка П., проф.",,"вул. Буйка П., проф. - вул. Луганська",наїзд на велосипедиста - велосипедист рухався у попутному напрямку,"перевищення безпечної швидкості, недодержання дистанції",2,без ушкоджень,помер у лікарні протягом 30 діб,,,,,,,,49.809798,24.031187,,,,,,,,,,,
2022-08-31,19:12:00,середа,місто,Львів,Сихівський,вулиця,Зелена,305,,зіткнення бокове,порушення правил маневрування,2,без ушкоджень,легко травмований,,,,,,,,49.797866,24.071947,,,,,,,,,,,