accidentDate,accidentTime,accidentDay,settlementType,settlement,district,streetType,streetName,houseNumber,locationComments,accidentType,mainAccidentCause,totalParticipantsAmount,injuryStatusParticipant1,injuryStatusParticipant2,injuryStatusParticipant3,injuryStatusParticipant4,injuryStatusParticipant5,injuryStatusParticipant6,injuryStatusParticipant7,injuryStatusParticipant8,injuryStatusParticipant9,latitude,longitude,injuryStatusParticipant10,injuryStatusParticipant11,injuryStatusParticipant12,injuryStatusParticipant13,injuryStatusParticipant14,injuryStatusParticipant15,injuryStatusParticipant16,injuryStatusParticipant17,injuryStatusParticipant18,injuryStatusParticipant19,injuryStatusParticipant20
2022-12-10,18:45:00,субота,місто,Дубляни,Шевченківський,вулиця,Львівська,2,,наїзд на пішохода - пішохід рухався у попутному напрямку,"недодержання дистанції, порушення правил маневрування",2,без ушкоджень,легко травмований,,,,,,,,49.889817,24.09084,,,,,,,,,,,
2022-12-20,18:03:00,вівторок,місто,Львів,Шевченківський,вулиця,Хмельницького Б.,291,,наїзд на інші види перешкод,перевищення безпечної швидкості,1,легко травмований,,,,,,,,,49.876758,24.063411,,,,,,,,,,,
2022-12-10,20:43:00,субота,місто,Львів,Залізничний,вулиця,Городоцька,218,,наїзд на пішохода - пішохід рухався у попутному напрямку,порушення правил маневрування,3,без ушкоджень,без ушкоджень,легко травмований,,,,,,,49.828924,23.958467,,,,,,,,,,,
2022-12-14,13:40:00,середа,місто,Львів,Шевченківський,вулиця,Плужника Є.,3а,,наїзд на пішохода - пішохід переходив дорогу поза межами піш.переходу,перехід у невстановленому місці,2,без ушкоджень,легко травмований,,,,,,,,49.86408,24.009762,,,,,,,,,,,
2022-12-01,17:13:00,четвер,місто,Львів,Залізничний,вулиця,Городоцька,302,,наїзд на пішохода - на нерегульованому пішохідному переході,порушення правил проїзду пішохідних переходів,2,без ушкоджень,тяжко травмований,,,,,,,,49.82475,23.910027,,,,,,,,,,,
2022-12-27,17:42:00,вівторок,місто,Винники,Личаківський,вулиця,Кільцева,,,наїзд на інші види перешкод,порушення правил маневрування,1,легко травмований,,,,,,,,,49.812872,24.157734,,,,,,,,,,,
2022-12-01,17:27:00,четвер,місто,Львів,Шевченківський,вулиця,Лінкольна А.,7,,наїзд на пішохода - пішохід рухався у попутному напрямку,неочікуваний вихід на проїзну частину,2,без ушкоджень,тяжко травмований,,,,,,,,49.865473,24.031144,,,,,,,,,,,
2022-12-19,17:20:00,понеділок,місто,Львів,Шевченківський,вулиця,Хмельницького Б.,139,,наїзд на пішохода - пішохід переходив дорогу поза межами піш.переходу,перехід у невстановленому місці,2,без ушкоджень,легко травмований,,,,,,,,49.85367,24.04087,,,,,,,,,,,
2022-12-15,12:40:00,четвер,місто,Львів,Франківський,вулиця,Бандери С.,51,,наїзд на пішохода - пішохід рухався у попутному напрямку,порушення правил проїзду пішохідних переходів,2,без ушкоджень,легко травмований,,,,,,,,49.83454,24.010368,,,,,,,,,,,
2022-12-26,17:01:00,понеділок,місто,Львів,Залізничний,вулиця,Низинна,25,,наїзд на пішохода - пішохід рухався у попутному напрямку,порушення правил маневрування,2,без ушкоджень,легко травмований,,,,,,,,49.840245,23.971208,,,,,,,,,,,
2022-12-26,17:01:00,понеділок,місто,Львів,Галицький,вулиця,Замарстинівська,1,,наїзд на пішохода - пішохід рухався у попутному напрямку,порушення правил маневрування,2,без ушкоджень,легко травмований,,,,,,,,49.847686,24.028119,,,,,,,,,,,
2022-12-07,14:09:00,середа,місто,Львів,Франківський,вулиця,Володимира Великого,58,,наїзд на пішохода - на нерегульованому пішохідному переході,порушення правил маневрування,2,без ушкоджень,тяжко травмований,,,,,,,,49.812854,23.984506,,,,,,,,,,,
2022-12-29,18:01:00,четвер,місто,Львів,Сихівський,проспект,"Червоної Калини, просп.",121,,наїзд на пішохода - на нерегульованому пішохідному переході,порушення правил проїзду пішохідних переходів,2,без ушкоджень,тяжко травмований,,,,,,,,49.783398,24.059409,,,,,,,,,,,
2022-12-10,9:45:00,субота,місто,Львів,Шевченківський,вулиця,Миколайчука І.,1,,наїзд на пішохода - пішохід переходив дорогу поза межами піш.переходу,перехід у невстановленому місці,2,без ушкоджень,тяжко травмований,,,,,,,,49.872229,24.042243,,,,,,,,,,,
2022-11-29,13:50:00,вівторок,місто,Львів,Франківський,вулиця,Бандери С.,51,,наїзд на пішохода - на нерегульованому пішохідному переході,порушення правил проїзду пішохідних переходів,2,без ушкоджень,легко травмований,,,,,,,,49.834723,24.010389,,,,,,,,,,,
2022-12-27,11:32:00,вівторок,місто,Львів,Шевченківський,вулиця,Варшавська,57,,наїзд на пішохода - пішохід переходив дорогу поза межами піш.переходу,порушення правил проїзду перехресть,2,без ушкоджень,легко травмований,,,,,,,,49.859425,24.009601,,,,,,,,,,,
2022-12-28,12:30:00,середа,місто,Львів,Сихівський,проспект,"Святого Івана Павла ІІ, просп.",4б,,зіткнення бокове,порушення правил маневрування,3,без ушкоджень,без ушкоджень,легко травмований,,,,,,,49.799273,24.034953,,,,,,,,,,,
2022-11-29,9:35:00,вівторок,місто,Львів,Франківський,вулиця,Стрийська,109,,наїзд на пішохода - на нерегульованому пішохідному переході,порушення правил проїзду пішохідних переходів,2,без ушкоджень,легко травмований,,,,,,,,49.787797,24.01471,,,,,,,,,,,
2022-12-03,21:28:00,субота,місто,Дубляни,Шевченківський,вулиця,Львівська,2а,,"наїзд на опори (леп, телефонних та телеграфних ліній, рекламоносіїв, щогли антен мобільного зв'язку, тощо)","перевищення безпечної швидкості, керування транспортним засобом у нетверезому стані",1,легко травмований,,,,,,,,,49.892251,24.100902,,,,,,,,,,,
2022-11-30,18:40:00,середа,місто,Львів,Шевченківський,вулиця,Хмельницького Б.,58,,наїзд на пішохода - пішохід рухався у попутному напрямку,порушення правил маневрування,2,без ушкоджень,тяжко травмований,,,,,,,,49.852352,24.033365,,,,,,,,,,,
2022-12-20,18:55:00,вівторок,місто,Львів,Франківський,вулиця,Копистинського Т.,2,,наїзд на пішохода - на регульованому пішохідному переході,порушення правил проїзду пішохідних переходів,2,без ушкоджень,легко травмований,,,,,,,,49.828875,23.989865,,,,,,,,,,,
2022-11-07,17:37:00,понеділок,місто,Львів,Галицький,вулиця,Тиктора І.,10,,наїзд на пішохода - на нерегульованому пішохідному переході,порушення правил проїзду пішохідних переходів,2,без ушкоджень,легко травмований,,,,,,,,49.842525,24.024906,,,,,,,,,,,
2023-01-09,20:10:00,понеділок,місто,Львів,Франківський,вулиця,Кобилиці Л.,19,,наїзд на інші види перешкод,порушення правил маневрування,1,легко травмований,,,,,,,,,49.816849,23.998309,,,,,,,,,,,
2023-01-31,11:03:00,вівторок,місто,Львів,Галицький,вулиця,Політехнічна,7,,наїзд на пішохода - пішохід рухався у попутному напрямку,"перехід у невстановленому місці, неочікуваний вихід на проїзну частину",2,без ушкоджень,легко травмований,,,,,,,,49.834052,24.014472,,,,,,,,,,,
2023-01-13,23:26:00,п'ятниця,місто,Львів,Франківський,вулиця,Стрийська,280а,,"наїзд на дорожний знак, бордюрний камінь",порушення правил маневрування,1,легко травмований,,,,,,,,,49.789604,24.015126,,,,,,,,,,,
2023-01-20,21:12:00,п'ятниця,місто,Львів,Личаківський,вулиця,Глинянський Тракт,8,,зіткнення бокове,порушення правил маневрування,2,без ушкоджень,легко травмований,,,,,,,,49.83656,24.07163,,,,,,,,,,,
2023-01-15,18:52:00,неділя,місто,Львів,Залізничний,вулиця,Кульпарківська,,вул. Кульпарківська - вул. Перфецького Л.,наїзд на пішохода - на нерегульованому пішохідному переході,неочікуваний вихід на проїзну частину,2,без ушкоджень,легко травмований,,,,,,,,49.815014,23.985659,,,,,,,,,,,
2023-01-20,12:10:00,п'ятниця,місто,Львів,Франківський,вулиця,Героїв УПА,63,,"наїзд на транспортний засіб, що стоїть - по ходу руху","перевищення безпечної швидкості, недодержання дистанції, керування транспортним засобом у нетверезому стані",3,без ушкоджень,без ушкоджень,легко травмований,,,,,,,49.831042,23.996678,,,,,,,,,,,
2023-01-15,21:53:00,неділя,місто,Львів,Франківський,вулиця,Наукова,35,,наїзд на пішохода - пішохід рухався у попутному напрямку,порушення правил проїзду пішохідних переходів,2,без ушкоджень,легко травмований,,,,,,,,49.80449,23.991668,,,,,,,,,,,
2023-02-10,23:08:00,п'ятниця,місто,Львів,Шевченківський,проспект,"Чорновола В., просп.",66,,наїзд на пішохода - на нерегульованому пішохідному переході,неочікуваний вихід на проїзну частину,3,без ушкоджень,тяжко травмований,тяжко травмований,,,,,,,49.860874,24.019504,,,,,,,,,,,
2023-01-26,20:45:00,четвер,місто,Львів,Сихівський,проспект,"Червоної Калини, просп.",81,,наїзд на пішохода - пішохід рухався у попутному напрямку,порушення правил маневрування,2,без ушкоджень,тяжко травмований,,,,,,,,49.79484,24.057124,,,,,,,,,,,
2023-01-11,18:14:00,середа,село,Зашків,Шевченківський,вулиця,Коновальця Є.,88,,наїзд на пішохода - пішохід рухався у попутному напрямку,"перевищення безпечної швидкості, недодержання дистанції",2,без ушкоджень,легко травмований,,,,,,,,49.954658,23.99399,,,,,,,,,,,
2023-01-26,11:53:00,четвер,місто,Львів,Франківський,вулиця,Зерова М.,4,,наїзд на пішохода - пішохід переходив дорогу поза межами піш.переходу,"неочікуваний вихід на проїзну частину, керування транспортним засобом у нетверезому стані",2,без ушкоджень,легко травмований,,,,,,,,49.833422,23.994892,,,,,,,,,,,
2023-01-24,17:34:00,вівторок,місто,Львів,Залізничний,вулиця,Городоцька,,вул. Городоцька - вул. Ряшівська,наїзд на пішохода - на нерегульованому пішохідному переході,порушення правил проїзду пішохідних переходів,2,без ушкоджень,легко травмований,,,,,,,,49.828093,23.95454,,,,,,,,,,,
2023-01-20,18:58:00,п'ятниця,місто,Львів,Шевченківський,вулиця,Липинського В.,54д,,наїзд на пішохода - пішохід рухався у попутному напрямку,порушення правил маневрування,2,без ушкоджень,легко травмований,,,,,,,,49.865141,24.04337,,,,,,,,,,,
2023-02-02,19:01:00,четвер,місто,Львів,Сихівський,проспект,"Червоної Калини, просп.",62,,наїзд на пішохода - пішохід рухався у попутному напрямку,порушення правил маневрування,2,без ушкоджень,легко травмований,,,,,,,,49.792011,24.058444,,,,,,,,,,,
2023-01-25,16:25:00,середа,місто,Львів,Залізничний,вулиця,Левандівська,10,,зіткнення бокове,порушення правил проїзду перехресть,3,без ушкоджень,легко травмований,легко травмований,,,,,,,49.848686,23.994763,,,,,,,,,,,
2023-01-12,14:50:00,четвер,місто,Львів,Галицький,вулиця,Городоцька,44,,зіткнення бокове,недодержання дистанції,3,без ушкоджень,без ушкоджень,легко травмований,,,,,,,49.840345,24.012465,,,,,,,,,,,
2023-01-25,12:13:00,середа,місто,Львів,Шевченківський,вулиця,Єрошенка В.,27,,зіткнення бокове,порушення правил маневрування,4,без ушкоджень,без ушкоджень,без ушкоджень,легко травмований,,,,,,49.855756,24.009976,,,,,,,,,,,
2023-01-10,22:52:00,вівторок,місто,Львів,Сихівський,проспект,"Червоної Калини, просп.",91,,зіткнення бокове,"перевищення безпечної швидкості, недодержання дистанції, керування транспортним засобом у нетверезому стані",3,легко травмований,легко травмований,легко травмований,,,,,,,49.790519,24.059077,,,,,,,,,,,
2023-01-31,11:04:00,вівторок,місто,Львів,Шевченківський,вулиця,Миколайчука І.,,"вул. Миколайчука І. - вул. Мазепи І., гетьм",зіткнення бокове,невиконання вимог сигналів регулювання,3,без ушкоджень,без ушкоджень,тяжко травмований,,,,,,,49.872236,24.042195,,,,,,,,,,,
2023-01-28,18:52:00,субота,місто,Львів,Шевченківський,вулиця,Миколайчука І.,8а,,наїзд на пішохода - пішохід переходив дорогу поза межами піш.переходу,"неочікуваний вихід на проїзну частину, перехід у невстановленому місці",2,без ушкоджень,тяжко травмований,,,,,,,,49.874625,24.041444,,,,,,,,,,,
2023-01-19,21:30:00,четвер,місто,Львів,Залізничний,вулиця,Виговського І.,100,,наїзд на пішохода - пішохід переходив дорогу поза межами піш.переходу,порушення правил маневрування,2,без ушкоджень,легко травмований,,,,,,,,49.813296,23.977366,,,,,,,,,,,
2023-01-19,10:10:00,четвер,місто,Львів,Франківський,вулиця,Стрийська,,вул. Стрийська - вул. Володимира Великого,зіткнення бокове,порушення правил проїзду перехресть,4,без ушкоджень,без ушкоджень,без ушкоджень,легко травмований,,,,,,49.808171,24.019133,,,,,,,,,,,
2023-02-13,6:16:00,понеділок,місто,Львів,Залізничний,вулиця,Кульпарківська,,,наїзд на пішохода - на регульованому пішохідному переході,неочікуваний вихід на проїзну частину,2,без ушкоджень,помер у лікарні протягом 30 діб,,,,,,,,49.813737,23.984957,,,,,,,,,,,
2023-02-13,19:49:00,понеділок,місто,Львів,Франківський,вулиця,Стрийська,,вул. Стрийська - вул. Наукова,падіння пасажира,порушення правил перевезення пасажирів,2,без ушкоджень,легко травмований,,,,,,,,49.801911,24.017932,,,,,,,,,,,
2023-02-08,14:29:00,середа,місто,Львів,Франківський,вулиця,"Сахарова А., акад.",82,,наїзд на пішохода - пішохід рухався у попутному напрямку,порушення правил проїзду пішохідних переходів,2,без ушкоджень,легко травмований,,,,,,,,49.819947,24.017878,,,,,,,,,,,
2023-02-14,18:05:00,вівторок,місто,Львів,Шевченківський,вулиця,"Мазепи І., гетьм.",25,,наїзд на пішохода - пішохід рухався у попутному напрямку,порушення правил маневрування,2,без ушкоджень,легко травмований,,,,,,,,49.873059,24.040387,,,,,,,,,,,
2023-02-13,19:44:00,понеділок,місто,Львів,Личаківський,вулиця,Богданівська,,вул. Богданівська - вул. Кривчицька Дорога,зіткнення бокове,порушення правил проїзду перехресть,3,без ушкоджень,без ушкоджень,легко травмований,,,,,,,49.847994,24.084622,,,,,,,,,,,
2023-01-21,15:27:00,субота,місто,Львів,Сихівський,вулиця,Стрийська,35,,зіткнення бокове,"недодержання дистанції, перевищення безпечної швидкості",3,без ушкоджень,без ушкоджень,легко травмований,,,,,,,49.816084,24.019922,,,,,,,,,,,
2023-01-22,18:01:00,неділя,місто,Львів,Шевченківський,вулиця,Липинського В.,11,,наїзд на велосипедиста - на велосипедній доріжці,порушення правил маневрування,2,без ушкоджень,легко травмований,,,,,,,,49.858204,24.024262,,,,,,,,,,,
2023-01-24,10:26:00,вівторок,місто,Львів,Шевченківський,вулиця,Шевченка Т.,400,,наїзд на пішохода - пішохід рухався у попутному напрямку,управління несправним транспортним засобом,1,тяжко травмований,,,,,,,,,49.872129,23.95019,,,,,,,,,,,
2023-02-03,14:29:00,п'ятниця,місто,Львів,Залізничний,вулиця,Гніздовського Я.,4,,наїзд на пішохода - на нерегульованому пішохідному переході,"порушення правил маневрування, порушення правил проїзду пішохідних переходів",2,без ушкоджень,тяжко травмований,,,,,,,,49.839048,23.969604,,,,,,,,,,,
2023-01-13,11:20:00,п'ятниця,місто,Львів,Франківський,вулиця,Володимира Великого,,вул. Володимира Великого - вул. Княгині Ольги,наїзд на пішохода - пішохід рухався у попутному напрямку,порушення правил проїзду пішохідних переходів,2,без ушкоджень,легко травмований,,,,,,,,49.810642,23.999312,,,,,,,,,,,
2023-01-13,17:21:00,п'ятниця,місто,Львів,Шевченківський,вулиця,"Мазепи І., гетьм.",1б,,зіткнення бокове,порушення правил маневрування,2,без ушкоджень,помер на місці дтп,,,,,,,,49.869449,24.023345,,,,,,,,,,,
2023-01-12,0:02:00,четвер,місто,Львів,Шевченківський,вулиця,Величковського І.,32,,наїзд на пішохода - пішохід рухався у попутному напрямку,порушення правил маневрування,2,без ушкоджень,легко травмований,,,,,,,,49.877014,23.933909,,,,,,,,,,,
2023-01-16,15:35:00,понеділок,місто,Львів,Залізничний,вулиця,Городоцька,300,,наїзд на пішохода - на нерегульованому пішохідному переході,порушення правил проїзду пішохідних переходів,2,без ушкоджень,тяжко травмований,,,,,,,,49.821566,23.918674,,,,,,,,,,,
2023-01-31,18:17:00,вівторок,місто,Львів,Франківський,вулиця,Симоненка В.,,вул. Симоненка В. - вул. Володимира Великого,наїзд на пішохода - на нерегульованому пішохідному переході,порушення правил проїзду пішохідних переходів,2,без ушкоджень,легко травмований,,,,,,,,49.811494,23.989162,,,,,,,,,,,
2023-01-16,19:24:00,понеділок,місто,Львів,Сихівський,проспект,"Червоної Калини, просп.",7,,наїзд на пішохода - на нерегульованому пішохідному переході,"перехід у невстановленому місці, неочікуваний вихід на проїзну частину",2,без ушкоджень,тяжко травмований,,,,,,,,49.813,24.045757,,,,,,,,,,,
2023-01-31,13:56:00,вівторок,місто,Львів,Шевченківський,проспект,"Чорновола В., просп.",105,,зіткнення бокове,"порушення правил надання безперешкодного проїзду, порушення правил проїзду перехресть",3,без ушкоджень,без ушкоджень,легко травмований,,,,,,,49.867071,24.015663,,,,,,,,,,,
2023-01-13,14:13:00,п'ятниця,місто,Львів,Галицький,площа,"Міцкевича А., пл.",4,,наїзд на пішохода - пішохід рухався у попутному напрямку,"перехід у невстановленому місці, неочікуваний вихід на проїзну частину",2,без ушкоджень,тяжко травмований,,,,,,,,49.839176,24.030141,,,,,,,,,,,
2023-01-12,11:22:00,четвер,місто,Львів,Залізничний,вулиця,Хотинська,2,,наїзд на пішохода - пішохід рухався у попутному напрямку,порушення правил проїзду пішохідних переходів,2,без ушкоджень,тяжко травмований,,,,,,,,49.837931,24.004864,,,,,,,,,,,
2023-01-17,21:22:00,вівторок,село,Рясне-Руське,Залізничний,площа,Центральна,1,,зіткнення бокове,"порушення правил маневрування, перевищення безпечної швидкості",2,без ушкоджень,легко травмований,,,,,,,,49.87365,23.905206,,,,,,,,,,,
2023-02-02,6:33:00,четвер,місто,Львів,Шевченківський,вулиця,Липинського В.,225,,наїзд на пішохода - на нерегульованому пішохідному переході,порушення правил маневрування,2,без ушкоджень,легко травмований,,,,,,,,49.864913,24.051354,,,,,,,,,,,
2023-01-21,14:49:00,субота,місто,Львів,Франківський,вулиця,Кобилиці Л.,,вул. Кобилиці Л. - вул. Княгині Ольги,зіткнення бокове,порушення правил маневрування,2,без ушкоджень,легко травмований,,,,,,,,49.815887,24.001957,,,,,,,,,,,
2023-02-11,22:50:00,субота,місто,Львів,Личаківський,вулиця,Пасічна,102,,зіткнення бокове,"виїзд на смугу зустрічного руху, недодержання дистанції, керування транспортним засобом у нетверезому стані, невиконання вимог сигналів регулювання",3,без ушкоджень,без ушкоджень,легко травмований,,,,,,,49.815544,24.077756,,,,,,,,,,,
2023-01-21,19:50:00,субота,місто,Львів,Залізничний,вулиця,Сяйво,8,,наїзд на пішохода - пішохід рухався у попутному напрямку,недодержання дистанції,2,без ушкоджень,легко травмований,,,,,,,,49.836605,23.977098,,,,,,,,,,,
2023-01-05,7:54:00,четвер,місто,Львів,Франківський,вулиця,Городоцька,177,,наїзд на пішохода - пішохід переходив дорогу поза межами піш.переходу,перехід у невстановленому місці,2,без ушкоджень,легко травмований,,,,,,,,49.835529,23.995847,,,,,,,,,,,
2023-01-13,8:40:00,п'ятниця,місто,Львів,Сихівський,вулиця,Стуса В.,57а,,наїзд на інші види перешкод,"перевищення безпечної швидкості, порушення правил маневрування",2,без ушкоджень,легко травмований,,,,,,,,49.817105,24.045124,,,,,,,,,,,
2023-01-03,20:30:00,вівторок,місто,Львів,Шевченківський,вулиця,Шевченка Т.,136,,наїзд на пішохода - пішохід переходив дорогу поза межами піш.переходу,"неочікуваний вихід на проїзну частину, перехід у невстановленому місці",2,без ушкоджень,тяжко травмований,,,,,,,,49.851456,23.99089,,,,,,,,,,,
2023-01-30,12:58:00,понеділок,місто,Львів,Личаківський,вулиця,Хмельницького Б.,294,,наїзд на пішохода - на нерегульованому пішохідному переході,порушення правил проїзду пішохідних переходів,2,без ушкоджень,легко травмований,,,,,,,,49.873705,24.060665,,,,,,,,,,,
2023-01-25,17:57:00,середа,місто,Львів,Франківський,вулиця,Коновальця Є.,30,,наїзд на пішохода - пішохід рухався у попутному напрямку,порушення правил маневрування,2,без ушкоджень,тяжко травмований,,,,,,,,49.832322,24.005958,,,,,,,,,,,
2023-01-24,20:20:00,вівторок,місто,Львів,Шевченківський,вулиця,Леонтовича М.,1,,наїзд на пішохода - на нерегульованому пішохідному переході,порушення правил проїзду пішохідних переходів,2,без ушкоджень,легко травмований,,,,,,,,49.842957,24.018517,,,,,,,,,,,
2023-02-10,8:26:00,п'ятниця,місто,Львів,Франківський,вулиця,Володимира Великого,33,,наїзд на пішохода - на нерегульованому пішохідному переході,порушення правил проїзду пішохідних переходів,2,без ушкоджень,легко травмований,,,,,,,,49.808853,24.008024,,,,,,,,,,,
2023-01-25,10:50:00,середа,місто,Львів,Франківський,вулиця,Бандери С.,75,,зіткнення бокове,недодержання дистанції,2,без ушкоджень,легко травмований,,,,,,,,49.834976,24.006672,,,,,,,,,,,
2023-01-20,19:52:00,п'ятниця,місто,Львів,Франківський,вулиця,Кульпарківська,4,,наїзд на пішохода - на нерегульованому пішохідному переході,неочікуваний вихід на проїзну частину,2,без ушкоджень,легко травмований,,,,,,,,49.832858,23.990766,,,,,,,,,,,
2023-01-16,9:22:00,понеділок,місто,Львів,Сихівський,вулиця,Чукаріна В.,28,,падіння пасажира,порушення правил маневрування,2,без ушкоджень,легко травмований,,,,,,,,49.799612,24.041911,,,,,,,,,,,
2023-01-04,22:21:00,середа,місто,Львів,Франківський,вулиця,Наукова,,вул. Наукова - вул. Симоненка В.,наїзд на пішохода - на нерегульованому пішохідному переході,порушення правил проїзду пішохідних переходів,2,без ушкоджень,легко травмований,,,,,,,,49.80539,23.986867,,,,,,,,,,,
2023-01-23,9:46:00,понеділок,місто,Львів,Залізничний,вулиця,Любінська,91в,,наїзд на пішохода - пішохід рухався у попутному напрямку,порушення правил маневрування,2,без ушкоджень,помер у лікарні протягом 30 діб,,,,,,,,49.821431,23.975022,,,,,,,,,,,
2023-01-18,22:58:00,середа,місто,Львів,Шевченківський,вулиця,Миколайчука І.,9,,наїзд на пішохода - пішохід рухався у попутному напрямку,порушення правил маневрування,2,без ушкоджень,тяжко травмований,,,,,,,,49.874628,24.041487,,,,,,,,,,,
2023-02-13,12:44:00,понеділок,місто,Львів,Галицький,вулиця,Бандери С.,5,,наїзд на пішохода - пішохід рухався у попутному напрямку,порушення правил маневрування,2,без ушкоджень,легко травмований,,,,,,,,49.834747,24.01812,,,,,,,,,,,
2023-01-27,12:29:00,п'ятниця,місто,Львів,Галицький,проспект,"Свободи, просп.",35,,наїзд на пішохода - на нерегульованому пішохідному переході,порушення правил проїзду пішохідних переходів,2,без ушкоджень,легко травмований,,,,,,,,49.842978,24.026392,,,,,,,,,,,
2023-01-14,19:26:00,субота,місто,Львів,Франківський,вулиця,"Чупринки Т., ген.",,"вул. Чупринки Т., ген. - вул. Київська",зіткнення бокове,"порушення правил маневрування, недодержання дистанції",2,без ушкоджень,легко травмований,,,,,,,,49.832353,24.012063,,,,,,,,,,,
2023-02-10,21:15:00,п'ятниця,місто,Львів,Франківський,вулиця,Стрийська,150,,зіткнення бокове,"недодержання дистанції, керування транспортним засобом у нетверезому стані, перевищення безпечної швидкості, порушення правил маневрування",3,без ушкоджень,без ушкоджень,легко травмований,,,,,,,49.80308324275269,24.01818423228241,,,,,,,,,,,
2023-01-25,18:30:00,середа,місто,Львів,Залізничний,вулиця,Городоцька,280,,наїзд на пішохода - на нерегульованому пішохідному переході,"перевищення безпечної швидкості, недодержання дистанції",2,без ушкоджень,легко травмований,,,,,,,,49.824211,23.930583,,,,,,,,,,,
2023-01-10,20:36:00,вівторок,місто,Львів,Шевченківський,вулиця,Брюховицька,184,,наїзд на пішохода - пішохід рухався у попутному напрямку,порушення правил маневрування,2,без ушкоджень,легко травмований,,,,,,,,49.873799,23.952035,,,,,,,,,,,
2023-02-04,20:38:00,субота,місто,Львів,Залізничний,вулиця,Виговського І.,13,,наїзд на пішохода - пішохід рухався у попутному напрямку,перехід у невстановленому місці,2,без ушкоджень,легко травмований,,,,,,,,49.827391,23.967909,,,,,,,,,,,
2023-01-15,11:35:00,неділя,місто,Львів,Галицький,вулиця,Городоцька,30,,падіння пасажира,порушення правил маневрування,2,без ушкоджень,тяжко травмований,,,,,,,,49.842843,24.01923,,,,,,,,,,,
2023-01-20,17:35:00,п'ятниця,село,Підбірці,Личаківський,вулиця,Тракт-Глинянський,1а,,зіткнення бокове,порушення правил маневрування,2,без ушкоджень,легко травмований,,,,,,,,49.842044,24.141324,,,,,,,,,,,
2023-04-23,10:39:00,неділя,місто,Львів,Галицький,вулиця,Свєнціцького І.,18,,наїзд на велосипедиста - велосипедист рухався у попутному напрямку,порушення правил маневрування,2,без ушкоджень,легко травмований,,,,,,,,49.824785,24.035935,,,,,,,,,,,
2023-04-16,8:17:00,неділя,місто,Львів,Личаківський,вулиця,Лисенка М.,15,,зіткнення бокове,порушення правил маневрування,2,без ушкоджень,легко травмований,,,,,,,,49.843462,24.040076,,,,,,,,,,,
2023-04-24,16:01:00,понеділок,місто,Львів,Залізничний,вулиця,Левандівська,5,,зіткнення бокове,недодержання дистанції,2,без ушкоджень,тяжко травмований,,,,,,,,49.846403,23.990005,,,,,,,,,,,
2023-05-06,19:12:00,субота,місто,Львів,Шевченківський,вулиця,Липинського В.,,,зіткнення бокове,порушення правил маневрування,3,без ушкоджень,без ушкоджень,легко травмований,,,,,,,49.860079,24.026842,,,,,,,,,,,
2023-05-09,17:46:00,вівторок,місто,Львів,Залізничний,вулиця,Гніздовського Я.,4,,наїзд на пішохода - на регульованому пішохідному переході,"перевищення безпечної швидкості, недодержання дистанції",2,без ушкоджень,помер у лікарні протягом 30 діб,,,,,,,,49.841411,23.969271,,,,,,,,,,,
2023-05-08,15:35:00,понеділок,місто,Львів,Франківський,вулиця,Героїв УПА,73,,зіткнення бокове,"порушення правил маневрування, перевищення безпечної швидкості",4,без ушкоджень,без ушкоджень,без ушкоджень,легко травмований,,,,,,49.829114,23.992483,,,,,,,,,,,
2023-04-18,17:50:00,вівторок,місто,Львів,Галицький,вулиця,Бандери С.,28а,,наїзд на пішохода - пішохід рухався у попутному напрямку,порушення правил маневрування,2,без ушкоджень,легко травмований,,,,,,,,49.834841,24.008764,,,,,,,,,,,
2023-04-17,22:25:00,понеділок,місто,Львів,Франківський,вулиця,Городоцька,155,,падіння пасажира,порушення правил маневрування,2,без ушкоджень,тяжко травмований,,,,,,,,49.836128,23.99929,,,,,,,,,,,
2023-05-10,11:18:00,середа,місто,Львів,Франківський,вулиця,Наукова,35,,зіткнення бокове,порушення правил маневрування,2,без ушкоджень,легко травмований,,,,,,,,49.803947,23.997123,,,,,,,,,,,
2023-05-06,13:26:00,субота,місто,Львів,Франківський,вулиця,"Чупринки Т., ген.",38,,наїзд на пішохода - на регульованому пішохідному переході,порушення правил проїзду пішохідних переходів,2,без ушкоджень,легко травмований,,,,,,,,49.832336,24.011972,,,,,,,,,,,