accidentDate,accidentTime,accidentDay,settlementType,settlement,district,streetType,streetName,houseNumber,locationComments,accidentType,mainAccidentCause,totalParticipantsAmount,injuryStatusParticipant1,injuryStatusParticipant2,injuryStatusParticipant3,injuryStatusParticipant4,injuryStatusParticipant5,injuryStatusParticipant6,injuryStatusParticipant7,injuryStatusParticipant8,injuryStatusParticipant9,latitude,longitude,injuryStatusParticipant10,injuryStatusParticipant11,injuryStatusParticipant12,injuryStatusParticipant13,injuryStatusParticipant14,injuryStatusParticipant15,injuryStatusParticipant16,injuryStatusParticipant17,injuryStatusParticipant18,injuryStatusParticipant19,injuryStatusParticipant20
2023-08-15,17:50:00,вівторок,місто,Львів,Галицький,проспект,"Чорновола В., просп.",15,,наїзд на пішохода - на нерегульованому пішохідному переході,порушення правил проїзду зупинок громадського транспорту,2,без ушкоджень,легко травмований,,,,,,,,49.846987,24.025533,,,,,,,,,,,
2023-08-22,21:51:00,вівторок,місто,Львів,Залізничний,вулиця,Сяйво,,електроопора 13,наїзд на інші види перешкод,"перевищення безпечної швидкості, керування транспортним засобом у нетверезому стані",1,легко травмований,,,,,,,,,49.83986349983882,23.977971870181268,,,,,,,,,,,
2023-08-23,11:03:00,середа,місто,Львів,Залізничний,вулиця,Виговського І.,100,,наїзд на пішохода - пішохід на зупинці громадського транспорту,порушення правил маневрування,2,без ушкоджень,легко травмований,,,,,,,,49.813252,23.977452,,,,,,,,,,,
2023-07-28,18:20:00,п'ятниця,місто,Львів,Сихівський,вулиця,Стрийська,143в,,перекидання тз,перевищення безпечної швидкості,1,легко травмований,,,,,,,,,49.797489,24.017202,,,,,,,,,,,
2023-08-25,18:17:00,п'ятниця,місто,Львів,Галицький,площа,"Данила Галицького, пл.",2,,падіння пасажира,порушення правил маневрування,2,без ушкоджень,легко травмований,,,,,,,,49.844182,24.032185,,,,,,,,,,,
2023-08-26,21:58:00,субота,місто,Львів,Франківський,вулиця,Володимира Великого,89,,зіткнення з задньою частиною тз,порушення правил маневрування,3,без ушкоджень,без ушкоджень,легко травмований,,,,,,,49.807866,23.99244,,,,,,,,,,,
2023-08-23,14:40:00,середа,село,Малехів,Шевченківський,вулиця,Дороша Тараса,68,,зіткнення лобове,порушення правил маневрування,2,без ушкоджень,легко травмований,,,,,,,,49.877009,24.074186,,,,,,,,,,,
2023-08-12,21:50:00,субота,місто,Львів,Шевченківський,проспект,"Чорновола В., просп.",14,,перекидання тз,порушення правил маневрування,1,легко травмований,,,,,,,,,49.847019,24.025571,,,,,,,,,,,
2023-08-25,12:05:00,п'ятниця,місто,Львів,Шевченківський,проспект,"Чорновола В., просп.",45,,наїзд на велосипедиста - поза межами велосипедної доріжки,невиконання вимог сигналів регулювання,2,без ушкоджень,легко травмований,,,,,,,,49.85266,24.023479,,,,,,,,,,,
2023-07-27,22:29:00,четвер,місто,Львів,Личаківський,вулиця,Зелена,105,,наїзд на пішохода - пішохід рухався у попутному напрямку,порушення правил маневрування,2,без ушкоджень,легко травмований,,,,,,,,49.824927,24.050311,,,,,,,,,,,
2023-07-28,19:01:00,п'ятниця,місто,Львів,Галицький,вулиця,Свєнціцького І.,10,,падіння пасажира,порушення правил перевезення пасажирів,2,без ушкоджень,легко травмований,,,,,,,,49.825657,24.035382,,,,,,,,,,,
2023-08-15,0:02:00,вівторок,місто,Львів,Сихівський,проспект,"Червоної Калини, просп.",,просп. Червоної Калини - просп. Святого Івана Павла ІІ,наїзд на інші види перешкод,"перевищення безпечної швидкості, недодержання дистанції",1,легко травмований,,,,,,,,,49.799633,24.047914,,,,,,,,,,,
2023-08-04,22:05:00,п'ятниця,місто,Львів,Залізничний,вулиця,Левандівська,,,наїзд на пішохода - на нерегульованому пішохідному переході,порушення правил проїзду пішохідних переходів,2,легко травмований,легко травмований,,,,,,,,49.847229,23.99159,,,,,,,,,,,
2023-08-13,20:55:00,неділя,місто,Львів,Шевченківський,проспект,"Чорновола В., просп.",93,,наїзд на пішохода - на нерегульованому пішохідному переході,порушення правил маневрування,2,без ушкоджень,легко травмований,,,,,,,,49.863571,24.017825,,,,,,,,,,,
2023-08-17,15:20:00,четвер,місто,Львів,Залізничний,вулиця,Чорнобаївська,29,,наїзд на велосипедиста - поза межами велосипедної доріжки,порушення правил маневрування,2,без ушкоджень,легко травмований,,,,,,,,49.819528,23.969244,,,,,,,,,,,
2023-08-12,17:20:00,субота,село,Великі Грибовичі,Шевченківський,вулиця,Дублянська,106,,наїзд на інші види перешкод,перевищення безпечної швидкості,1,легко травмований,,,,,,,,,49.910526,24.066843,,,,,,,,,,,
2023-07-27,11:50:00,четвер,місто,Львів,Галицький,проспект,"Свободи, просп.",,просп. Свободи - вул. Дорошенка П.,наїзд на пішохода - на нерегульованому пішохідному переході,пішоходи невиконання вимог сигналів регулювання,2,без ушкоджень,легко травмований,,,,,,,,49.84041,24.02772,,,,,,,,,,,
2023-08-19,21:08:00,субота,село,Великі Грибовичі,Шевченківський,вулиця,Львівська,2,,наїзд на пішохода - на нерегульованому пішохідному переході,порушення правил проїзду пішохідних переходів,2,без ушкоджень,легко травмований,,,,,,,,49.911115,24.053976,,,,,,,,,,,
2023-08-13,23:10:00,неділя,місто,Львів,Залізничний,вулиця,Кульпарківська,226,,зіткнення бокове,"недодержання дистанції, керування транспортним засобом у нетверезому стані, перевищення безпечної швидкості, порушення правил маневрування",2,без ушкоджень,легко травмований,,,,,,,,49.804729,23.981159,,,,,,,,,,,
2023-08-14,19:54:00,понеділок,місто,Львів,Сихівський,проспект,"Червоної Калини, просп.",59,,наїзд на пішохода - на нерегульованому пішохідному переході,порушення правил маневрування,2,без ушкоджень,легко травмований,,,,,,,,49.796464,24.053664,,,,,,,,,,,
2023-08-15,13:50:00,вівторок,місто,Львів,Шевченківський,вулиця,Липинського В.,58,,наїзд на велосипедиста - велосипедист рухався у попутному напрямку,порушення правил проїзду перехресть,2,без ушкоджень,легко травмований,,,,,,,,49.865238,24.048509,,,,,,,,,,,
2023-08-05,18:15:00,субота,місто,Львів,Залізничний,вулиця,Городоцька,,вул. Городоцька - вул. Ряшівська,зіткнення лобове,невиконання вимог сигналів регулювання,2,без ушкоджень,легко травмований,,,,,,,,49.82817,23.95457,,,,,,,,,,,
2023-08-23,11:20:00,середа,місто,Львів,Сихівський,вулиця,Максимовича М.,61,,зіткнення бокове,порушення правил маневрування,2,без ушкоджень,легко травмований,,,,,,,,49.79383,24.02034,,,,,,,,,,,
2023-08-06,14:25:00,неділя,місто,Львів,Залізничний,вулиця,Кульпарківська,226,,наїзд на пішохода - на нерегульованому пішохідному переході,порушення правил проїзду пішохідних переходів,2,без ушкоджень,легко травмований,,,,,,,,49.804989,23.980891,,,,,,,,,,,
2023-08-05,11:49:00,субота,місто,Львів,Франківський,вулиця,Володимира Великого,55,,наїзд на пішохода - пішохід рухався у попутному напрямку,порушення правил маневрування,2,без ушкоджень,легко травмований,,,,,,,,49.809521,24.002681,,,,,,,,,,,
2023-08-04,17:55:00,п'ятниця,село,Малехів,Шевченківський,вулиця,Сковороди Г.,25,,наїзд на пішохода - пішохід рухався у попутному напрямку,порушення правил маневрування,2,без ушкоджень,легко травмований,,,,,,,,49.886793,24.081791,,,,,,,,,,,
2023-08-16,21:12:00,середа,місто,Львів,Галицький,вулиця,Франка І.,108,,наїзд на пішохода - на нерегульованому пішохідному переході,порушення правил проїзду пішохідних переходів,2,без ушкоджень,тяжко травмований,,,,,,,,49.827034,24.033741,,,,,,,,,,,
2023-08-09,9:35:00,середа,місто,Львів,Сихівський,вулиця,Стрийська,,вул. Стрийська - вул. Мікльоша К.,зіткнення бокове,"перевищення безпечної швидкості, порушення правил проїзду перехресть",2,без ушкоджень,легко травмований,,,,,,,,49.783772,24.014182,,,,,,,,,,,
2023-07-28,8:46:00,п'ятниця,місто,Львів,Сихівський,вулиця,Стрийська,57,,наїзд на пішохода - стояв на проїздній частині,порушення правил маневрування,2,без ушкоджень,легко травмований,,,,,,,,49.798421,24.018527,,,,,,,,,,,
2023-08-17,12:09:00,четвер,місто,Львів,Личаківський,вулиця,Мечникова І.,,вул. Мечникова І. - вул. Шімзерів,наїзд на пішохода - на нерегульованому пішохідному переході,перевищення безпечної швидкості,2,без ушкоджень,легко травмований,,,,,,,,49.834699,24.0527,,,,,,,,,,,
2023-08-23,13:40:00,середа,місто,Львів,Франківський,вулиця,Кульпарківська,34,,зіткнення бокове,порушення правил маневрування,3,без ушкоджень,легко травмований,легко травмований,,,,,,,49.830491,23.99052,,,,,,,,,,,
2023-07-26,18:37:00,середа,місто,Львів,Сихівський,вулиця,Луганська,,вул. Луганська - вул. Стрийська,зіткнення бокове,порушення правил проїзду перехресть,3,без ушкоджень,легко травмований,легко травмований,,,,,,,49.811883,24.022044,,,,,,,,,,,
2023-08-28,8:50:00,понеділок,місто,Львів,Залізничний,вулиця,Городоцька,82,,наїзд на пішохода - пішохід рухався у попутному напрямку,порушення правил маневрування,2,без ушкоджень,легко травмований,,,,,,,,49.838328,24.006886,,,,,,,,,,,
2023-06-30,18:01:00,п'ятниця,місто,Львів,Франківський,вулиця,Кульпарківська,,,наїзд на пішохода - пішохід на тротуарі чи велосипедній доріжці,порушення правил маневрування,2,без ушкоджень,легко травмований,,,,,,,,49.82638,23.989415,,,,,,,,,,,
2023-08-18,15:05:00,п'ятниця,місто,Львів,Сихівський,проспект,"Червоної Калини, просп.",53,,зіткнення бокове,порушення правил маневрування,2,без ушкоджень,легко травмований,,,,,,,,49.798265,24.050794,,,,,,,,,,,
2023-07-28,11:04:00,п'ятниця,місто,Львів,Залізничний,вулиця,Виговського І.,32,,зіткнення бокове,порушення правил маневрування,2,без ушкоджень,легко травмований,,,,,,,,49.825013,23.96763,,,,,,,,,,,
2023-07-28,19:28:00,п'ятниця,місто,Львів,Сихівський,вулиця,Стрийська,57,,зіткнення бокове,"порушення правил маневрування, порушення правил проїзду перехресть",2,без ушкоджень,легко травмований,,,,,,,,49.797393,24.017393,,,,,,,,,,,
2023-08-03,13:13:00,четвер,місто,Львів,Сихівський,вулиця,Сихівська,14,,зіткнення лобове,невиконання вимог сигналів регулювання,2,без ушкоджень,легко травмований,,,,,,,,49.796281,24.063358,,,,,,,,,,,
2023-08-23,22:23:00,середа,місто,Львів,Залізничний,вулиця,Шевченка Т.,19,,наїзд на пішохода - на нерегульованому пішохідному переході,"порушення правил маневрування, керування транспортним засобом у нетверезому стані",2,без ушкоджень,легко травмований,,,,,,,,49.845462,24.008131,,,,,,,,,,,
2023-08-04,17:26:00,п'ятниця,місто,Львів,Шевченківський,вулиця,Промислова,25,,наїзд на пішохода - на нерегульованому пішохідному переході,неочікуваний вихід на проїзну частину,2,без ушкоджень,легко травмований,,,,,,,,49.857458,24.042452,,,,,,,,,,,
2023-08-23,8:35:00,середа,місто,Львів,Франківський,вулиця,Кульпарківська,141,,наїзд на велосипедиста - на велосипедній доріжці,порушення правил маневрування,2,без ушкоджень,легко травмований,,,,,,,,49.8046,23.98183,,,,,,,,,,,
2023-08-01,15:01:00,вівторок,місто,Львів,Галицький,вулиця,Шептицьких,43,,наїзд на пішохода - пішохід рухався у попутному напрямку,порушення правил маневрування,2,без ушкоджень,легко травмований,,,,,,,,49.836823,24.006522,,,,,,,,,,,
2023-08-14,20:57:00,понеділок,місто,Львів,Галицький,вулиця,Франка І.,66,,перекидання тз,перевищення безпечної швидкості,1,легко травмований,,,,,,,,,49.8304161288526,24.0317238404565,,,,,,,,,,,
2023-08-03,8:01:00,четвер,місто,Львів,Залізничний,вулиця,Городоцька,282а,,зіткнення лобове,порушення правил проїзду перехресть,4,без ушкоджень,легко травмований,легко травмований,легко травмований,,,,,,49.823418,23.9295,,,,,,,,,,,
2023-08-04,17:36:00,п'ятниця,місто,Львів,Сихівський,вулиця,Луганська,,вул. Луганська - вул. Стрийська,зіткнення бокове,порушення правил маневрування,2,без ушкоджень,легко травмований,,,,,,,,49.812134,24.021976,,,,,,,,,,,
2023-08-13,20:30:00,неділя,місто,Львів,Галицький,вулиця,Коперника М.,,вул. Коперника - вул. Бандери С.,наїзд на велосипедиста - велосипедист рухався у попутному напрямку,порушення правил проїзду перехресть,2,без ушкоджень,легко травмований,,,,,,,,49.834564,24.02019,,,,,,,,,,,
2023-08-07,16:19:00,понеділок,місто,Львів,Франківський,вулиця,"Чупринки Т., ген.",18,,наїзд на пішохода - на нерегульованому пішохідному переході,порушення правил маневрування,2,без ушкоджень,легко травмований,,,,,,,,49.830287,45558.0,,,,,,,,,,,
2023-08-21,18:01:00,понеділок,місто,Львів,Франківський,вулиця,Кульпарківська,36,,наїзд на пішохода - на нерегульованому пішохідному переході,порушення правил проїзду пішохідних переходів,2,без ушкоджень,легко травмований,,,,,,,,49.829842,23.990334,,,,,,,,,,,
2023-07-24,19:34:00,понеділок,місто,Львів,Шевченківський,вулиця,Тесленка А.,,вул. Тесленка А. - вул. Замарстинівська,наїзд на пішохода - на нерегульованому пішохідному переході,"порушення правил проїзду пішохідних переходів, порушення правил проїзду перехресть",2,без ушкоджень,легко травмований,,,,,,,,49.852705,24.027759,,,,,,,,,,,
2023-08-01,22:50:00,вівторок,місто,Львів,Сихівський,проспект,"Червоної Калини, просп.",,просп. Червоної Калини - вул. Луганська,наїзд на пішохода - на нерегульованому пішохідному переході,неочікуваний вихід на проїзну частину,3,без ушкоджень,без ушкоджень,легко травмований,,,,,,,49.808162,24.046465,,,,,,,,,,,
2023-08-20,13:10:00,неділя,місто,Львів,Шевченківський,вулиця,Під Голоском,8,,наїзд на велосипедиста - велосипедист рухався у попутному напрямку,порушення правил маневрування,2,без ушкоджень,легко травмований,,,,,,,,49.868717,24.01456,,,,,,,,,,,
2023-08-23,14:46:00,середа,місто,Львів,Шевченківський,вулиця,Тичини П.,,,зіткнення з задньою частиною тз,неочікуваний вихід на проїзну частину,2,без ушкоджень,легко травмований,,,,,,,,49.870576,24.033432,,,,,,,,,,,
2023-08-08,22:13:00,вівторок,місто,Львів,Личаківський,вулиця,Личаківська,58,,наїзд на пішохода - на нерегульованому пішохідному переході,порушення правил маневрування,2,без ушкоджень,легко травмований,,,,,,,,49.839885,24.049603,,,,,,,,,,,
2023-08-08,14:31:00,вівторок,місто,Львів,Франківський,вулиця,Стрийська,98,,наїзд на пішохода - пішохід рухався у попутному напрямку,порушення правил маневрування,2,без ушкоджень,легко травмований,,,,,,,,49.812684,24.018076,,,,,,,,,,,
2023-07-29,14:50:00,субота,місто,Львів,Сихівський,вулиця,Стрийська,107,,наїзд на пішохода - на нерегульованому пішохідному переході,порушення правил проїзду пішохідних переходів,2,без ушкоджень,легко травмований,,,,,,,,49.787114,24.014853,,,,,,,,,,,
2023-08-21,19:10:00,понеділок,село,Завадів,Шевченківський,вулиця,Шевченка Т.,12,,наїзд на пішохода - пішохід на тротуарі чи велосипедній доріжці,"перевищення безпечної швидкості, недодержання дистанції, порушення правил маневрування",2,без ушкоджень,легко травмований,,,,,,,,49.945388,23.982397,,,,,,,,,,,
2023-08-09,15:01:00,середа,місто,Львів,Личаківський,вулиця,Богданівська,,вул. Богданівська - вул. Глинянський Тракт,наїзд на велосипедиста - велосипедист рухався у попутному напрямку,"порушення правил проїзду перехресть, порушення правил маневрування",2,без ушкоджень,легко травмований,,,,,,,,49.840381,24.085558,,,,,,,,,,,
2023-08-27,16:22:00,неділя,місто,Львів,Залізничний,вулиця,Патона Є.,1,,зіткнення бокове,"порушення правил проїзду перехресть, невиконання вимог сигналів регулювання",2,без ушкоджень,легко травмований,,,,,,,,49.824467,23.949219,,,,,,,,,,,
2023-08-12,15:56:00,субота,місто,Львів,Сихівський,вулиця,Пасічна,,вул. Пасічна - вул. Пирогівка,зіткнення бокове,невиконання вимог сигналів регулювання,2,без ушкоджень,легко травмований,,,,,,,,49.805266,24.075946,,,,,,,,,,,
2023-08-28,19:55:00,понеділок,місто,Львів,Шевченківський,вулиця,"Мазепи І., гетьм.",25е,,зіткнення бокове,порушення правил маневрування,2,без ушкоджень,легко травмований,,,,,,,,49.871365,24.036702,,,,,,,,,,,
2023-07-27,17:55:00,четвер,місто,Львів,Сихівський,вулиця,Стрийська,61,,зіткнення бокове,порушення правил маневрування,2,без ушкоджень,легко травмований,,,,,,,,49.795384,24.01665,,,,,,,,,,,
2023-08-05,22:02:00,субота,місто,Львів,Личаківський,вулиця,Левицького К.,48,,наїзд на пішохода - пішохід рухався у попутному напрямку,порушення правил маневрування,2,без ушкоджень,легко травмований,,,,,,,,49.83373,24.04076,,,,,,,,,,,
2023-08-13,17:59:00,неділя,місто,Львів,Залізничний,вулиця,Караджича В.,16,,наїзд на пішохода - пішохід рухався у зустрічному напрямку,порушення правил маневрування,2,без ушкоджень,легко травмований,,,,,,,,49.823567,23.973348,,,,,,,,,,,
2023-08-03,11:01:00,четвер,село,Малехів,Шевченківський,вулиця,Київська,16,,зіткнення з задньою частиною тз,"перевищення безпечної швидкості, недодержання дистанції",4,без ушкоджень,без ушкоджень,без ушкоджень,легко травмований,,,,,,49.886253,24.079039,,,,,,,,,,,
2023-08-14,21:14:00,понеділок,місто,Львів,Франківський,вулиця,Стрийська,,,наїзд на пішохода - на нерегульованому пішохідному переході,порушення правил маневрування,2,без ушкоджень,легко травмований,,,,,,,,49.824543,24.020727,,,,,,,,,,,
2023-08-28,20:42:00,понеділок,місто,Львів,Галицький,вулиця,Замарстинівська,16,,зіткнення бокове,порушення правил проїзду перехресть,5,без ушкоджень,без ушкоджень,легко травмований,легко травмований,легко травмований,,,,,49.848931,24.027405,,,,,,,,,,,
2023-08-28,12:47:00,понеділок,місто,Львів,Залізничний,вулиця,Городоцька,82,,наїзд на пішохода - пішохід на тротуарі чи велосипедній доріжці,порушення правил маневрування,2,без ушкоджень,легко травмований,,,,,,,,49.838242,24.007047,,,,,,,,,,,
2023-08-28,18:18:00,понеділок,місто,Львів,Личаківський,вулиця,Іванова гора,3,,перекидання тз,"перевищення безпечної швидкості, керування транспортним засобом у нетверезому стані",2,легко травмований,тяжко травмований,,,,,,,,49.842957,24.083405,,,,,,,,,,,
2023-07-27,14:56:00,четвер,місто,Львів,Личаківський,вулиця,Личаківська,,"вул. Личаківська - вул. Бобанича Т. ""Хаммера""",падіння пасажира,порушення правил проїзду перехресть,3,без ушкоджень,без ушкоджень,легко травмований,,,,,,,49.839813,24.039235,,,,,,,,,,,
2023-07-31,19:20:00,понеділок,місто,Львів,Сихівський,вулиця,Стрийська,109,,зіткнення бокове,порушення правил маневрування,3,без ушкоджень,без ушкоджень,легко травмований,,,,,,,49.787093,24.014858,,,,,,,,,,,
2023-08-01,12:40:00,вівторок,місто,Львів,Шевченківський,вулиця,Шевченка Т.,264,,наїзд на пішохода - на нерегульованому пішохідному переході,порушення правил проїзду пішохідних переходів,2,без ушкоджень,легко травмований,,,,,,,,49.861469,23.966896,,,,,,,,,,,
2023-08-28,23:25:00,понеділок,місто,Львів,Сихівський,проспект,"Червоної Калини, просп.",52,,наїзд на пішохода - пішохід рухався у попутному напрямку,порушення правил проїзду пішохідних переходів,2,без ушкоджень,легко травмований,,,,,,,,49.796243,24.052033,,,,,,,,,,,
2023-08-13,19:32:00,неділя,місто,Львів,Франківський,вулиця,Володимира Великого,52,,наїзд на пішохода - на нерегульованому пішохідному переході,невиконання вимог сигналів регулювання,4,без ушкоджень,легко травмований,легко травмований,легко травмований,,,,,,49.811529,23.989141,,,,,,,,,,,
2023-08-07,23:40:00,понеділок,місто,Львів,Франківський,вулиця,Наукова,112,,наїзд на інші види перешкод,порушення правил маневрування,5,без ушкоджень,без ушкоджень,без ушкоджень,легко травмований,легко травмований,,,,,49.805294,23.985552,,,,,,,,,,,
2023-08-27,21:06:00,неділя,селище,Брюховичі,Шевченківський,вулиця,Курортна,,,зіткнення з задньою частиною тз,"керування транспортним засобом у нетверезому стані, недодержання дистанції",6,без ушкоджень,без ушкоджень,без ушкоджень,легко травмований,легко травмований,легко травмований,,,,49.907038,23.949318,,,,,,,,,,,
2023-08-01,8:55:00,вівторок,місто,Львів,Франківський,вулиця,Кульпарківська,11,,наїзд на пішохода - на нерегульованому пішохідному переході,порушення правил проїзду пішохідних переходів,2,без ушкоджень,легко травмований,,,,,,,,49.833485,23.990669,,,,,,,,,,,
2023-08-02,21:30:00,середа,місто,Львів,Галицький,вулиця,Вітовського Д.,20,,наїзд на пішохода - пішохід переходив дорогу поза межами піш.переходу,неочікуваний вихід на проїзну частину,2,без ушкоджень,легко травмований,,,,,,,,49.829713,24.027872,,,,,,,,,,,
2023-08-24,19:25:00,четвер,місто,Львів,Залізничний,вулиця,Кульпарківська,200а,,наїзд на пішохода - пішохід на тротуарі чи велосипедній доріжці,"порушення правил маневрування, перевищення безпечної швидкості",2,без ушкоджень,легко травмований,,,,,,,,49.811342,23.983219,,,,,,,,,,,
2023-08-18,21:25:00,п'ятниця,місто,Львів,Личаківський,вулиця,Польова,29,,зіткнення бокове,порушення правил маневрування,2,без ушкоджень,легко травмований,,,,,,,,49.857398,24.063765,,,,,,,,,,,
2023-07-31,20:40:00,понеділок,місто,Львів,Галицький,вулиця,Городоцька,87,,наїзд на пішохода - пішохід на тротуарі чи велосипедній доріжці,порушення правил маневрування,2,без ушкоджень,легко травмований,,,,,,,,49.8392,24.00983,,,,,,,,,,,
2023-08-10,8:50:00,четвер,місто,Львів,Франківський,вулиця,Княгині Ольги,114,,зіткнення з задньою частиною тз,"перевищення безпечної швидкості, недодержання дистанції",2,без ушкоджень,легко травмований,,,,,,,,49.806367,23.998598,,,,,,,,,,,
2023-08-04,12:56:00,п'ятниця,місто,Львів,Франківський,вулиця,Наукова,12,,зіткнення лобове,порушення правил маневрування,2,легко травмований,легко травмований,,,,,,,,49.803586,24.002138,,,,,,,,,,,
2023-10-09,8:20:00,понеділок,місто,Львів,Залізничний,вулиця,Городоцька,56,,наїзд на пішохода - на нерегульованому пішохідному переході,невиконання вимог сигналів регулювання,2,без ушкоджень,легко травмований,,,,,,,,49.839737,24.010915,,,,,,,,,,,
2023-10-09,17:40:00,понеділок,село,Зашків,Шевченківський,вулиця,о. Мармаша,,,наїзд на пішохода - пішохід на тротуарі чи велосипедній доріжці,перевищення безпечної швидкості,2,без ушкоджень,легко травмований,,,,,,,,49.952721,23.99699,,,,,,,,,,,
2023-10-26,11:50:00,четвер,місто,Львів,Залізничний,вулиця,Городоцька,112,,наїзд на пішохода - на нерегульованому пішохідному переході,порушення правил проїзду пішохідних переходів,2,без ушкоджень,легко травмований,,,,,,,,49.836896,23.996667,,,,,,,,,,,
2023-10-11,19:45:00,середа,місто,Львів,Галицький,вулиця,Кривоноса М.,29,,наїзд на пішохода - на нерегульованому пішохідному переході,порушення правил проїзду пішохідних переходів,2,без ушкоджень,легко травмований,,,,,,,,49.846527,24.04124,,,,,,,,,,,
2023-10-28,23:36:00,субота,місто,Львів,Шевченківський,вулиця,Миколайчука І.,,"вул. Миколайчука І. - вул. Мазепи І., гетьм",наїзд на пішохода - на нерегульованому пішохідному переході,порушення правил маневрування,2,без ушкоджень,легко травмований,,,,,,,,49.872271,24.042404,,,,,,,,,,,
2023-10-05,9:50:00,четвер,місто,Львів,Сихівський,вулиця,Стуса В.,4,,зіткнення з задньою частиною тз,порушення правил маневрування,2,без ушкоджень,легко травмований,,,,,,,,49.822006,24.0391,,,,,,,,,,,
2023-10-12,13:45:00,четвер,місто,Львів,Личаківський,вулиця,Пекарська,55,,наїзд на велосипедиста - велосипедист рухався у попутному напрямку,порушення правил маневрування,2,без ушкоджень,легко травмований,,,,,,,,49.837533,24.045473,,,,,,,,,,,
2023-10-05,14:12:00,четвер,місто,Львів,Франківський,вулиця,Наукова,,,падіння пасажира,порушення правил маневрування,1,легко травмований,,,,,,,,,49.80387221608627,24.00023691250981,,,,,,,,,,,
2023-10-31,11:46:00,вівторок,місто,Львів,Личаківський,вулиця,Богданівська,44,,зіткнення бокове,порушення правил маневрування,3,без ушкоджень,легко травмований,легко травмований,,,,,,,49.85598,24.075127,,,,,,,,,,,
2023-10-29,21:12:00,неділя,місто,Львів,Сихівський,проспект,"Червоної Калини, просп.",36,,зіткнення з задньою частиною тз,"перевищення безпечної швидкості, недодержання дистанції",3,без ушкоджень,без ушкоджень,легко травмований,,,,,,,49.799723,24.047779,,,,,,,,,,,
2023-10-05,13:01:00,четвер,місто,Львів,Личаківський,вулиця,Пасічна,51,,наїзд на пішохода - пішохід на тротуарі чи велосипедній доріжці,порушення правил проїзду пішохідних переходів,2,без ушкоджень,легко травмований,,,,,,,,49.827803,24.071227,,,,,,,,,,,
2023-10-19,19:53:00,четвер,місто,Львів,Галицький,вулиця,Городоцька,45,,зіткнення з задньою частиною тз,порушення правил маневрування,3,легко травмований,легко травмований,легко травмований,,,,,,,49.842847,24.019552,,,,,,,,,,,
2023-10-21,10:55:00,субота,місто,Львів,Галицький,вулиця,Під Дубом,2,,наїзд на пішохода - на нерегульованому пішохідному переході,порушення правил проїзду перехресть,2,без ушкоджень,легко травмований,,,,,,,,49.850478,24.02526,,,,,,,,,,,
2023-10-14,18:55:00,субота,місто,Львів,Залізничний,вулиця,Городоцька,218,,зіткнення бокове,порушення правил проїзду перехресть,3,без ушкоджень,без ушкоджень,легко травмований,,,,,,,49.828931,23.958607,,,,,,,,,,,
2023-10-24,11:10:00,вівторок,місто,Львів,Шевченківський,вулиця,Шевченка Т.,358б,,наїзд на пішохода - пішохід переходив дорогу поза межами піш.переходу,перевищення безпечної швидкості,2,без ушкоджень,тяжко травмований,,,,,,,,49.868647,23.950281,,,,,,,,,,,
2023-10-17,13:20:00,вівторок,місто,Львів,Залізничний,вулиця,Чернівецька,17,,наїзд на пішохода - пішохід переходив дорогу поза межами піш.переходу,перехід у невстановленому місці,2,без ушкоджень,тяжко травмований,,,,,,,,49.83788,23.99924,,,,,,,,,,,
2023-10-06,12:12:00,п'ятниця,місто,Львів,Франківський,вулиця,Коновальця Є.,73,,наїзд на пішохода - на регульованому пішохідному переході,порушення правил проїзду пішохідних переходів,2,без ушкоджень,легко травмований,,,,,,,,49.829299,24.001561,,,,,,,,,,,
2023-11-01,19:30:00,середа,місто,Львів,Залізничний,площа,"Двірцева, пл.",1,,падіння пасажира,порушення техніки безпеки пасажиром,2,без ушкоджень,легко травмований,,,,,,,,49.839373,23.995535,,,,,,,,,,,
2023-10-20,12:57:00,п'ятниця,місто,Львів,Галицький,вулиця,Під Дубом,,,зіткнення з задньою частиною тз,недодержання дистанції,2,без ушкоджень,легко травмований,,,,,,,,49.850502,24.02445,,,,,,,,,,,
2023-10-25,19:03:00,середа,місто,Львів,Шевченківський,вулиця,Шевченка Т.,386,,зіткнення лобове,порушення правил проїзду перехресть,4,без ушкоджень,без ушкоджень,легко травмований,легко травмований,,,,,,49.870808,23.944831,,,,,,,,,,,
2023-10-06,20:56:00,п'ятниця,місто,Львів,Сихівський,вулиця,Стрийська,,вул. Стрийська - вул. Мікльоша К.,зіткнення з задньою частиною тз,порушення правил проїзду перехресть,3,без ушкоджень,без ушкоджень,легко травмований,,,,,,,49.783744,24.014139,,,,,,,,,,,